phase,requirement,owner,production_boundary,world_identity,world_version,proof_kind,evidence_schema,baseline_digest,scenario_delta,generated_seed,authority_provenance,production_entry,independent_oracle,mutation_control,fault_injection_boundary,retained_failure_artifact,teardown_result,construction_cost,execution_cost,exact_command,matched_test_count,command_result,retained_result_artifact,source_revision,source_digest,source_state_digest,run_nonce,source_identity,font_profile_identity,font_profile_digest,native_profile_identity,native_profile_digest,platform_versions,structural_counters,presented_source_readback,client_area_observation,result,reopen_lineage,final_source,result_artifact_digest
1,P1-AFFINITY-01,worth-ui-runtime,initial delta unchanged affinity,mounted-presentation-world,1,runtime-model,worth-ui-ledger-evidence-v3,1500dfdd4dae40ae38aab3f951756d4d780b70792fea1d70c29e2917c9abca16,stale-predecessor,not-applicable,worth_ui_runtime::mounting::presentation,workspaces/worth-ui/crates/worth-ui-runtime/src/mounting/presentation/work_producer.rs::issue_successor,workspaces/worth-ui/crates/worth-ui-runtime/src/mounting/presentation/work_producer_tests.rs::one_replacement_carries_one_change_and_exact_predecessor_successor_damage,family=affinity;case=stale-predecessor,not-applicable,plans/worth-ui/milestone-3.14.1-evidence/p1-affinity-01.json,not-applicable,main-tests=1;hostile-controls=0;product-processes=0;compile-sessions=0;courtroom-worlds=0,executed-tests=1;presentations=0,python scripts/ci/run_worth_ui_ledger_test.py --manifest-path workspaces/worth-ui/Cargo.toml --package worth-ui-runtime --lib --test-name mounting::presentation::work_producer_tests::one_replacement_carries_one_change_and_exact_predecessor_successor_damage --requirement P1-AFFINITY-01 --source workspaces/worth-ui/crates/worth-ui-runtime/src/mounting/presentation/work_producer.rs --source workspaces/worth-ui/crates/worth-ui-runtime/src/mounting/presentation/work_producer_tests.rs --artifact plans/worth-ui/milestone-3.14.1-evidence/p1-affinity-01.json,1,passed,plans/worth-ui/milestone-3.14.1-evidence/p1-affinity-01.json,ef56a3d58523baa15ae4c253455a01ef16623e06,d6aea58b3118443499026bf6466dd18090ad9f6824306dedc203094fdd51896c,2adb5b50291c0fcd8e34e18d93bd56e4f4cf5b95adab5ad53a04b5490bd715e6,8e4c443293db6ae9742735d097a11819,workspaces/worth-ui/crates/worth-ui-runtime/src/mounting/presentation/work_producer.rs;workspaces/worth-ui/crates/worth-ui-runtime/src/mounting/presentation/work_producer_tests.rs,worth-ui-body-default-v1,6f140249866e6815e9284fe1c8c959a8bb1b8cab252cfbe8c7c397f9a7eb9b01,worth-ui-windows-dx12-v1,1c937a22f42660267480a055e48256b25decf0c4cd5d4d7b493e5df034c6c65b,protocol=4,work=3,not-applicable,not-applicable,PROVED,invalidation:plans/worth-ui/milestone-3.14.1-evidence/invalidations/p1/df530f6fe7f85d340b242d19b36c43fc561e66a50a865881a08ddcce572e4c2e.json@71e2dc24e65aaee4e2c464324c2d32b116f567f2240479af9e8e06ff58ddfcf9;supersedes:8f35c9d83f78a7e400f218b97e99e1dae7d315dbd84eee74e17f5a7c342178fd,true,bfe0acea2c4757f14a40826d28770ce3073e72ed9bcf3b9adf595cf20cc997ed
1,P1-AUTHORITY-01,worth-ui-runtime,native application preparation types,native-application-world,1,compile-runtime,worth-ui-ledger-evidence-v3,e9db3047b532fcefc7ed3d3d84e4d1cb092d50d3dd08f7590a2b24a4467e613d,public-construction,not-applicable,worth_ui_runtime::native_platform::application,workspaces/worth-ui/crates/worth-ui-runtime/src/native_platform/application.rs::complete,workspaces/worth-ui/crates/worth-ui-certification/tests/milestone_3141_phase1_topology/compile_contract_artifact.rs::phase_one_compile_contract_artifact_matches_every_executed_case,family=construction;case=public-construction,not-applicable,plans/worth-ui/milestone-3.14.1-evidence/p1-authority-01.json,not-applicable,main-tests=1;hostile-controls=0;product-processes=0;compile-sessions=2;courtroom-worlds=0,executed-tests=1;presentations=0,python scripts/ci/run_worth_ui_ledger_test.py --manifest-path workspaces/worth-ui/Cargo.toml --package worth-ui-certification --test topology_contracts --test-name milestone_3141_phase1_topology::compile_contract_artifact::phase_one_compile_contract_artifact_matches_every_executed_case --requirement P1-AUTHORITY-01 --source workspaces/worth-ui/crates/worth-ui-runtime/src/native_platform/application.rs --source workspaces/worth-ui/crates/worth-ui-certification/tests/milestone_3141_phase1_topology/compile_contract_artifact.rs --source plans/worth-ui/milestone-3.14.1-evidence/compile-contracts.json --source scripts/ci/run_worth_ui_compile_contracts.py --artifact plans/worth-ui/milestone-3.14.1-evidence/p1-authority-01.json,1,passed,plans/worth-ui/milestone-3.14.1-evidence/p1-authority-01.json,ef56a3d58523baa15ae4c253455a01ef16623e06,6897144306638f08ef7e8f37419586df643aca86e68ad7fe21324e8d528cc187,2adb5b50291c0fcd8e34e18d93bd56e4f4cf5b95adab5ad53a04b5490bd715e6,11dd8f9061464cf1fecafeda2811f6cc,workspaces/worth-ui/crates/worth-ui-runtime/src/native_platform/application.rs;workspaces/worth-ui/crates/worth-ui-certification/tests/milestone_3141_phase1_topology/compile_contract_artifact.rs;plans/worth-ui/milestone-3.14.1-evidence/compile-contracts.json;scripts/ci/run_worth_ui_compile_contracts.py,worth-ui-body-default-v1,6f140249866e6815e9284fe1c8c959a8bb1b8cab252cfbe8c7c397f9a7eb9b01,worth-ui-windows-dx12-v1,1c937a22f42660267480a055e48256b25decf0c4cd5d4d7b493e5df034c6c65b,protocol=4,preparation=2,not-applicable,not-applicable,PROVED,invalidation:plans/worth-ui/milestone-3.14.1-evidence/invalidations/p1/df530f6fe7f85d340b242d19b36c43fc561e66a50a865881a08ddcce572e4c2e.json@71e2dc24e65aaee4e2c464324c2d32b116f567f2240479af9e8e06ff58ddfcf9;supersedes:ca3bd06b43d28a51af0d01de2ed29db1c30f24c858193c0259d185ebd9ae16c6,true,7a7b38b12a4a2b32f590d674d9ceb93f200f4c70dae8f8f522e8f8b01d74437f
1,P1-BACKEND-FEATURES-01,worth-ui-host-native,resolved native backend feature posture,host-retirement-topology-world,1,resolved-topology,worth-ui-ledger-evidence-v3,a0dfb071145ee2531be8ca2fb52489185b88e13412bdb5b0231d424e6d5cdd9d,vulkan-default,not-applicable,worth_ui_host_native::qualified_profile,workspaces/worth-ui/crates/worth-ui-host-native/src/qualification_tests/qualified_dependencies.rs::assert_qualified_dependencies,workspaces/worth-ui/crates/worth-ui-certification/tests/milestone_3141_phase1_topology/resolved_graphs.rs::default_all_feature_and_windows_resolved_graphs_are_exact_and_mutation_sensitive,family=backend-feature;case=vulkan-default,not-applicable,plans/worth-ui/milestone-3.14.1-evidence/p1-backend-features-01.json,not-applicable,main-tests=1;hostile-controls=0;product-processes=0;compile-sessions=0;courtroom-worlds=0,executed-tests=1;presentations=0,python scripts/ci/run_worth_ui_ledger_test.py --manifest-path workspaces/worth-ui/Cargo.toml --package worth-ui-certification --test topology_contracts --test-name milestone_3141_phase1_topology::resolved_graphs::default_all_feature_and_windows_resolved_graphs_are_exact_and_mutation_sensitive --requirement P1-BACKEND-FEATURES-01 --source workspaces/worth-ui/crates/worth-ui-host-native/src/qualification_tests/qualified_dependencies.rs --source workspaces/worth-ui/crates/worth-ui-certification/tests/milestone_3141_phase1_topology/resolved_graphs.rs --artifact plans/worth-ui/milestone-3.14.1-evidence/p1-backend-features-01.json,1,passed,plans/worth-ui/milestone-3.14.1-evidence/p1-backend-features-01.json,ef56a3d58523baa15ae4c253455a01ef16623e06,c7f3fb87eddf5dfdfcdf6b02ed1fa54d0055409f3743b809ca6499c6b4bdf93d,2adb5b50291c0fcd8e34e18d93bd56e4f4cf5b95adab5ad53a04b5490bd715e6,f76b86125e8b3f83ba82e29be390ba95,workspaces/worth-ui/crates/worth-ui-host-native/src/qualification_tests/qualified_dependencies.rs;workspaces/worth-ui/crates/worth-ui-certification/tests/milestone_3141_phase1_topology/resolved_graphs.rs,worth-ui-body-default-v1,6f140249866e6815e9284fe1c8c959a8bb1b8cab252cfbe8c7c397f9a7eb9b01,worth-ui-windows-dx12-v1,1c937a22f42660267480a055e48256b25decf0c4cd5d4d7b493e5df034c6c65b,protocol=4,resolved-feature=1,not-applicable,not-applicable,PROVED,invalidation:plans/worth-ui/milestone-3.14.1-evidence/invalidations/p1/df530f6fe7f85d340b242d19b36c43fc561e66a50a865881a08ddcce572e4c2e.json@71e2dc24e65aaee4e2c464324c2d32b116f567f2240479af9e8e06ff58ddfcf9;supersedes:108405ccd75fec768dcc21d19a1d30c62d6737d3aa76f3f7de190dee672e3c33,true,8e63dd5c2b56872b534330d1d86f6d15a3dcf29a71277189d5acf60a9b5f14d0
1,P1-BASELINE-01,worth-ui-runtime,transparent surface baseline,mounted-presentation-world,1,compile-runtime,worth-ui-ledger-evidence-v3,1500dfdd4dae40ae38aab3f951756d4d780b70792fea1d70c29e2917c9abca16,forged-known-empty,not-applicable,worth_ui_runtime::mounting::host_truth,workspaces/worth-ui/crates/worth-ui-runtime/src/mounting/presentation/coordinator/admission.rs::baseline_requirement_denial,workspaces/worth-ui/crates/worth-ui-runtime/src/mounting/presentation/coordinator/admission.rs::actual_baseline_registration_gates_the_presentation_admission_transition,family=baseline;case=forged-known-empty,not-applicable,plans/worth-ui/milestone-3.14.1-evidence/p1-baseline-01.json,not-applicable,main-tests=1;hostile-controls=0;product-processes=0;compile-sessions=0;courtroom-worlds=0,executed-tests=1;presentations=0,python scripts/ci/run_worth_ui_ledger_test.py --manifest-path workspaces/worth-ui/Cargo.toml --package worth-ui-runtime --lib --test-name mounting::presentation::coordinator::admission::tests::actual_baseline_registration_gates_the_presentation_admission_transition --requirement P1-BASELINE-01 --source workspaces/worth-ui/crates/worth-ui-runtime/src/mounting/presentation/coordinator/admission.rs --artifact plans/worth-ui/milestone-3.14.1-evidence/p1-baseline-01.json,1,passed,plans/worth-ui/milestone-3.14.1-evidence/p1-baseline-01.json,ef56a3d58523baa15ae4c253455a01ef16623e06,f46bc8cd4701bcdfa36eca561d1d8b1a15f1362af157e7db6be09080e9b02d81,2adb5b50291c0fcd8e34e18d93bd56e4f4cf5b95adab5ad53a04b5490bd715e6,33688716d1c5235bbb84de72fac4c246,workspaces/worth-ui/crates/worth-ui-runtime/src/mounting/presentation/coordinator/admission.rs,worth-ui-body-default-v1,6f140249866e6815e9284fe1c8c959a8bb1b8cab252cfbe8c7c397f9a7eb9b01,worth-ui-windows-dx12-v1,1c937a22f42660267480a055e48256b25decf0c4cd5d4d7b493e5df034c6c65b,protocol=4,baseline=1,not-applicable,not-applicable,PROVED,invalidation:plans/worth-ui/milestone-3.14.1-evidence/invalidations/p1/df530f6fe7f85d340b242d19b36c43fc561e66a50a865881a08ddcce572e4c2e.json@71e2dc24e65aaee4e2c464324c2d32b116f567f2240479af9e8e06ff58ddfcf9;supersedes:cda9f11ed3afc228bf3611c58a74488b1f9218eb14cdd8c62b20c4704fbc77a3,true,f3200e4060aed52d91d12f32c8012f26d909106b4da7f4f29daf474d8aa3d24e
1,P1-CLOSE-01,worth-ui-certification,phase one final source closure,phase-one-ledger-world,1,ledger-closure,worth-ui-ledger-evidence-v3,d5e58e1dbd819fa299b1222c09b9aabcc0b81faf8225fb2ea043f8b0c96f8942,open-requirement,not-applicable,worth_ui_certification::phase_one_ledger,workspaces/worth-ui/crates/worth-ui-certification/tests/milestone_3141_phase1_ledger.rs::validate_phase_closure,workspaces/worth-ui/crates/worth-ui-certification/tests/milestone_3141_phase1_ledger.rs::phase_one_closure_prerequisites_are_final_source,family=ledger;case=open-requirement,not-applicable,plans/worth-ui/milestone-3.14.1-evidence/p1-close-01.json,not-applicable,main-tests=1;hostile-controls=0;product-processes=0;compile-sessions=0;courtroom-worlds=0,executed-tests=1;presentations=0,python scripts/ci/run_worth_ui_ledger_test.py --manifest-path workspaces/worth-ui/Cargo.toml --package worth-ui-certification --test topology_contracts --test-name milestone_3141_phase1_ledger::phase_one_closure_prerequisites_are_final_source --requirement P1-CLOSE-01 --source workspaces/worth-ui/crates/worth-ui-certification/tests/milestone_3141_phase1_ledger.rs --artifact plans/worth-ui/milestone-3.14.1-evidence/p1-close-01.json,1,passed,plans/worth-ui/milestone-3.14.1-evidence/p1-close-01.json,ef56a3d58523baa15ae4c253455a01ef16623e06,ea7705cd86dd8c69a7d10acaafbc472b304e6c8dc04cd108fab7c46763482ac4,2adb5b50291c0fcd8e34e18d93bd56e4f4cf5b95adab5ad53a04b5490bd715e6,e361e4bf1193294748c1fea17b3ae442,workspaces/worth-ui/crates/worth-ui-certification/tests/milestone_3141_phase1_ledger.rs,worth-ui-body-default-v1,6f140249866e6815e9284fe1c8c959a8bb1b8cab252cfbe8c7c397f9a7eb9b01,worth-ui-windows-dx12-v1,1c937a22f42660267480a055e48256b25decf0c4cd5d4d7b493e5df034c6c65b,protocol=4,requirements=20,not-applicable,not-applicable,PROVED,invalidation:plans/worth-ui/milestone-3.14.1-evidence/invalidations/p1/df530f6fe7f85d340b242d19b36c43fc561e66a50a865881a08ddcce572e4c2e.json@71e2dc24e65aaee4e2c464324c2d32b116f567f2240479af9e8e06ff58ddfcf9;supersedes:d48951fcd35b25b9cc09ecbe5cae06efd8fc33f41c016265c7ad51fcf0e0c616,true,5a72e69e8fe61ac1718e388e205068b53a7e9e15181066993265f1b09e01e58d
1,P1-CONSUMERS-01,egui-headless-certification,revision 4 consumers,mounted-presentation-world,1,integration,worth-ui-ledger-evidence-v3,1500dfdd4dae40ae38aab3f951756d4d780b70792fea1d70c29e2917c9abca16,agreement-validation-bypass,not-applicable,worth_ui_runtime::host_composition,workspaces/worth-ui/crates/worth-ui-host-headless/src/headless_translation/static_paint.rs::validate_protocol,workspaces/worth-ui/crates/worth-ui-host-headless/src/headless_static_paint_tests.rs::validated_agreement_static_paint_consumes_and_mixed_contract_stops_before_consumer,family=validated-agreement;case=agreement-validation-bypass,not-applicable,plans/worth-ui/milestone-3.14.1-evidence/p1-consumers-01.json,not-applicable,main-tests=1;hostile-controls=1;product-processes=0;compile-sessions=0;courtroom-worlds=0,executed-tests=2;presentations=0,python scripts/ci/run_worth_ui_ledger_test.py --manifest-path workspaces/worth-ui/Cargo.toml --package worth-ui-host-headless --lib --test-name headless_static_paint_tests::validated_agreement_static_paint_consumes_and_mixed_contract_stops_before_consumer --control-package worth-ui-host-egui --control-lib --control-test-name adapter::semantic_text::tests::validated_agreement_semantic_text_consumes_and_mixed_contract_stops_before_consumer --requirement P1-CONSUMERS-01 --source workspaces/worth-ui/crates/worth-ui-host-headless/src/headless_translation/static_paint.rs --source workspaces/worth-ui/crates/worth-ui-host-headless/src/headless_static_paint_tests.rs --source workspaces/worth-ui/crates/worth-ui-host-contract/src/mounted_frame/protocol.rs --source workspaces/worth-ui/crates/worth-ui-host-egui/src/adapter/native_paint.rs --source workspaces/worth-ui/crates/worth-ui-host-egui/src/adapter/semantic_text_tests.rs --artifact plans/worth-ui/milestone-3.14.1-evidence/p1-consumers-01.json,1,passed,plans/worth-ui/milestone-3.14.1-evidence/p1-consumers-01.json,ef56a3d58523baa15ae4c253455a01ef16623e06,1f2d6cd57e9af17283e6de149d82370185701392a861ec2206e49f260373e97b,2adb5b50291c0fcd8e34e18d93bd56e4f4cf5b95adab5ad53a04b5490bd715e6,1a816e463878ad296a7e1ad001d4c28f,workspaces/worth-ui/crates/worth-ui-host-headless/src/headless_translation/static_paint.rs;workspaces/worth-ui/crates/worth-ui-host-headless/src/headless_static_paint_tests.rs;workspaces/worth-ui/crates/worth-ui-host-contract/src/mounted_frame/protocol.rs;workspaces/worth-ui/crates/worth-ui-host-egui/src/adapter/native_paint.rs;workspaces/worth-ui/crates/worth-ui-host-egui/src/adapter/semantic_text_tests.rs,worth-ui-body-default-v1,6f140249866e6815e9284fe1c8c959a8bb1b8cab252cfbe8c7c397f9a7eb9b01,worth-ui-windows-dx12-v1,1c937a22f42660267480a055e48256b25decf0c4cd5d4d7b493e5df034c6c65b,protocol=4,consumer=2,not-applicable,not-applicable,PROVED,invalidation:plans/worth-ui/milestone-3.14.1-evidence/invalidations/p1/df530f6fe7f85d340b242d19b36c43fc561e66a50a865881a08ddcce572e4c2e.json@71e2dc24e65aaee4e2c464324c2d32b116f567f2240479af9e8e06ff58ddfcf9;supersedes:ae820f6ac2ce18c89700b95faf0fcf60150acc30d4f342d9c109f6e7e6eb6b89,true,d66b32fea0bdd36c94604bc9c7cf362f5d989fe002313bdc21c0f4c3e0cdfefd
1,P1-DAMAGE-01,worth-ui-runtime,runtime issued logical damage,mounted-presentation-world,1,runtime-model,worth-ui-ledger-evidence-v3,1500dfdd4dae40ae38aab3f951756d4d780b70792fea1d70c29e2917c9abca16,widened-damage,not-applicable,worth_ui_runtime::mounting::presentation,workspaces/worth-ui/crates/worth-ui-runtime/src/mounting/presentation/work_producer/delta_diff.rs::append_damage,workspaces/worth-ui/crates/worth-ui-runtime/src/mounting/presentation/work_producer_tests/damage_bounds.rs::replacement_damage_is_clipped_to_predecessor_and_successor_visibility,family=damage;case=widened-damage,not-applicable,plans/worth-ui/milestone-3.14.1-evidence/p1-damage-01.json,not-applicable,main-tests=1;hostile-controls=0;product-processes=0;compile-sessions=0;courtroom-worlds=0,executed-tests=1;presentations=0,python scripts/ci/run_worth_ui_ledger_test.py --manifest-path workspaces/worth-ui/Cargo.toml --package worth-ui-runtime --lib --test-name mounting::presentation::work_producer_tests::damage_bounds::replacement_damage_is_clipped_to_predecessor_and_successor_visibility --requirement P1-DAMAGE-01 --source workspaces/worth-ui/crates/worth-ui-runtime/src/mounting/presentation/work_producer/delta_diff.rs --source workspaces/worth-ui/crates/worth-ui-runtime/src/mounting/presentation/work_producer_tests/damage_bounds.rs --artifact plans/worth-ui/milestone-3.14.1-evidence/p1-damage-01.json,1,passed,plans/worth-ui/milestone-3.14.1-evidence/p1-damage-01.json,ef56a3d58523baa15ae4c253455a01ef16623e06,149959665989265745c840c6985be581983d4981e18be46a98875e5868fa6d53,2adb5b50291c0fcd8e34e18d93bd56e4f4cf5b95adab5ad53a04b5490bd715e6,182c61c9731903b080f8728683ce7384,workspaces/worth-ui/crates/worth-ui-runtime/src/mounting/presentation/work_producer/delta_diff.rs;workspaces/worth-ui/crates/worth-ui-runtime/src/mounting/presentation/work_producer_tests/damage_bounds.rs,worth-ui-body-default-v1,6f140249866e6815e9284fe1c8c959a8bb1b8cab252cfbe8c7c397f9a7eb9b01,worth-ui-windows-dx12-v1,1c937a22f42660267480a055e48256b25decf0c4cd5d4d7b493e5df034c6c65b,protocol=4,damage=2,not-applicable,not-applicable,PROVED,invalidation:plans/worth-ui/milestone-3.14.1-evidence/invalidations/p1/df530f6fe7f85d340b242d19b36c43fc561e66a50a865881a08ddcce572e4c2e.json@71e2dc24e65aaee4e2c464324c2d32b116f567f2240479af9e8e06ff58ddfcf9;supersedes:88466baaac8375d31b5d7316144944a7bc04ca219a18da564ceb4806c1b2cadf,true,50336336c2e9442aaa7ca2232798fb617d6f47b7653e04cfc64e79d002cf4ced
1,P1-HEADLESS-01,worth-ui-host-headless,contract only headless mechanics,mounted-presentation-world,1,dependency-integration,worth-ui-ledger-evidence-v3,1500dfdd4dae40ae38aab3f951756d4d780b70792fea1d70c29e2917c9abca16,performed-external-effect,not-applicable,worth_ui_host_headless::adapter,workspaces/worth-ui/crates/worth-ui-host-headless/src/headless_recorder/presentation.rs::apply_work,workspaces/worth-ui/crates/worth-ui-certification/tests/application_contracts/mounted_headless_recorder.rs::real_cross_lane_recording_preserves_exact_unperformed_external_mechanics,family=mechanics-substitution;case=performed-external-effect,not-applicable,plans/worth-ui/milestone-3.14.1-evidence/p1-headless-01.json,not-applicable,main-tests=1;hostile-controls=0;product-processes=0;compile-sessions=0;courtroom-worlds=0,executed-tests=1;presentations=0,python scripts/ci/run_worth_ui_ledger_test.py --manifest-path workspaces/worth-ui/Cargo.toml --package worth-ui-certification --test application_contracts --test-name mounted_headless_recorder::real_cross_lane_recording_preserves_exact_unperformed_external_mechanics --requirement P1-HEADLESS-01 --source workspaces/worth-ui/crates/worth-ui-host-headless/src/headless_recorder/presentation.rs --source workspaces/worth-ui/crates/worth-ui-certification/tests/application_contracts/mounted_headless_recorder.rs --artifact plans/worth-ui/milestone-3.14.1-evidence/p1-headless-01.json,1,passed,plans/worth-ui/milestone-3.14.1-evidence/p1-headless-01.json,ef56a3d58523baa15ae4c253455a01ef16623e06,82b3f54b2b5826662b8e7f6f490f977e70a87b4d761c77bdb60a1f6db6fa6ccb,2adb5b50291c0fcd8e34e18d93bd56e4f4cf5b95adab5ad53a04b5490bd715e6,95634cd4ac26cabeafe2ebbadb622244,workspaces/worth-ui/crates/worth-ui-host-headless/src/headless_recorder/presentation.rs;workspaces/worth-ui/crates/worth-ui-certification/tests/application_contracts/mounted_headless_recorder.rs,worth-ui-body-default-v1,6f140249866e6815e9284fe1c8c959a8bb1b8cab252cfbe8c7c397f9a7eb9b01,worth-ui-windows-dx12-v1,1c937a22f42660267480a055e48256b25decf0c4cd5d4d7b493e5df034c6c65b,protocol=4,headless=1,not-applicable,not-applicable,PROVED,invalidation:plans/worth-ui/milestone-3.14.1-evidence/invalidations/p1/df530f6fe7f85d340b242d19b36c43fc561e66a50a865881a08ddcce572e4c2e.json@71e2dc24e65aaee4e2c464324c2d32b116f567f2240479af9e8e06ff58ddfcf9;supersedes:98055436147c13fc21dc24bc40f0aaaeab9605926580c936c26d31029903f713,true,b8ca2159c5e107cfe246465d8d57f5de4371ac2c10f4da0ce553958aee0125d2
1,P1-HEADLESS-COST-01,worth-ui-host-headless,sparse headless carrier consumption,mounted-presentation-world,1,carrier-model,worth-ui-ledger-evidence-v3,1500dfdd4dae40ae38aab3f951756d4d780b70792fea1d70c29e2917c9abca16,unchanged-carriage,not-applicable,worth_ui_host_headless::retained_presentation,workspaces/worth-ui/crates/worth-ui-host-headless/src/headless_recorder/presentation.rs::work_cost,workspaces/worth-ui/crates/worth-ui-certification/tests/application_contracts/host_platform/mod.rs::maximum_overlap_removals_cross_public_runtime_and_headless_with_exact_work,family=carrier-inflation;case=unchanged-carriage,not-applicable,plans/worth-ui/milestone-3.14.1-evidence/p1-headless-cost-01.json,not-applicable,main-tests=0;hostile-controls=0;product-processes=0;compile-sessions=0;courtroom-worlds=0;shared-mounted-worlds=1,executed-tests=0;presentations=0;shared-presentations=7,python scripts/ci/run_worth_ui_shared_ledger_control.py --manifest-path workspaces/worth-ui/Cargo.toml --package worth-ui-certification --test application_contracts --test-name host_platform::maximum_overlap_removals_cross_public_runtime_and_headless_with_exact_work --requirement P1-HEADLESS-COST-01 --source workspaces/worth-ui/crates/worth-ui-host-headless/src/headless_recorder/presentation.rs --source workspaces/worth-ui/crates/worth-ui-certification/tests/application_contracts/host_platform/mod.rs --source plans/worth-ui/milestone-3.14.1-evidence/p1-worlds-01.json --source scripts/ci/run_worth_ui_shared_ledger_control.py --artifact plans/worth-ui/milestone-3.14.1-evidence/p1-headless-cost-01.json,1,passed,plans/worth-ui/milestone-3.14.1-evidence/p1-headless-cost-01.json,ef56a3d58523baa15ae4c253455a01ef16623e06,4110fd2a2343e178736faadae4dc6875874301856401e4a103b2e02e21fe06da,2adb5b50291c0fcd8e34e18d93bd56e4f4cf5b95adab5ad53a04b5490bd715e6,bca3efc8f849fc3f2a0b271a5a1a2709,workspaces/worth-ui/crates/worth-ui-host-headless/src/headless_recorder/presentation.rs;workspaces/worth-ui/crates/worth-ui-certification/tests/application_contracts/host_platform/mod.rs;plans/worth-ui/milestone-3.14.1-evidence/p1-worlds-01.json;scripts/ci/run_worth_ui_shared_ledger_control.py,worth-ui-body-default-v1,6f140249866e6815e9284fe1c8c959a8bb1b8cab252cfbe8c7c397f9a7eb9b01,worth-ui-windows-dx12-v1,1c937a22f42660267480a055e48256b25decf0c4cd5d4d7b493e5df034c6c65b,protocol=4,carrier-cost=0,not-applicable,not-applicable,PROVED,invalidation:plans/worth-ui/milestone-3.14.1-evidence/invalidations/p1/df530f6fe7f85d340b242d19b36c43fc561e66a50a865881a08ddcce572e4c2e.json@71e2dc24e65aaee4e2c464324c2d32b116f567f2240479af9e8e06ff58ddfcf9;supersedes:2859cdbe4c2697305c8e5e6549b045b5b3a91e7b99da511b0d3dbda887c15a27,true,465078fbf49f85eaecc912a5d408b6e3a0d4ce9ce762027678432aed43986baf
1,P1-ORDER-01,worth-ui-runtime,runtime issued total paint order,mounted-presentation-world,1,runtime-model,worth-ui-ledger-evidence-v3,1500dfdd4dae40ae38aab3f951756d4d780b70792fea1d70c29e2917c9abca16,identity-tie-break,not-applicable,worth_ui_runtime::mounting::presentation,workspaces/worth-ui/crates/worth-ui-runtime/src/mounting/projection/frame_storage/presentation_sources.rs::compile,workspaces/worth-ui/crates/worth-ui-runtime/src/mounting/presentation/work_producer_tests.rs::equal_layer_total_order_follows_authored_node_order_not_command_identity,family=paint-order;case=identity-tie-break,not-applicable,plans/worth-ui/milestone-3.14.1-evidence/p1-order-01.json,not-applicable,main-tests=1;hostile-controls=0;product-processes=0;compile-sessions=0;courtroom-worlds=0,executed-tests=1;presentations=0,python scripts/ci/run_worth_ui_ledger_test.py --manifest-path workspaces/worth-ui/Cargo.toml --package worth-ui-runtime --lib --test-name mounting::presentation::work_producer_tests::equal_layer_total_order_follows_authored_node_order_not_command_identity --requirement P1-ORDER-01 --source workspaces/worth-ui/crates/worth-ui-runtime/src/mounting/projection/frame_storage/presentation_sources.rs --source workspaces/worth-ui/crates/worth-ui-runtime/src/mounting/presentation/work_producer_tests.rs --artifact plans/worth-ui/milestone-3.14.1-evidence/p1-order-01.json,1,passed,plans/worth-ui/milestone-3.14.1-evidence/p1-order-01.json,ef56a3d58523baa15ae4c253455a01ef16623e06,a113314c89872a8cc551c7b661e53e48d9c9d3c16e10d24b3808d594d11294ad,2adb5b50291c0fcd8e34e18d93bd56e4f4cf5b95adab5ad53a04b5490bd715e6,c12ee9c37f20fb2dc0c57e024e18c618,workspaces/worth-ui/crates/worth-ui-runtime/src/mounting/projection/frame_storage/presentation_sources.rs;workspaces/worth-ui/crates/worth-ui-runtime/src/mounting/presentation/work_producer_tests.rs,worth-ui-body-default-v1,6f140249866e6815e9284fe1c8c959a8bb1b8cab252cfbe8c7c397f9a7eb9b01,worth-ui-windows-dx12-v1,1c937a22f42660267480a055e48256b25decf0c4cd5d4d7b493e5df034c6c65b,protocol=4,order=2,not-applicable,not-applicable,PROVED,invalidation:plans/worth-ui/milestone-3.14.1-evidence/invalidations/p1/df530f6fe7f85d340b242d19b36c43fc561e66a50a865881a08ddcce572e4c2e.json@71e2dc24e65aaee4e2c464324c2d32b116f567f2240479af9e8e06ff58ddfcf9;supersedes:22d78094c4990d6d872a8f1d9f00abdbe6033ad78f36656885f5a2c57cb877f3,true,9f8e283c31b745355a3f6717a76da4734b9449b5e778f5cf8c7451ca4affcfab
1,P1-ORDER-SOURCE-01,worth-ui-runtime,stable order identity provenance,mounted-presentation-world,1,compile-runtime,worth-ui-ledger-evidence-v3,1500dfdd4dae40ae38aab3f951756d4d780b70792fea1d70c29e2917c9abca16,public-ordering,not-applicable,worth_ui_runtime::mounting::order,workspaces/worth-ui/crates/worth-ui-runtime/src/mounting/projection/frame_storage/presentation_sources.rs::compile,workspaces/worth-ui/crates/worth-ui-certification/tests/milestone_3141_phase1_topology/compile_contract_artifact.rs::phase_one_compile_contract_artifact_matches_every_executed_case,family=identity-perturbation;case=public-ordering,not-applicable,plans/worth-ui/milestone-3.14.1-evidence/p1-order-source-01.json,not-applicable,main-tests=1;hostile-controls=0;product-processes=0;compile-sessions=2;courtroom-worlds=0,executed-tests=1;presentations=0,python scripts/ci/run_worth_ui_ledger_test.py --manifest-path workspaces/worth-ui/Cargo.toml --package worth-ui-certification --test topology_contracts --test-name milestone_3141_phase1_topology::compile_contract_artifact::phase_one_compile_contract_artifact_matches_every_executed_case --requirement P1-ORDER-SOURCE-01 --source workspaces/worth-ui/crates/worth-ui-runtime/src/mounting/projection/frame_storage/presentation_sources.rs --source workspaces/worth-ui/crates/worth-ui-certification/tests/milestone_3141_phase1_topology/compile_contract_artifact.rs --source plans/worth-ui/milestone-3.14.1-evidence/compile-contracts.json --source scripts/ci/run_worth_ui_compile_contracts.py --artifact plans/worth-ui/milestone-3.14.1-evidence/p1-order-source-01.json,1,passed,plans/worth-ui/milestone-3.14.1-evidence/p1-order-source-01.json,ef56a3d58523baa15ae4c253455a01ef16623e06,25f2227df15506879e92698e9bf8a9f9f7a1d5653d94da37fa9b4745c3df33a7,2adb5b50291c0fcd8e34e18d93bd56e4f4cf5b95adab5ad53a04b5490bd715e6,e44bb532217393b4737e55bbdb9087bd,workspaces/worth-ui/crates/worth-ui-runtime/src/mounting/projection/frame_storage/presentation_sources.rs;workspaces/worth-ui/crates/worth-ui-certification/tests/milestone_3141_phase1_topology/compile_contract_artifact.rs;plans/worth-ui/milestone-3.14.1-evidence/compile-contracts.json;scripts/ci/run_worth_ui_compile_contracts.py,worth-ui-body-default-v1,6f140249866e6815e9284fe1c8c959a8bb1b8cab252cfbe8c7c397f9a7eb9b01,worth-ui-windows-dx12-v1,1c937a22f42660267480a055e48256b25decf0c4cd5d4d7b493e5df034c6c65b,protocol=4,order-source=2,not-applicable,not-applicable,PROVED,invalidation:plans/worth-ui/milestone-3.14.1-evidence/invalidations/p1/df530f6fe7f85d340b242d19b36c43fc561e66a50a865881a08ddcce572e4c2e.json@71e2dc24e65aaee4e2c464324c2d32b116f567f2240479af9e8e06ff58ddfcf9;supersedes:61320d14701082000c7f0cee18b159d4ac49b81a3d625e152292f17649315faf,true,4eae7f5117e5bff8a605c94a0760fb2d69a5ed8116af087d5981630b3e47d999
1,P1-PLATFORM-AUTHORITY-01,worth-ui-runtime,affine native platform binding,native-application-world,1,compile-runtime,worth-ui-ledger-evidence-v3,59bada3aed04ded6ff1e99c013f385a8ba2c35171419a0e5eb8c8788dc85d666,downstream-bind,not-applicable,worth_ui_runtime::native_platform::binding,workspaces/worth-ui/crates/worth-ui-runtime/src/native_platform/native_platform_binding.rs::issue,workspaces/worth-ui/crates/worth-ui-certification/tests/milestone_3141_phase1_topology/compile_contract_artifact.rs::phase_one_compile_contract_artifact_matches_every_executed_case,family=grant-forgery;case=downstream-bind,not-applicable,plans/worth-ui/milestone-3.14.1-evidence/p1-platform-authority-01.json,not-applicable,main-tests=1;hostile-controls=0;product-processes=0;compile-sessions=2;courtroom-worlds=0,executed-tests=1;presentations=0,python scripts/ci/run_worth_ui_ledger_test.py --manifest-path workspaces/worth-ui/Cargo.toml --package worth-ui-certification --test topology_contracts --test-name milestone_3141_phase1_topology::compile_contract_artifact::phase_one_compile_contract_artifact_matches_every_executed_case --requirement P1-PLATFORM-AUTHORITY-01 --source workspaces/worth-ui/crates/worth-ui-runtime/src/native_platform/native_platform_binding.rs --source workspaces/worth-ui/crates/worth-ui-certification/tests/milestone_3141_phase1_topology/compile_contract_artifact.rs --source plans/worth-ui/milestone-3.14.1-evidence/compile-contracts.json --source scripts/ci/run_worth_ui_compile_contracts.py --artifact plans/worth-ui/milestone-3.14.1-evidence/p1-platform-authority-01.json,1,passed,plans/worth-ui/milestone-3.14.1-evidence/p1-platform-authority-01.json,ef56a3d58523baa15ae4c253455a01ef16623e06,93c0075c632d3fc8bdbaec0d10110dc101a8998d7ddb57922ac832d1d6022bb8,2adb5b50291c0fcd8e34e18d93bd56e4f4cf5b95adab5ad53a04b5490bd715e6,e6cfc1f88ae60ce5b511779ce4a46c06,workspaces/worth-ui/crates/worth-ui-runtime/src/native_platform/native_platform_binding.rs;workspaces/worth-ui/crates/worth-ui-certification/tests/milestone_3141_phase1_topology/compile_contract_artifact.rs;plans/worth-ui/milestone-3.14.1-evidence/compile-contracts.json;scripts/ci/run_worth_ui_compile_contracts.py,worth-ui-body-default-v1,6f140249866e6815e9284fe1c8c959a8bb1b8cab252cfbe8c7c397f9a7eb9b01,worth-ui-windows-dx12-v1,1c937a22f42660267480a055e48256b25decf0c4cd5d4d7b493e5df034c6c65b,protocol=4,grant=2,not-applicable,not-applicable,PROVED,invalidation:plans/worth-ui/milestone-3.14.1-evidence/invalidations/p1/df530f6fe7f85d340b242d19b36c43fc561e66a50a865881a08ddcce572e4c2e.json@71e2dc24e65aaee4e2c464324c2d32b116f567f2240479af9e8e06ff58ddfcf9;supersedes:c218ba39037faf6faa6d8d70179abd4bb45994d4ee43d2d70359efc39e350bd5,true,ba1fa90a83a2e46ac791d2a9a3340a762efa0b95b31c9d281483d04ed39bf048
1,P1-PREPARATION-LIFECYCLE-01,worth-ui-runtime,effect-free host-neutral product preparation,native-application-world,1,compile-runtime,worth-ui-ledger-evidence-v3,ee518c6cb7c64eed22352571668a6c5422dd8f05d59bb2481e02dc18b8b46e9c,host-during-prepare,not-applicable,worth_ui_runtime::native_platform::preparation,workspaces/worth-ui/crates/worth-ui-runtime/src/native_platform/platform/preparation.rs::prepare,workspaces/worth-ui/crates/worth-ui-certification/tests/milestone_3141_phase1_topology.rs::phase_one_product_preparation_is_effect_free_and_host_neutral,family=premature-runtime-effect;case=host-during-prepare,not-applicable,plans/worth-ui/milestone-3.14.1-evidence/p1-preparation-lifecycle-01.json,not-applicable,main-tests=1;hostile-controls=0;product-processes=0;compile-sessions=0;courtroom-worlds=0,executed-tests=1;presentations=0,python scripts/ci/run_worth_ui_ledger_test.py --manifest-path workspaces/worth-ui/Cargo.toml --package worth-ui-certification --test topology_contracts --test-name milestone_3141_phase1_topology::phase_one_product_preparation_is_effect_free_and_host_neutral --requirement P1-PREPARATION-LIFECYCLE-01 --source workspaces/worth-ui/crates/worth-ui-runtime/src/native_platform/platform/preparation.rs --source workspaces/worth-ui/crates/worth-ui-runtime/src/native_platform/profile.rs --source workspaces/worth-ui/crates/worth-ui-runtime/src/native_platform/application.rs --source workspaces/worth-ui/crates/worth-ui-host-native/src/native_profile.rs --source workspaces/worth-ui/crates/worth-ui-native-platform/src/lib.rs --source workspaces/worth-ui/crates/worth-ui-certification/tests/milestone_3141_phase1_topology.rs --source workspaces/worth-ui/crates/worth-ui-certification/tests/milestone_3141_phase1_topology/preparation_call_graph.rs --artifact plans/worth-ui/milestone-3.14.1-evidence/p1-preparation-lifecycle-01.json,1,passed,plans/worth-ui/milestone-3.14.1-evidence/p1-preparation-lifecycle-01.json,ef56a3d58523baa15ae4c253455a01ef16623e06,a81c55b68cf16e5344a0e1dce01655ba8e2a1d2199fd64909302b42fd56d9a3e,2adb5b50291c0fcd8e34e18d93bd56e4f4cf5b95adab5ad53a04b5490bd715e6,495e0b85abf930e6b4bcabf34f33bccd,workspaces/worth-ui/crates/worth-ui-runtime/src/native_platform/platform/preparation.rs;workspaces/worth-ui/crates/worth-ui-runtime/src/native_platform/profile.rs;workspaces/worth-ui/crates/worth-ui-runtime/src/native_platform/application.rs;workspaces/worth-ui/crates/worth-ui-host-native/src/native_profile.rs;workspaces/worth-ui/crates/worth-ui-native-platform/src/lib.rs;workspaces/worth-ui/crates/worth-ui-certification/tests/milestone_3141_phase1_topology.rs;workspaces/worth-ui/crates/worth-ui-certification/tests/milestone_3141_phase1_topology/preparation_call_graph.rs,worth-ui-body-default-v1,6f140249866e6815e9284fe1c8c959a8bb1b8cab252cfbe8c7c397f9a7eb9b01,worth-ui-windows-dx12-v1,1c937a22f42660267480a055e48256b25decf0c4cd5d4d7b493e5df034c6c65b,protocol=4,effect-surface=0,not-applicable,not-applicable,PROVED,invalidation:plans/worth-ui/milestone-3.14.1-evidence/invalidations/p1/df530f6fe7f85d340b242d19b36c43fc561e66a50a865881a08ddcce572e4c2e.json@71e2dc24e65aaee4e2c464324c2d32b116f567f2240479af9e8e06ff58ddfcf9;supersedes:6b7af255b5c6b2750239ced67bbaa3a943b3c13bf05baff57249df15c7307d46,true,99ef746136b51d170359aa9ae629493788948fd91ed033fa678a561656d96727
1,P1-PRESENTATION-AUTHORITY-01,worth-ui-runtime,runtime private presentation issuance,mounted-presentation-world,1,compile-runtime,worth-ui-ledger-evidence-v3,1500dfdd4dae40ae38aab3f951756d4d780b70792fea1d70c29e2917c9abca16,external-work-issue,not-applicable,worth_ui_runtime::mounting::presentation::authority,workspaces/worth-ui/crates/worth-ui-runtime/src/mounting/presentation/authority/work.rs::issue_delta,workspaces/worth-ui/crates/worth-ui-certification/tests/milestone_3141_phase1_topology/compile_contract_artifact.rs::phase_one_compile_contract_artifact_matches_every_executed_case,family=work-forgery;case=external-work-issue,not-applicable,plans/worth-ui/milestone-3.14.1-evidence/p1-presentation-authority-01.json,not-applicable,main-tests=1;hostile-controls=0;product-processes=0;compile-sessions=2;courtroom-worlds=0,executed-tests=1;presentations=0,python scripts/ci/run_worth_ui_ledger_test.py --manifest-path workspaces/worth-ui/Cargo.toml --package worth-ui-certification --test topology_contracts --test-name milestone_3141_phase1_topology::compile_contract_artifact::phase_one_compile_contract_artifact_matches_every_executed_case --requirement P1-PRESENTATION-AUTHORITY-01 --source workspaces/worth-ui/crates/worth-ui-runtime/src/mounting/presentation/authority/work.rs --source workspaces/worth-ui/crates/worth-ui-certification/tests/milestone_3141_phase1_topology/compile_contract_artifact.rs --source plans/worth-ui/milestone-3.14.1-evidence/compile-contracts.json --source scripts/ci/run_worth_ui_compile_contracts.py --artifact plans/worth-ui/milestone-3.14.1-evidence/p1-presentation-authority-01.json,1,passed,plans/worth-ui/milestone-3.14.1-evidence/p1-presentation-authority-01.json,ef56a3d58523baa15ae4c253455a01ef16623e06,70771f2586c5fa0e668a74a53f86ad30bc289b61db28842701daf27b4ccfae62,2adb5b50291c0fcd8e34e18d93bd56e4f4cf5b95adab5ad53a04b5490bd715e6,77738f68a6499a84ea3d2966ee84264b,workspaces/worth-ui/crates/worth-ui-runtime/src/mounting/presentation/authority/work.rs;workspaces/worth-ui/crates/worth-ui-certification/tests/milestone_3141_phase1_topology/compile_contract_artifact.rs;plans/worth-ui/milestone-3.14.1-evidence/compile-contracts.json;scripts/ci/run_worth_ui_compile_contracts.py,worth-ui-body-default-v1,6f140249866e6815e9284fe1c8c959a8bb1b8cab252cfbe8c7c397f9a7eb9b01,worth-ui-windows-dx12-v1,1c937a22f42660267480a055e48256b25decf0c4cd5d4d7b493e5df034c6c65b,protocol=4,authority=2,not-applicable,not-applicable,PROVED,invalidation:plans/worth-ui/milestone-3.14.1-evidence/invalidations/p1/df530f6fe7f85d340b242d19b36c43fc561e66a50a865881a08ddcce572e4c2e.json@71e2dc24e65aaee4e2c464324c2d32b116f567f2240479af9e8e06ff58ddfcf9;supersedes:e61184309407960b4593d01704c0acdb464548bfa1104abc8aafaa1bb2f386b1,true,47b24c58a55f53c5b9b3ebe9df0b45fac4a9ff4b6fb68d856398145a30565f9e
1,P1-PRODUCER-01,worth-ui-runtime,mounted presentation work producer,mounted-presentation-world,1,integration,worth-ui-ledger-evidence-v3,1500dfdd4dae40ae38aab3f951756d4d780b70792fea1d70c29e2917c9abca16,dropped-removal,not-applicable,worth_ui_runtime::mounting::presentation,workspaces/worth-ui/crates/worth-ui-runtime/src/mounting/presentation/work_producer.rs::issue_successor,workspaces/worth-ui/crates/worth-ui-runtime/src/mounting/presentation/work_producer_tests.rs::removal_and_insert_carry_exact_identities_vacated_damage_and_total_order,family=delta-carriage;case=dropped-removal,not-applicable,plans/worth-ui/milestone-3.14.1-evidence/p1-producer-01.json,not-applicable,main-tests=1;hostile-controls=0;product-processes=0;compile-sessions=0;courtroom-worlds=0,executed-tests=1;presentations=0,python scripts/ci/run_worth_ui_ledger_test.py --manifest-path workspaces/worth-ui/Cargo.toml --package worth-ui-runtime --lib --test-name mounting::presentation::work_producer_tests::removal_and_insert_carry_exact_identities_vacated_damage_and_total_order --requirement P1-PRODUCER-01 --source workspaces/worth-ui/crates/worth-ui-runtime/src/mounting/presentation/work_producer.rs --source workspaces/worth-ui/crates/worth-ui-runtime/src/mounting/presentation/work_producer_tests.rs --artifact plans/worth-ui/milestone-3.14.1-evidence/p1-producer-01.json,1,passed,plans/worth-ui/milestone-3.14.1-evidence/p1-producer-01.json,ef56a3d58523baa15ae4c253455a01ef16623e06,d6aea58b3118443499026bf6466dd18090ad9f6824306dedc203094fdd51896c,2adb5b50291c0fcd8e34e18d93bd56e4f4cf5b95adab5ad53a04b5490bd715e6,81890792409213d71dcb4c640baa6853,workspaces/worth-ui/crates/worth-ui-runtime/src/mounting/presentation/work_producer.rs;workspaces/worth-ui/crates/worth-ui-runtime/src/mounting/presentation/work_producer_tests.rs,worth-ui-body-default-v1,6f140249866e6815e9284fe1c8c959a8bb1b8cab252cfbe8c7c397f9a7eb9b01,worth-ui-windows-dx12-v1,1c937a22f42660267480a055e48256b25decf0c4cd5d4d7b493e5df034c6c65b,protocol=4,producer=2,not-applicable,not-applicable,PROVED,invalidation:plans/worth-ui/milestone-3.14.1-evidence/invalidations/p1/df530f6fe7f85d340b242d19b36c43fc561e66a50a865881a08ddcce572e4c2e.json@71e2dc24e65aaee4e2c464324c2d32b116f567f2240479af9e8e06ff58ddfcf9;supersedes:1cc86552be2584837ad6a5999a9556c0468a95799e535d16ca62b97096e99205,true,cf7bf994df5316c8cdb0ff0eb5ce16bc9d78f682bb9e0e86af817b3a2b44ecee
1,P1-PRODUCER-COST-01,worth-ui-runtime,sparse presentation work carrier,mounted-presentation-world,1,carrier-model,worth-ui-ledger-evidence-v3,1500dfdd4dae40ae38aab3f951756d4d780b70792fea1d70c29e2917c9abca16,unchanged-payload,not-applicable,worth_ui_runtime::mounting::presentation,workspaces/worth-ui/crates/worth-ui-runtime/src/mounting/presentation/work_producer.rs::issue_successor,workspaces/worth-ui/crates/worth-ui-runtime/src/mounting/presentation/work_producer_tests.rs::unchanged_successor_carries_zero_command_order_and_damage_work,family=carrier-inflation;case=unchanged-payload,not-applicable,plans/worth-ui/milestone-3.14.1-evidence/p1-producer-cost-01.json,not-applicable,main-tests=1;hostile-controls=0;product-processes=0;compile-sessions=0;courtroom-worlds=0,executed-tests=1;presentations=0,python scripts/ci/run_worth_ui_ledger_test.py --manifest-path workspaces/worth-ui/Cargo.toml --package worth-ui-runtime --lib --test-name mounting::presentation::work_producer_tests::unchanged_successor_carries_zero_command_order_and_damage_work --requirement P1-PRODUCER-COST-01 --source workspaces/worth-ui/crates/worth-ui-runtime/src/mounting/presentation/work_producer.rs --source workspaces/worth-ui/crates/worth-ui-runtime/src/mounting/presentation/work_producer_tests.rs --artifact plans/worth-ui/milestone-3.14.1-evidence/p1-producer-cost-01.json,1,passed,plans/worth-ui/milestone-3.14.1-evidence/p1-producer-cost-01.json,ef56a3d58523baa15ae4c253455a01ef16623e06,d6aea58b3118443499026bf6466dd18090ad9f6824306dedc203094fdd51896c,2adb5b50291c0fcd8e34e18d93bd56e4f4cf5b95adab5ad53a04b5490bd715e6,5f86d0573f8e71a35d6aa8d2b9cfa9b5,workspaces/worth-ui/crates/worth-ui-runtime/src/mounting/presentation/work_producer.rs;workspaces/worth-ui/crates/worth-ui-runtime/src/mounting/presentation/work_producer_tests.rs,worth-ui-body-default-v1,6f140249866e6815e9284fe1c8c959a8bb1b8cab252cfbe8c7c397f9a7eb9b01,worth-ui-windows-dx12-v1,1c937a22f42660267480a055e48256b25decf0c4cd5d4d7b493e5df034c6c65b,protocol=4,carrier-cost=0,not-applicable,not-applicable,PROVED,invalidation:plans/worth-ui/milestone-3.14.1-evidence/invalidations/p1/df530f6fe7f85d340b242d19b36c43fc561e66a50a865881a08ddcce572e4c2e.json@71e2dc24e65aaee4e2c464324c2d32b116f567f2240479af9e8e06ff58ddfcf9;supersedes:3912b53ffa8f02cd0363ab174c942c4c47d35a3111fedcf8a376ab2decc0005d,true,514456cd9fc37848d07131b1939636a9106c888ed1d21490fad5cb9eeef5f437
1,P1-PROFILE-01,worth-ui-host-native,qualified profile manifests,profile-qualification,1,manifest-qualification,worth-ui-ledger-evidence-v3,a0dfb071145ee2531be8ca2fb52489185b88e13412bdb5b0231d424e6d5cdd9d,qualified-capacity-drift,not-applicable,worth_ui_host_native::qualified_profile,workspaces/worth-ui/crates/worth-ui-host-native/src/qualification_tests/qualified_dependencies.rs::assert_qualified_dependencies,workspaces/worth-ui/crates/worth-ui-host-native/src/qualification_tests.rs::every_qualified_semantic_and_dependency_pin_matches_the_closed_record,family=manifest-field;case=qualified-capacity-drift,not-applicable,plans/worth-ui/milestone-3.14.1-evidence/p1-profile-01.json,not-applicable,main-tests=1;hostile-controls=0;product-processes=0;compile-sessions=0;courtroom-worlds=0,executed-tests=1;presentations=0,python scripts/ci/run_worth_ui_ledger_test.py --manifest-path workspaces/worth-ui/Cargo.toml --package worth-ui-host-native --lib --test-name qualification_tests::every_qualified_semantic_and_dependency_pin_matches_the_closed_record --requirement P1-PROFILE-01 --source workspaces/worth-ui/crates/worth-ui-host-native/src/qualification_tests/qualified_dependencies.rs --source workspaces/worth-ui/crates/worth-ui-host-native/src/qualification_tests.rs --artifact plans/worth-ui/milestone-3.14.1-evidence/p1-profile-01.json,1,passed,plans/worth-ui/milestone-3.14.1-evidence/p1-profile-01.json,ef56a3d58523baa15ae4c253455a01ef16623e06,c994317b10ca48cf8260dab339dfe9c05bac4d64dc89236ca390c849d80dea72,2adb5b50291c0fcd8e34e18d93bd56e4f4cf5b95adab5ad53a04b5490bd715e6,4518f0d010eeb49aedfc82f2b850fab6,workspaces/worth-ui/crates/worth-ui-host-native/src/qualification_tests/qualified_dependencies.rs;workspaces/worth-ui/crates/worth-ui-host-native/src/qualification_tests.rs,worth-ui-body-default-v1,6f140249866e6815e9284fe1c8c959a8bb1b8cab252cfbe8c7c397f9a7eb9b01,worth-ui-windows-dx12-v1,1c937a22f42660267480a055e48256b25decf0c4cd5d4d7b493e5df034c6c65b,pollster=0.4.0;winit=0.30.13;winit-features=rwh_06;wgpu=29.0.4;wgpu-features=std+parking_lot+dx12+wgsl;rustybuzz=0.20.1;swash=0.2.10;protocol=4,profile=2,not-applicable,not-applicable,PROVED,invalidation:plans/worth-ui/milestone-3.14.1-evidence/invalidations/p1/df530f6fe7f85d340b242d19b36c43fc561e66a50a865881a08ddcce572e4c2e.json@71e2dc24e65aaee4e2c464324c2d32b116f567f2240479af9e8e06ff58ddfcf9;supersedes:4ee35b2f68491188003507fff31b7df1a4ba8a09895d839dae4ce63b968522e6,true,fe5d3ff2b3aac5085687a7adb883ead40dbef85aca2b2e5de36379a4f5d36b9e
1,P1-PROTOCOL-01,worth-ui-host-contract,mounted presentation protocol,mounted-presentation-world,1,compile-runtime,worth-ui-ledger-evidence-v3,1500dfdd4dae40ae38aab3f951756d4d780b70792fea1d70c29e2917c9abca16,mixed-revision,not-applicable,worth_ui_host_contract::mounted_protocol,workspaces/worth-ui/crates/worth-ui-host-contract/src/mounted_frame/presentation_work/delta.rs::from_inert_mechanics,workspaces/worth-ui/crates/worth-ui-certification/tests/milestone_3141_phase1_topology/compile_contract_artifact.rs::phase_one_compile_contract_artifact_matches_every_executed_case,family=protocol-revision;case=mixed-revision,not-applicable,plans/worth-ui/milestone-3.14.1-evidence/p1-protocol-01.json,not-applicable,main-tests=1;hostile-controls=0;product-processes=0;compile-sessions=2;courtroom-worlds=0,executed-tests=1;presentations=0,python scripts/ci/run_worth_ui_ledger_test.py --manifest-path workspaces/worth-ui/Cargo.toml --package worth-ui-certification --test topology_contracts --test-name milestone_3141_phase1_topology::compile_contract_artifact::phase_one_compile_contract_artifact_matches_every_executed_case --requirement P1-PROTOCOL-01 --source workspaces/worth-ui/crates/worth-ui-host-contract/src/mounted_frame/presentation_work/delta.rs --source workspaces/worth-ui/crates/worth-ui-certification/tests/milestone_3141_phase1_topology/compile_contract_artifact.rs --source plans/worth-ui/milestone-3.14.1-evidence/compile-contracts.json --source scripts/ci/run_worth_ui_compile_contracts.py --artifact plans/worth-ui/milestone-3.14.1-evidence/p1-protocol-01.json,1,passed,plans/worth-ui/milestone-3.14.1-evidence/p1-protocol-01.json,ef56a3d58523baa15ae4c253455a01ef16623e06,42ed1136d3a77c1c6f96797546c8a509e099b9b5d2a02beb8195b0cd7b82337c,2adb5b50291c0fcd8e34e18d93bd56e4f4cf5b95adab5ad53a04b5490bd715e6,45435b5930a178b4d28a756a801b3fac,workspaces/worth-ui/crates/worth-ui-host-contract/src/mounted_frame/presentation_work/delta.rs;workspaces/worth-ui/crates/worth-ui-certification/tests/milestone_3141_phase1_topology/compile_contract_artifact.rs;plans/worth-ui/milestone-3.14.1-evidence/compile-contracts.json;scripts/ci/run_worth_ui_compile_contracts.py,worth-ui-body-default-v1,6f140249866e6815e9284fe1c8c959a8bb1b8cab252cfbe8c7c397f9a7eb9b01,worth-ui-windows-dx12-v1,1c937a22f42660267480a055e48256b25decf0c4cd5d4d7b493e5df034c6c65b,protocol=4,protocol=4,not-applicable,not-applicable,PROVED,invalidation:plans/worth-ui/milestone-3.14.1-evidence/invalidations/p1/df530f6fe7f85d340b242d19b36c43fc561e66a50a865881a08ddcce572e4c2e.json@71e2dc24e65aaee4e2c464324c2d32b116f567f2240479af9e8e06ff58ddfcf9;supersedes:18ee7f2f8ba408c73b8512dd938c8c525255ba3ffcac812d5778d4d73fe27c0d,true,45284f3d08653548f65cb6cfbd2b1bda155fe87046ae9fc8e74e4997a3f7780a
1,P1-TOPOLOGY-01,worth-ui-certification,dependency and compiler enforcement,host-retirement-topology-world,1,repository-topology,worth-ui-ledger-evidence-v3,68e6550fff6e482bba81e4950f5112c68de052d0881aba0f931abbbe0e1580ca,target-dependency-alias,not-applicable,worth_ui_certification::host_topology,workspaces/worth-ui/crates/worth-ui-certification/tests/milestone_3141_phase1_topology/topology_verdict.rs::validate_topology,workspaces/worth-ui/crates/worth-ui-certification/tests/milestone_3141_phase1_topology.rs::phase_one_host_platform_topology_verdict_covers_every_workspace_manifest,family=hidden-edge;case=target-dependency-alias,not-applicable,plans/worth-ui/milestone-3.14.1-evidence/p1-topology-01.json,not-applicable,main-tests=1;hostile-controls=0;product-processes=0;compile-sessions=0;courtroom-worlds=0,executed-tests=1;presentations=0,python scripts/ci/run_worth_ui_ledger_test.py --manifest-path workspaces/worth-ui/Cargo.toml --package worth-ui-certification --test topology_contracts --test-name milestone_3141_phase1_topology::phase_one_host_platform_topology_verdict_covers_every_workspace_manifest --requirement P1-TOPOLOGY-01 --source workspaces/worth-ui/crates/worth-ui-certification/tests/milestone_3141_phase1_topology/topology_verdict.rs --source workspaces/worth-ui/crates/worth-ui-certification/tests/milestone_3141_phase1_topology.rs --artifact plans/worth-ui/milestone-3.14.1-evidence/p1-topology-01.json,1,passed,plans/worth-ui/milestone-3.14.1-evidence/p1-topology-01.json,ef56a3d58523baa15ae4c253455a01ef16623e06,6789818cdd8dc57b610420fbcfc7a02e69f840450a51fdef862eb295090cd598,2adb5b50291c0fcd8e34e18d93bd56e4f4cf5b95adab5ad53a04b5490bd715e6,49de75a53ff162868a7086257b3555cf,workspaces/worth-ui/crates/worth-ui-certification/tests/milestone_3141_phase1_topology/topology_verdict.rs;workspaces/worth-ui/crates/worth-ui-certification/tests/milestone_3141_phase1_topology.rs,worth-ui-body-default-v1,6f140249866e6815e9284fe1c8c959a8bb1b8cab252cfbe8c7c397f9a7eb9b01,worth-ui-windows-dx12-v1,1c937a22f42660267480a055e48256b25decf0c4cd5d4d7b493e5df034c6c65b,protocol=4,inventory=27,not-applicable,not-applicable,PROVED,invalidation:plans/worth-ui/milestone-3.14.1-evidence/invalidations/p1/df530f6fe7f85d340b242d19b36c43fc561e66a50a865881a08ddcce572e4c2e.json@71e2dc24e65aaee4e2c464324c2d32b116f567f2240479af9e8e06ff58ddfcf9;supersedes:6d7d2febf6c04060101dcd2d6699665ca93a6c7a971c1122a6654892b539d93b,true,66a601c4e1d0e2f147ae63513a4ca00e3228b29911317ab4f6e6f8645fd33c4e
1,P1-WORLDS-01,worth-ui-certification,governed worlds and independent oracles,mounted-presentation-world,1,production-courtroom,worth-ui-ledger-evidence-v3,1500dfdd4dae40ae38aab3f951756d4d780b70792fea1d70c29e2917c9abca16,damage-and-order-mutants,not-applicable,worth_ui_certification::mounted_world,workspaces/worth-ui/crates/worth-ui-certification/tests/application_contracts/host_platform/world/production.rs::produce_maximum_overlap,workspaces/worth-ui/crates/worth-ui-certification/tests/application_contracts/host_platform/mod.rs::maximum_overlap_removals_cross_public_runtime_and_headless_with_exact_work,family=oracle-substitution;case=damage-and-order-mutants,not-applicable,plans/worth-ui/milestone-3.14.1-evidence/p1-worlds-01.json,terminal,main-tests=1;hostile-controls=0;product-processes=0;compile-sessions=0;courtroom-worlds=1,executed-tests=1;presentations=7,python scripts/ci/run_worth_ui_ledger_test.py --manifest-path workspaces/worth-ui/Cargo.toml --package worth-ui-certification --test application_contracts --test-name host_platform::maximum_overlap_removals_cross_public_runtime_and_headless_with_exact_work --requirement P1-WORLDS-01 --source workspaces/worth-ui/crates/worth-ui-certification/tests/application_contracts/host_platform/world/production.rs --source workspaces/worth-ui/crates/worth-ui-certification/tests/application_contracts/host_platform/mod.rs --artifact plans/worth-ui/milestone-3.14.1-evidence/p1-worlds-01.json,1,passed,plans/worth-ui/milestone-3.14.1-evidence/p1-worlds-01.json,ef56a3d58523baa15ae4c253455a01ef16623e06,2f6facf0998c9773924d544b02a515961e93bc371e54fc3f12804937999b70d0,2adb5b50291c0fcd8e34e18d93bd56e4f4cf5b95adab5ad53a04b5490bd715e6,653bc3a6d45b875c97a7f2488082f393,workspaces/worth-ui/crates/worth-ui-certification/tests/application_contracts/host_platform/world/production.rs;workspaces/worth-ui/crates/worth-ui-certification/tests/application_contracts/host_platform/mod.rs,worth-ui-body-default-v1,6f140249866e6815e9284fe1c8c959a8bb1b8cab252cfbe8c7c397f9a7eb9b01,worth-ui-windows-dx12-v1,1c937a22f42660267480a055e48256b25decf0c4cd5d4d7b493e5df034c6c65b,protocol=4,world=2048,not-applicable,not-applicable,PROVED,invalidation:plans/worth-ui/milestone-3.14.1-evidence/invalidations/p1/df530f6fe7f85d340b242d19b36c43fc561e66a50a865881a08ddcce572e4c2e.json@71e2dc24e65aaee4e2c464324c2d32b116f567f2240479af9e8e06ff58ddfcf9;supersedes:9d5cab6c512e538bb1b17e3778716c9477665d289ed3d725a0eb79bd87185e4f,true,21d271fd9c5fdb34d888c951254278f50c1c4832ba28b6dd35a1219a89e135e0
2,P2-APPLICATION-01,worth-ui-runtime,prepared application driver handoff,windows-native-boundary-world,1,windows-integration,worth-ui-ledger-evidence-v3,a0dfb071145ee2531be8ca2fb52489185b88e13412bdb5b0231d424e6d5cdd9d,fake-client,not-applicable,worth_ui_runtime::native_platform::application_driver,workspaces/worth-ui/crates/worth-ui-runtime/src/native_platform/application_driver.rs::run,workspaces/worth-ui/apps/platform-pulse/tests/executable_world/courtroom/native_phase2.rs::windows_native_boundary_world_presents_quiesces_and_closes_without_residue,family=driver-substitution;case=fake-client,before-effects,plans/worth-ui/milestone-3.14.1-evidence/p2-application-01.json,terminal,main-tests=0;hostile-controls=1;product-processes=0;compile-sessions=0;courtroom-worlds=0;shared-native-worlds=1,executed-tests=1;presentations=0;shared-presentations=1,python scripts/ci/run_worth_ui_shared_ledger_control.py --manifest-path workspaces/worth-ui/Cargo.toml --package worth-ui-platform-pulse --test executable_world --features executable-world --test-name courtroom::native_phase2::windows_native_boundary_world_presents_quiesces_and_closes_without_residue --control-package worth-ui-certification --control-test topology_contracts --control-test-name milestone_3141_phase1_topology::compile_contract_artifact::product_native_driver_substitution_is_compiler_rejected --requirement P2-APPLICATION-01 --source workspaces/worth-ui/crates/worth-ui-runtime/src/native_platform/application_driver.rs --source workspaces/worth-ui/apps/platform-pulse/tests/executable_world/courtroom/native_phase2.rs --source workspaces/worth-ui/crates/worth-ui-certification/tests/milestone_3141_phase1_topology/compile_contract_artifact.rs --source plans/worth-ui/milestone-3.14.1-evidence/p2-world-01.json --source scripts/ci/run_worth_ui_shared_ledger_control.py --artifact plans/worth-ui/milestone-3.14.1-evidence/p2-application-01.json,1,passed,plans/worth-ui/milestone-3.14.1-evidence/p2-application-01.json,ef56a3d58523baa15ae4c253455a01ef16623e06,6b476c5410cb904e0d4548cbfea8e105a4a866bd460d62e7cb751a0120e808fb,2adb5b50291c0fcd8e34e18d93bd56e4f4cf5b95adab5ad53a04b5490bd715e6,6739b56fb6bd5d57cf3f2dcd33dae3fb,workspaces/worth-ui/crates/worth-ui-runtime/src/native_platform/application_driver.rs;workspaces/worth-ui/apps/platform-pulse/tests/executable_world/courtroom/native_phase2.rs;workspaces/worth-ui/crates/worth-ui-certification/tests/milestone_3141_phase1_topology/compile_contract_artifact.rs;plans/worth-ui/milestone-3.14.1-evidence/p2-world-01.json;scripts/ci/run_worth_ui_shared_ledger_control.py,worth-ui-body-default-v1,6f140249866e6815e9284fe1c8c959a8bb1b8cab252cfbe8c7c397f9a7eb9b01,worth-ui-windows-dx12-v1,1c937a22f42660267480a055e48256b25decf0c4cd5d4d7b493e5df034c6c65b,pollster=0.4.0;winit=0.30.13;winit-features=rwh_06;wgpu=29.0.4;wgpu-features=std+parking_lot+dx12+wgsl;xcap=0.9.7;xcap-features=wgc;winsafe=0.0.28;winsafe-features=dwm+kernel+user;uiautomation=0.25.0;uiautomation-features=control+input+screenshot;win32job=2.0.3;protocol=4,application=1,not-applicable,not-applicable,PROVED,none,true,4b6f848c5da4cc17399e41a76f58258dab46fa6b4c175e52eb11d8fc26849eb2
2,P2-CLOSE-01,worth-ui-host-native,terminal native resource cleanup,windows-native-boundary-world,1,windows-integration,worth-ui-ledger-evidence-v3,a0dfb071145ee2531be8ca2fb52489185b88e13412bdb5b0231d424e6d5cdd9d,held-readback,not-applicable,worth_ui_host_native::shutdown,workspaces/worth-ui/crates/worth-ui-host-native/src/native/event_loop/terminal_cleanup.rs::terminal_cleanup_complete,workspaces/worth-ui/apps/platform-pulse/tests/executable_world/courtroom/native_phase2.rs::windows_native_boundary_world_presents_quiesces_and_closes_without_residue,family=resource-leak;case=held-readback,after-effects-may-have-begun,plans/worth-ui/milestone-3.14.1-evidence/p2-close-01.json,terminal,main-tests=0;hostile-controls=1;product-processes=0;compile-sessions=0;courtroom-worlds=0;shared-native-worlds=1,executed-tests=1;presentations=0;shared-presentations=1,python scripts/ci/run_worth_ui_shared_ledger_control.py --manifest-path workspaces/worth-ui/Cargo.toml --package worth-ui-platform-pulse --test executable_world --features executable-world --test-name courtroom::native_phase2::windows_native_boundary_world_presents_quiesces_and_closes_without_residue --control-package worth-ui-host-native --control-lib --control-test-name native::event_loop::tests::indeterminate_external_work_moves_into_retryable_cleanup_authority --requirement P2-CLOSE-01 --source workspaces/worth-ui/crates/worth-ui-host-native/src/native/event_loop/terminal_cleanup.rs --source workspaces/worth-ui/apps/platform-pulse/tests/executable_world/courtroom/native_phase2.rs --source workspaces/worth-ui/crates/worth-ui-host-native/src/native/event_loop/tests.rs --source workspaces/worth-ui/crates/worth-ui-host-native/src/native/event_loop/thread_posture.rs --source workspaces/worth-ui/crates/worth-ui-host-native/src/native/event_loop/finish.rs --source workspaces/worth-ui/apps/platform-pulse/src/native_phase2_evidence.rs --source plans/worth-ui/milestone-3.14.1-evidence/p2-world-01.json --source scripts/ci/run_worth_ui_shared_ledger_control.py --artifact plans/worth-ui/milestone-3.14.1-evidence/p2-close-01.json,1,passed,plans/worth-ui/milestone-3.14.1-evidence/p2-close-01.json,ef56a3d58523baa15ae4c253455a01ef16623e06,4d0426f4883099e9c468eb3e776fd7a228f5b1a4c23a97561ddbb5bb0053372a,2adb5b50291c0fcd8e34e18d93bd56e4f4cf5b95adab5ad53a04b5490bd715e6,54b70772b3664235955458d61e32607d,workspaces/worth-ui/crates/worth-ui-host-native/src/native/event_loop/terminal_cleanup.rs;workspaces/worth-ui/apps/platform-pulse/tests/executable_world/courtroom/native_phase2.rs;workspaces/worth-ui/crates/worth-ui-host-native/src/native/event_loop/tests.rs;workspaces/worth-ui/crates/worth-ui-host-native/src/native/event_loop/thread_posture.rs;workspaces/worth-ui/crates/worth-ui-host-native/src/native/event_loop/finish.rs;workspaces/worth-ui/apps/platform-pulse/src/native_phase2_evidence.rs;plans/worth-ui/milestone-3.14.1-evidence/p2-world-01.json;scripts/ci/run_worth_ui_shared_ledger_control.py,worth-ui-body-default-v1,6f140249866e6815e9284fe1c8c959a8bb1b8cab252cfbe8c7c397f9a7eb9b01,worth-ui-windows-dx12-v1,1c937a22f42660267480a055e48256b25decf0c4cd5d4d7b493e5df034c6c65b,pollster=0.4.0;winit=0.30.13;winit-features=rwh_06;wgpu=29.0.4;wgpu-features=std+parking_lot+dx12+wgsl;xcap=0.9.7;xcap-features=wgc;winsafe=0.0.28;winsafe-features=dwm+kernel+user;uiautomation=0.25.0;uiautomation-features=control+input+screenshot;win32job=2.0.3;protocol=4,resource-census=0,not-applicable,not-applicable,PROVED,none,true,b9fc662e8d22e0ac848be636fa00269246e4e10a02d726524d5cda0637d24f1d
2,P2-EVENT-LOOP-01,worth-ui-host-native,event loop thread ownership,windows-native-boundary-world,1,windows-integration,worth-ui-ledger-evidence-v3,a0dfb071145ee2531be8ca2fb52489185b88e13412bdb5b0231d424e6d5cdd9d,off-thread-run,not-applicable,worth_ui_host_native::event_loop,workspaces/worth-ui/crates/worth-ui-host-native/src/native/event_loop/callback_thread.rs::transition,workspaces/worth-ui/apps/platform-pulse/tests/executable_world/courtroom/native_phase2.rs::windows_native_boundary_world_presents_quiesces_and_closes_without_residue,family=thread-substitution;case=off-thread-run,before-effects,plans/worth-ui/milestone-3.14.1-evidence/p2-event-loop-01.json,terminal,main-tests=0;hostile-controls=1;product-processes=0;compile-sessions=0;courtroom-worlds=0;shared-native-worlds=1,executed-tests=1;presentations=0;shared-presentations=1,python scripts/ci/run_worth_ui_shared_ledger_control.py --manifest-path workspaces/worth-ui/Cargo.toml --package worth-ui-platform-pulse --test executable_world --features executable-world --test-name courtroom::native_phase2::windows_native_boundary_world_presents_quiesces_and_closes_without_residue --control-package worth-ui-host-native --control-lib --control-test-name native::event_loop::tests::callback_thread_transition_rejects_off_thread_run --requirement P2-EVENT-LOOP-01 --source workspaces/worth-ui/crates/worth-ui-host-native/src/native/event_loop/callback_thread.rs --source workspaces/worth-ui/apps/platform-pulse/tests/executable_world/courtroom/native_phase2.rs --source workspaces/worth-ui/crates/worth-ui-host-native/src/native/event_loop/tests.rs --source workspaces/worth-ui/crates/worth-ui-host-native/src/native/event_loop/thread_posture.rs --source workspaces/worth-ui/crates/worth-ui-host-native/src/qualification.rs --source workspaces/worth-ui/crates/worth-ui-host-native/src/prepared_host.rs --source workspaces/worth-ui/apps/platform-pulse/src/native_phase2_evidence.rs --source plans/worth-ui/milestone-3.14.1-evidence/p2-world-01.json --source scripts/ci/run_worth_ui_shared_ledger_control.py --artifact plans/worth-ui/milestone-3.14.1-evidence/p2-event-loop-01.json,1,passed,plans/worth-ui/milestone-3.14.1-evidence/p2-event-loop-01.json,ef56a3d58523baa15ae4c253455a01ef16623e06,c100dfd3a0a3710a0c61da56d7a638efe72c6a48fc625171088092708ae8b46b,2adb5b50291c0fcd8e34e18d93bd56e4f4cf5b95adab5ad53a04b5490bd715e6,c2df1f0a936ef52316999a6c9c8795f5,workspaces/worth-ui/crates/worth-ui-host-native/src/native/event_loop/callback_thread.rs;workspaces/worth-ui/apps/platform-pulse/tests/executable_world/courtroom/native_phase2.rs;workspaces/worth-ui/crates/worth-ui-host-native/src/native/event_loop/tests.rs;workspaces/worth-ui/crates/worth-ui-host-native/src/native/event_loop/thread_posture.rs;workspaces/worth-ui/crates/worth-ui-host-native/src/qualification.rs;workspaces/worth-ui/crates/worth-ui-host-native/src/prepared_host.rs;workspaces/worth-ui/apps/platform-pulse/src/native_phase2_evidence.rs;plans/worth-ui/milestone-3.14.1-evidence/p2-world-01.json;scripts/ci/run_worth_ui_shared_ledger_control.py,worth-ui-body-default-v1,6f140249866e6815e9284fe1c8c959a8bb1b8cab252cfbe8c7c397f9a7eb9b01,worth-ui-windows-dx12-v1,1c937a22f42660267480a055e48256b25decf0c4cd5d4d7b493e5df034c6c65b,pollster=0.4.0;winit=0.30.13;winit-features=rwh_06;wgpu=29.0.4;wgpu-features=std+parking_lot+dx12+wgsl;xcap=0.9.7;xcap-features=wgc;winsafe=0.0.28;winsafe-features=dwm+kernel+user;uiautomation=0.25.0;uiautomation-features=control+input+screenshot;win32job=2.0.3;protocol=4,event-loop=1,not-applicable,not-applicable,PROVED,none,true,df4b5b28861d668faa51f747baed90a2586a72c9c1c63bd3e182673ad718e6e7
2,P2-GRAPHICS-01,worth-ui-host-native,device queue and retained target ownership,windows-native-boundary-world,1,windows-integration,worth-ui-ledger-evidence-v3,a0dfb071145ee2531be8ca2fb52489185b88e13412bdb5b0231d424e6d5cdd9d,vulkan-or-small-limit,not-applicable,worth_ui_host_native::graphics,workspaces/worth-ui/crates/worth-ui-host-native/src/native/graphics/adapter_selection.rs::select_eligible_adapter,workspaces/worth-ui/apps/platform-pulse/tests/executable_world/courtroom/native_phase2.rs::windows_native_boundary_world_presents_quiesces_and_closes_without_residue,family=backend-substitution;case=vulkan-or-small-limit,before-effects,plans/worth-ui/milestone-3.14.1-evidence/p2-graphics-01.json,terminal,main-tests=0;hostile-controls=1;product-processes=0;compile-sessions=0;courtroom-worlds=0;shared-native-worlds=1,executed-tests=1;presentations=0;shared-presentations=1,python scripts/ci/run_worth_ui_shared_ledger_control.py --manifest-path workspaces/worth-ui/Cargo.toml --package worth-ui-platform-pulse --test executable_world --features executable-world --test-name courtroom::native_phase2::windows_native_boundary_world_presents_quiesces_and_closes_without_residue --control-package worth-ui-host-native --control-lib --control-test-name native::graphics::tests::adapter_selection_returns_the_exact_qualified_candidate_and_rejects_substitutes --requirement P2-GRAPHICS-01 --source workspaces/worth-ui/crates/worth-ui-host-native/src/native/graphics/adapter_selection.rs --source workspaces/worth-ui/apps/platform-pulse/tests/executable_world/courtroom/native_phase2.rs --source workspaces/worth-ui/crates/worth-ui-host-native/src/native/graphics.rs --source plans/worth-ui/milestone-3.14.1-evidence/p2-world-01.json --source scripts/ci/run_worth_ui_shared_ledger_control.py --artifact plans/worth-ui/milestone-3.14.1-evidence/p2-graphics-01.json,1,passed,plans/worth-ui/milestone-3.14.1-evidence/p2-graphics-01.json,ef56a3d58523baa15ae4c253455a01ef16623e06,487c2da6b7a8293a439fddbaf6edcd294b1bcf8631cc0a660acf2cbc4be75654,2adb5b50291c0fcd8e34e18d93bd56e4f4cf5b95adab5ad53a04b5490bd715e6,234bc2e7d2255d359052635ee9968601,workspaces/worth-ui/crates/worth-ui-host-native/src/native/graphics/adapter_selection.rs;workspaces/worth-ui/apps/platform-pulse/tests/executable_world/courtroom/native_phase2.rs;workspaces/worth-ui/crates/worth-ui-host-native/src/native/graphics.rs;plans/worth-ui/milestone-3.14.1-evidence/p2-world-01.json;scripts/ci/run_worth_ui_shared_ledger_control.py,worth-ui-body-default-v1,6f140249866e6815e9284fe1c8c959a8bb1b8cab252cfbe8c7c397f9a7eb9b01,worth-ui-windows-dx12-v1,1c937a22f42660267480a055e48256b25decf0c4cd5d4d7b493e5df034c6c65b,pollster=0.4.0;winit=0.30.13;winit-features=rwh_06;wgpu=29.0.4;wgpu-features=std+parking_lot+dx12+wgsl;xcap=0.9.7;xcap-features=wgc;winsafe=0.0.28;winsafe-features=dwm+kernel+user;uiautomation=0.25.0;uiautomation-features=control+input+screenshot;win32job=2.0.3;protocol=4,graphics=1,observed:retained-rgba-47-129-247-255,not-applicable,PROVED,none,true,6693c12d1c35bdc917a9712ad95d8fa27aeefdcf8e3051beebc2dc97511bb6c6
2,P2-PIXELS-01,worth-ui-certification,independent client area pixel observation,windows-native-boundary-world,1,external-observation,worth-ui-ledger-evidence-v3,a0dfb071145ee2531be8ca2fb52489185b88e13412bdb5b0231d424e6d5cdd9d,wrong-client-pixel,not-applicable,worth_ui_certification::windows_pixels,workspaces/worth-ui/apps/platform-pulse/tests/executable_world/native_platform/windows.rs::capture_exposed_client_area,workspaces/worth-ui/apps/platform-pulse/tests/executable_world/courtroom/native_phase2.rs::windows_native_boundary_world_presents_quiesces_and_closes_without_residue,family=expected-pixel-substitution;case=wrong-client-pixel,after-effects-may-have-begun,plans/worth-ui/milestone-3.14.1-evidence/p2-pixels-01.json,terminal,main-tests=0;hostile-controls=1;product-processes=0;compile-sessions=0;courtroom-worlds=0;shared-native-worlds=1,executed-tests=1;presentations=0;shared-presentations=1,python scripts/ci/run_worth_ui_shared_ledger_control.py --manifest-path workspaces/worth-ui/Cargo.toml --package worth-ui-platform-pulse --test executable_world --features executable-world --test-name courtroom::native_phase2::windows_native_boundary_world_presents_quiesces_and_closes_without_residue --control-package worth-ui-platform-pulse --control-test executable_world --control-features executable-world --control-test-name native_platform::windows::independent_window_capture_rejects_monitor_pixel_substitution --requirement P2-PIXELS-01 --source workspaces/worth-ui/apps/platform-pulse/tests/executable_world/native_platform/windows.rs --source workspaces/worth-ui/apps/platform-pulse/tests/executable_world/courtroom/native_phase2.rs --source plans/worth-ui/milestone-3.14.1-evidence/p2-world-01.json --source scripts/ci/run_worth_ui_shared_ledger_control.py --artifact plans/worth-ui/milestone-3.14.1-evidence/p2-pixels-01.json,1,passed,plans/worth-ui/milestone-3.14.1-evidence/p2-pixels-01.json,ef56a3d58523baa15ae4c253455a01ef16623e06,09967e3245fb7317af73f81dc4cada7239e970e28caf481fb7481605521516e1,2adb5b50291c0fcd8e34e18d93bd56e4f4cf5b95adab5ad53a04b5490bd715e6,c81088d8c295c49f85bcdc9ae3794ac3,workspaces/worth-ui/apps/platform-pulse/tests/executable_world/native_platform/windows.rs;workspaces/worth-ui/apps/platform-pulse/tests/executable_world/courtroom/native_phase2.rs;plans/worth-ui/milestone-3.14.1-evidence/p2-world-01.json;scripts/ci/run_worth_ui_shared_ledger_control.py,worth-ui-body-default-v1,6f140249866e6815e9284fe1c8c959a8bb1b8cab252cfbe8c7c397f9a7eb9b01,worth-ui-windows-dx12-v1,1c937a22f42660267480a055e48256b25decf0c4cd5d4d7b493e5df034c6c65b,pollster=0.4.0;winit=0.30.13;winit-features=rwh_06;wgpu=29.0.4;wgpu-features=std+parking_lot+dx12+wgsl;xcap=0.9.7;xcap-features=wgc;winsafe=0.0.28;winsafe-features=dwm+kernel+user;uiautomation=0.25.0;uiautomation-features=control+input+screenshot;win32job=2.0.3;protocol=4,pixels=3,observed:retained-rgba-47-129-247-255,observed:three-client-pixels-47-129-247-255,PROVED,none,true,e09a5b7bd3c37c401f2b3b7e510c8f8036222c7cf69b1ce6ba4afb6ad2603c54
2,P2-PORTS-01,worth-ui-host-native,production external effect ports,windows-native-boundary-world,1,windows-integration,worth-ui-ledger-evidence-v3,a0dfb071145ee2531be8ca2fb52489185b88e13412bdb5b0231d424e6d5cdd9d,indeterminate-as-before-effects,not-applicable,worth_ui_host_native::external_ports,workspaces/worth-ui/crates/worth-ui-host-native/src/native/presentation/transaction_state.rs::settle_port_result,workspaces/worth-ui/apps/platform-pulse/tests/executable_world/courtroom/native_phase2.rs::windows_native_boundary_world_presents_quiesces_and_closes_without_residue,family=scripted-port-substitution;case=indeterminate-as-before-effects,after-effects-may-have-begun,plans/worth-ui/milestone-3.14.1-evidence/p2-ports-01.json,terminal,main-tests=0;hostile-controls=1;product-processes=0;compile-sessions=0;courtroom-worlds=0;shared-native-worlds=1,executed-tests=1;presentations=0;shared-presentations=1,python scripts/ci/run_worth_ui_shared_ledger_control.py --manifest-path workspaces/worth-ui/Cargo.toml --package worth-ui-platform-pulse --test executable_world --features executable-world --test-name courtroom::native_phase2::windows_native_boundary_world_presents_quiesces_and_closes_without_residue --control-package worth-ui-host-native --control-lib --control-test-name native::presentation::tests::external_port_failures_cross_the_real_framework_settlement_transition --requirement P2-PORTS-01 --source workspaces/worth-ui/crates/worth-ui-host-native/src/native/presentation/transaction_state.rs --source workspaces/worth-ui/apps/platform-pulse/tests/executable_world/courtroom/native_phase2.rs --source workspaces/worth-ui/crates/worth-ui-host-native/src/native/presentation.rs --source workspaces/worth-ui/crates/worth-ui-host-native/src/native/event_loop/window_port.rs --source workspaces/worth-ui/crates/worth-ui-host-native/src/native/graphics/port.rs --source workspaces/worth-ui/crates/worth-ui-host-native/src/native/presentation/port.rs --source workspaces/worth-ui/crates/worth-ui-host-native/src/native/presentation/pending_wgpu_readback.rs --source workspaces/worth-ui/crates/worth-ui-host-native/src/native/event_loop.rs --source plans/worth-ui/milestone-3.14.1-evidence/p2-world-01.json --source scripts/ci/run_worth_ui_shared_ledger_control.py --artifact plans/worth-ui/milestone-3.14.1-evidence/p2-ports-01.json,1,passed,plans/worth-ui/milestone-3.14.1-evidence/p2-ports-01.json,ef56a3d58523baa15ae4c253455a01ef16623e06,72fef0cc1cf6e5de460a266dfccfc7e31dd9891ac053cfae471f5bcdd4f92714,2adb5b50291c0fcd8e34e18d93bd56e4f4cf5b95adab5ad53a04b5490bd715e6,5c351a5612a726d7dbd478311c76fa95,workspaces/worth-ui/crates/worth-ui-host-native/src/native/presentation/transaction_state.rs;workspaces/worth-ui/apps/platform-pulse/tests/executable_world/courtroom/native_phase2.rs;workspaces/worth-ui/crates/worth-ui-host-native/src/native/presentation.rs;workspaces/worth-ui/crates/worth-ui-host-native/src/native/event_loop/window_port.rs;workspaces/worth-ui/crates/worth-ui-host-native/src/native/graphics/port.rs;workspaces/worth-ui/crates/worth-ui-host-native/src/native/presentation/port.rs;workspaces/worth-ui/crates/worth-ui-host-native/src/native/presentation/pending_wgpu_readback.rs;workspaces/worth-ui/crates/worth-ui-host-native/src/native/event_loop.rs;plans/worth-ui/milestone-3.14.1-evidence/p2-world-01.json;scripts/ci/run_worth_ui_shared_ledger_control.py,worth-ui-body-default-v1,6f140249866e6815e9284fe1c8c959a8bb1b8cab252cfbe8c7c397f9a7eb9b01,worth-ui-windows-dx12-v1,1c937a22f42660267480a055e48256b25decf0c4cd5d4d7b493e5df034c6c65b,pollster=0.4.0;winit=0.30.13;winit-features=rwh_06;wgpu=29.0.4;wgpu-features=std+parking_lot+dx12+wgsl;xcap=0.9.7;xcap-features=wgc;winsafe=0.0.28;winsafe-features=dwm+kernel+user;uiautomation=0.25.0;uiautomation-features=control+input+screenshot;win32job=2.0.3;protocol=4,ports=4,not-applicable,not-applicable,PROVED,none,true,0c9cb2cdaf35aeb4c7b8a637540e496f9296eb99dd679b259ea698bcdd097025
2,P2-PRESENT-01,worth-ui-host-native,attributed initial filled rectangle,windows-native-boundary-world,1,windows-integration,worth-ui-ledger-evidence-v3,a0dfb071145ee2531be8ca2fb52489185b88e13412bdb5b0231d424e6d5cdd9d,geometry-or-color-drift,not-applicable,worth_ui_host_native::presentation,workspaces/worth-ui/crates/worth-ui-host-native/src/native/presentation.rs::present_initial,workspaces/worth-ui/apps/platform-pulse/tests/executable_world/courtroom/native_phase2.rs::windows_native_boundary_world_presents_quiesces_and_closes_without_residue,family=geometry-color-substitution;case=geometry-or-color-drift,after-effects-may-have-begun,plans/worth-ui/milestone-3.14.1-evidence/p2-present-01.json,terminal,main-tests=0;hostile-controls=1;product-processes=0;compile-sessions=0;courtroom-worlds=0;shared-native-worlds=1,executed-tests=1;presentations=0;shared-presentations=1,python scripts/ci/run_worth_ui_shared_ledger_control.py --manifest-path workspaces/worth-ui/Cargo.toml --package worth-ui-platform-pulse --test executable_world --features executable-world --test-name courtroom::native_phase2::windows_native_boundary_world_presents_quiesces_and_closes_without_residue --control-package worth-ui-host-native --control-lib --control-test-name native::presentation::raster::tests::geometry_and_color_are_derived_from_the_admitted_command --requirement P2-PRESENT-01 --source workspaces/worth-ui/crates/worth-ui-host-native/src/native/presentation.rs --source workspaces/worth-ui/apps/platform-pulse/tests/executable_world/courtroom/native_phase2.rs --source workspaces/worth-ui/crates/worth-ui-host-native/src/native/presentation/raster.rs --source plans/worth-ui/milestone-3.14.1-evidence/p2-world-01.json --source scripts/ci/run_worth_ui_shared_ledger_control.py --artifact plans/worth-ui/milestone-3.14.1-evidence/p2-present-01.json,1,passed,plans/worth-ui/milestone-3.14.1-evidence/p2-present-01.json,ef56a3d58523baa15ae4c253455a01ef16623e06,48494a4f0567810db4cdea4f737f36ace764431c8726a49f2d96931ebf34d03d,2adb5b50291c0fcd8e34e18d93bd56e4f4cf5b95adab5ad53a04b5490bd715e6,6ab5eeca95e3d7f25c44a13e7f502bdb,workspaces/worth-ui/crates/worth-ui-host-native/src/native/presentation.rs;workspaces/worth-ui/apps/platform-pulse/tests/executable_world/courtroom/native_phase2.rs;workspaces/worth-ui/crates/worth-ui-host-native/src/native/presentation/raster.rs;plans/worth-ui/milestone-3.14.1-evidence/p2-world-01.json;scripts/ci/run_worth_ui_shared_ledger_control.py,worth-ui-body-default-v1,6f140249866e6815e9284fe1c8c959a8bb1b8cab252cfbe8c7c397f9a7eb9b01,worth-ui-windows-dx12-v1,1c937a22f42660267480a055e48256b25decf0c4cd5d4d7b493e5df034c6c65b,pollster=0.4.0;winit=0.30.13;winit-features=rwh_06;wgpu=29.0.4;wgpu-features=std+parking_lot+dx12+wgsl;xcap=0.9.7;xcap-features=wgc;winsafe=0.0.28;winsafe-features=dwm+kernel+user;uiautomation=0.25.0;uiautomation-features=control+input+screenshot;win32job=2.0.3;protocol=4,presentation=1,observed:retained-rgba-47-129-247-255,not-applicable,PROVED,none,true,0b9b83fc8f539c20dd2090c63c825814a8508f1b25ca68061f3f4aab498befa9
2,P2-READINESS-01,worth-ui-host-native,level triggered scheduling and quiescence,windows-native-boundary-world,1,lifecycle-model,worth-ui-ledger-evidence-v3,a0dfb071145ee2531be8ca2fb52489185b88e13412bdb5b0231d424e6d5cdd9d,duplicate-generation,not-applicable,worth_ui_host_native::readiness,workspaces/worth-ui/crates/worth-ui-host-native/src/native/readiness.rs::commit_latest,workspaces/worth-ui/apps/platform-pulse/tests/executable_world/courtroom/native_phase2.rs::windows_native_boundary_world_presents_quiesces_and_closes_without_residue,family=wake-drop-duplicate;case=duplicate-generation,before-effects,plans/worth-ui/milestone-3.14.1-evidence/p2-readiness-01.json,terminal,main-tests=0;hostile-controls=1;product-processes=0;compile-sessions=0;courtroom-worlds=0;shared-native-worlds=1,executed-tests=1;presentations=0;shared-presentations=1,python scripts/ci/run_worth_ui_shared_ledger_control.py --manifest-path workspaces/worth-ui/Cargo.toml --package worth-ui-platform-pulse --test executable_world --features executable-world --test-name courtroom::native_phase2::windows_native_boundary_world_presents_quiesces_and_closes_without_residue --control-package worth-ui-host-native --control-lib --control-test-name native::readiness::tests::committed_readiness_requests_exactly_one_redraw_and_preserves_the_latest_generation --requirement P2-READINESS-01 --source workspaces/worth-ui/crates/worth-ui-host-native/src/native/readiness.rs --source workspaces/worth-ui/apps/platform-pulse/tests/executable_world/courtroom/native_phase2.rs --source plans/worth-ui/milestone-3.14.1-evidence/p2-world-01.json --source scripts/ci/run_worth_ui_shared_ledger_control.py --artifact plans/worth-ui/milestone-3.14.1-evidence/p2-readiness-01.json,1,passed,plans/worth-ui/milestone-3.14.1-evidence/p2-readiness-01.json,ef56a3d58523baa15ae4c253455a01ef16623e06,ff686b155b6afd1182847c8e840cca086f0f9fc4583d61df18141bd3cdcfde29,2adb5b50291c0fcd8e34e18d93bd56e4f4cf5b95adab5ad53a04b5490bd715e6,84fd5b145ac75f381d39a29269a9b03d,workspaces/worth-ui/crates/worth-ui-host-native/src/native/readiness.rs;workspaces/worth-ui/apps/platform-pulse/tests/executable_world/courtroom/native_phase2.rs;plans/worth-ui/milestone-3.14.1-evidence/p2-world-01.json;scripts/ci/run_worth_ui_shared_ledger_control.py,worth-ui-body-default-v1,6f140249866e6815e9284fe1c8c959a8bb1b8cab252cfbe8c7c397f9a7eb9b01,worth-ui-windows-dx12-v1,1c937a22f42660267480a055e48256b25decf0c4cd5d4d7b493e5df034c6c65b,pollster=0.4.0;winit=0.30.13;winit-features=rwh_06;wgpu=29.0.4;wgpu-features=std+parking_lot+dx12+wgsl;xcap=0.9.7;xcap-features=wgc;winsafe=0.0.28;winsafe-features=dwm+kernel+user;uiautomation=0.25.0;uiautomation-features=control+input+screenshot;win32job=2.0.3;protocol=4,readiness=1,not-applicable,not-applicable,PROVED,none,true,a38763710eacf9ebc414c1d914b8823af0a23289208f61cdaefe834a8b5620d7
2,P2-WINDOW-01,worth-ui-host-native,windows window surface and dpi lifecycle,windows-native-boundary-world,1,windows-integration,worth-ui-ledger-evidence-v3,a0dfb071145ee2531be8ca2fb52489185b88e13412bdb5b0231d424e6d5cdd9d,dpi-basis-drift,not-applicable,worth_ui_host_native::window,workspaces/worth-ui/crates/worth-ui-host-native/src/native/graphics.rs::basis_changed,workspaces/worth-ui/apps/platform-pulse/tests/executable_world/courtroom/native_phase2.rs::windows_native_boundary_world_presents_quiesces_and_closes_without_residue,family=window-substitution;case=dpi-basis-drift,before-effects,plans/worth-ui/milestone-3.14.1-evidence/p2-window-01.json,terminal,main-tests=0;hostile-controls=1;product-processes=0;compile-sessions=0;courtroom-worlds=0;shared-native-worlds=1,executed-tests=1;presentations=0;shared-presentations=1,python scripts/ci/run_worth_ui_shared_ledger_control.py --manifest-path workspaces/worth-ui/Cargo.toml --package worth-ui-platform-pulse --test executable_world --features executable-world --test-name courtroom::native_phase2::windows_native_boundary_world_presents_quiesces_and_closes_without_residue --control-package worth-ui-host-native --control-lib --control-test-name native::graphics::tests::window_basis_classifier_rearms_only_for_new_scale_or_nonzero_extent --requirement P2-WINDOW-01 --source workspaces/worth-ui/crates/worth-ui-host-native/src/native/graphics.rs --source workspaces/worth-ui/apps/platform-pulse/tests/executable_world/courtroom/native_phase2.rs --source plans/worth-ui/milestone-3.14.1-evidence/p2-world-01.json --source scripts/ci/run_worth_ui_shared_ledger_control.py --artifact plans/worth-ui/milestone-3.14.1-evidence/p2-window-01.json,1,passed,plans/worth-ui/milestone-3.14.1-evidence/p2-window-01.json,ef56a3d58523baa15ae4c253455a01ef16623e06,a092cda1644326784b7d4131d7d7bd610e2e5fa87d7813e1ef3211eee113cebf,2adb5b50291c0fcd8e34e18d93bd56e4f4cf5b95adab5ad53a04b5490bd715e6,6e2be77eaed41c0e40456f8704acde28,workspaces/worth-ui/crates/worth-ui-host-native/src/native/graphics.rs;workspaces/worth-ui/apps/platform-pulse/tests/executable_world/courtroom/native_phase2.rs;plans/worth-ui/milestone-3.14.1-evidence/p2-world-01.json;scripts/ci/run_worth_ui_shared_ledger_control.py,worth-ui-body-default-v1,6f140249866e6815e9284fe1c8c959a8bb1b8cab252cfbe8c7c397f9a7eb9b01,worth-ui-windows-dx12-v1,1c937a22f42660267480a055e48256b25decf0c4cd5d4d7b493e5df034c6c65b,pollster=0.4.0;winit=0.30.13;winit-features=rwh_06;wgpu=29.0.4;wgpu-features=std+parking_lot+dx12+wgsl;xcap=0.9.7;xcap-features=wgc;winsafe=0.0.28;winsafe-features=dwm+kernel+user;uiautomation=0.25.0;uiautomation-features=control+input+screenshot;win32job=2.0.3;protocol=4,window=1,not-applicable,not-applicable,PROVED,none,true,ea68d44ab702e13b1c3cb24a5c8b8aaf6f78bde3e7fb87c85062d81aa7136ae9
2,P2-WORLD-01,worth-ui-certification,environment qualified windows boundary world,windows-native-boundary-world,1,production-courtroom,worth-ui-ledger-evidence-v3,a0dfb071145ee2531be8ca2fb52489185b88e13412bdb5b0231d424e6d5cdd9d,os-backend-client-or-close,not-applicable,worth_ui_certification::windows_native_world,workspaces/worth-ui/apps/platform-pulse/src/main.rs::run_native_phase2_world,workspaces/worth-ui/apps/platform-pulse/tests/executable_world/courtroom/native_phase2.rs::windows_native_boundary_world_presents_quiesces_and_closes_without_residue,family=world-substitution;case=os-backend-client-or-close,after-effects-may-have-begun,plans/worth-ui/milestone-3.14.1-evidence/p2-world-01.json,terminal,main-tests=1;hostile-controls=1;product-processes=1;compile-sessions=0;courtroom-worlds=1,executed-tests=2;presentations=1,python scripts/ci/run_worth_ui_ledger_test.py --manifest-path workspaces/worth-ui/Cargo.toml --package worth-ui-platform-pulse --test executable_world --features executable-world --test-name courtroom::native_phase2::windows_native_boundary_world_presents_quiesces_and_closes_without_residue --control-package worth-ui-certification --control-test topology_contracts --control-test-name milestone_3141_phase1_ledger::result_artifact::mutation_tests::phase_two_boundary_observation_rejects_each_causal_mutation --requirement P2-WORLD-01 --source workspaces/worth-ui/apps/platform-pulse/src/main.rs --source workspaces/worth-ui/apps/platform-pulse/tests/executable_world/courtroom/native_phase2.rs --source workspaces/worth-ui/crates/worth-ui-certification/tests/milestone_3141_phase1_ledger/result_artifact_mutation.rs --source workspaces/worth-ui/apps/platform-pulse/src/native_seed_application.rs --source workspaces/worth-ui/apps/platform-pulse/src/native_phase2_evidence.rs --source workspaces/worth-ui/crates/worth-ui-host-native/src/native/event_loop/thread_posture.rs --source workspaces/worth-ui/crates/worth-ui-host-native/src/native/event_loop/finish.rs --artifact plans/worth-ui/milestone-3.14.1-evidence/p2-world-01.json,1,passed,plans/worth-ui/milestone-3.14.1-evidence/p2-world-01.json,ef56a3d58523baa15ae4c253455a01ef16623e06,fe59b2b32df4eda0ea52b53befd0719f9068a7f89cd5c09d120eaed10a0d05bc,2adb5b50291c0fcd8e34e18d93bd56e4f4cf5b95adab5ad53a04b5490bd715e6,1aeab49b42f0c3cff47d37bc26e9b7bc,workspaces/worth-ui/apps/platform-pulse/src/main.rs;workspaces/worth-ui/apps/platform-pulse/tests/executable_world/courtroom/native_phase2.rs;workspaces/worth-ui/crates/worth-ui-certification/tests/milestone_3141_phase1_ledger/result_artifact_mutation.rs;workspaces/worth-ui/apps/platform-pulse/src/native_seed_application.rs;workspaces/worth-ui/apps/platform-pulse/src/native_phase2_evidence.rs;workspaces/worth-ui/crates/worth-ui-host-native/src/native/event_loop/thread_posture.rs;workspaces/worth-ui/crates/worth-ui-host-native/src/native/event_loop/finish.rs,worth-ui-body-default-v1,6f140249866e6815e9284fe1c8c959a8bb1b8cab252cfbe8c7c397f9a7eb9b01,worth-ui-windows-dx12-v1,1c937a22f42660267480a055e48256b25decf0c4cd5d4d7b493e5df034c6c65b,pollster=0.4.0;winit=0.30.13;winit-features=rwh_06;wgpu=29.0.4;wgpu-features=std+parking_lot+dx12+wgsl;xcap=0.9.7;xcap-features=wgc;winsafe=0.0.28;winsafe-features=dwm+kernel+user;uiautomation=0.25.0;uiautomation-features=control+input+screenshot;win32job=2.0.3;protocol=4,world=1,observed:retained-rgba-47-129-247-255,observed:three-client-pixels-47-129-247-255,PROVED,none,true,87cf69a94e91ecae5cead8b473a11cc7ccc8dbc279fb39ed43fd1dfc0f785d72
3,P3-BASELINE-REPLAY-01,worth-ui-host-native,damage replay against the registered transparent baseline,maximum-overlap-rectangle-world,1,ordered-pixel,worth-ui-ledger-evidence-v3,a0dfb071145ee2531be8ca2fb52489185b88e13412bdb5b0231d424e6d5cdd9d,opaque-baseline-clear,not-applicable,worth_ui_host_native::presentation::damage,workspaces/worth-ui/crates/worth-ui-host-native/src/native/presentation/pipeline.rs::draw_presentation_operations,workspaces/worth-ui/apps/platform-pulse/tests/executable_world/courtroom/native_phase3.rs::maximum_overlap_deltas_cross_public_runtime_native_pixels_and_exact_costs,family=baseline-substitution;case=opaque-baseline-clear,after-effects-may-have-begun,plans/worth-ui/milestone-3.14.1-evidence/p3-baseline-replay-01.json,not-applicable,main-tests=0;hostile-controls=1;product-processes=0;compile-sessions=0;courtroom-worlds=0;shared-native-worlds=1,executed-tests=1;presentations=0;shared-presentations=7,python scripts/ci/run_worth_ui_shared_ledger_control.py --manifest-path workspaces/worth-ui/Cargo.toml --package worth-ui-platform-pulse --test executable_world --features executable-world --test-name courtroom::native_phase3::maximum_overlap_deltas_cross_public_runtime_native_pixels_and_exact_costs --control-package worth-ui-host-native --control-lib --control-test-name native::presentation::delta::tests::opaque_replay_baseline_is_rejected_before_raster_work --requirement P3-BASELINE-REPLAY-01 --source workspaces/worth-ui/apps/platform-pulse/tests/executable_world/courtroom/native_phase3.rs --source workspaces/worth-ui/apps/platform-pulse/src/native_phase3_application.rs --source workspaces/worth-ui/crates/worth-ui-runtime/src/facade/entry/native_application_program.rs --source workspaces/worth-ui/crates/worth-ui-runtime/src/facade/entry/native_application_shell/component_presence.rs --source workspaces/worth-ui/crates/worth-ui-runtime/src/native_platform/application_driver.rs --source workspaces/worth-ui/crates/worth-ui-runtime/src/mounting/presentation/work_producer.rs --source workspaces/worth-ui/crates/worth-ui-host-native/src/native/mechanics_adapter/presentation.rs --source workspaces/worth-ui/crates/worth-ui-host-native/src/native/presentation/delta.rs --source workspaces/worth-ui/crates/worth-ui-host-native/src/native/presentation/pipeline.rs --source plans/worth-ui/milestone-3.14.1-evidence/p3-hp02-world-01.json --source scripts/ci/run_worth_ui_shared_ledger_control.py --artifact plans/worth-ui/milestone-3.14.1-evidence/p3-baseline-replay-01.json,1,passed,plans/worth-ui/milestone-3.14.1-evidence/p3-baseline-replay-01.json,ef56a3d58523baa15ae4c253455a01ef16623e06,9aa705278bbb2da04c2bdf6b04ebf9ca52262c45b98082013468f34e7dc09d5a,2adb5b50291c0fcd8e34e18d93bd56e4f4cf5b95adab5ad53a04b5490bd715e6,5cc4854d8a4f1eca51c50b3c1e10be98,workspaces/worth-ui/apps/platform-pulse/tests/executable_world/courtroom/native_phase3.rs;workspaces/worth-ui/apps/platform-pulse/src/native_phase3_application.rs;workspaces/worth-ui/crates/worth-ui-runtime/src/facade/entry/native_application_program.rs;workspaces/worth-ui/crates/worth-ui-runtime/src/facade/entry/native_application_shell/component_presence.rs;workspaces/worth-ui/crates/worth-ui-runtime/src/native_platform/application_driver.rs;workspaces/worth-ui/crates/worth-ui-runtime/src/mounting/presentation/work_producer.rs;workspaces/worth-ui/crates/worth-ui-host-native/src/native/mechanics_adapter/presentation.rs;workspaces/worth-ui/crates/worth-ui-host-native/src/native/presentation/delta.rs;workspaces/worth-ui/crates/worth-ui-host-native/src/native/presentation/pipeline.rs;plans/worth-ui/milestone-3.14.1-evidence/p3-hp02-world-01.json;scripts/ci/run_worth_ui_shared_ledger_control.py,worth-ui-body-default-v1,6f140249866e6815e9284fe1c8c959a8bb1b8cab252cfbe8c7c397f9a7eb9b01,worth-ui-windows-dx12-v1,1c937a22f42660267480a055e48256b25decf0c4cd5d4d7b493e5df034c6c65b,pollster=0.4.0;winit=0.30.13;winit-features=rwh_06;wgpu=29.0.4;wgpu-features=std+parking_lot+dx12+wgsl;xcap=0.9.7;xcap-features=wgc;winsafe=0.0.28;winsafe-features=dwm+kernel+user;uiautomation=0.25.0;uiautomation-features=control+input+screenshot;win32job=2.0.3;protocol=4,baseline-clears=1,not-applicable,not-applicable,PROVED,supersedes:b8bdcb63181b053913139942ffbfacf9294a776e47df3fb3af45f841ceffb824;supersedes:c1f0996c1a53cf9808d1f42d845cf25344e7ceb5460a7ad91c6f5171e0d42a37;supersedes:f5d0f0f3e5bcc226627b83d7cadca599012f0e7b863184d28d0530d7cf53b038;supersedes:f922731111a3e0f7de575db5f425bba01f393646176934551468520b915d28d4,true,7829326d5d2cd961ff9f816ac2986d6b864390337ad7b07683a8e4517ada9565
3,P3-CLOSE-01,worth-ui-certification,phase three final source closure,phase-three-ledger-world,1,ledger-closure,worth-ui-ledger-evidence-v3,fac1e8e183d3c9299bed2ffa2cda1dddd8da423fdf775740dd0a4b944aa373bf,open-requirement,not-applicable,worth_ui_certification::phase_three_ledger,workspaces/worth-ui/crates/worth-ui-certification/tests/milestone_3141_phase1_ledger.rs::validate_phase_closure,workspaces/worth-ui/crates/worth-ui-certification/tests/milestone_3141_phase1_ledger.rs::phase_three_closure_requires_every_predecessor_and_phase_three_row,family=ledger;case=open-requirement,not-applicable,plans/worth-ui/milestone-3.14.1-evidence/p3-close-01.json,not-applicable,main-tests=1;hostile-controls=1;product-processes=0;compile-sessions=0;courtroom-worlds=0,executed-tests=2;presentations=0,python scripts/ci/run_worth_ui_ledger_test.py --manifest-path workspaces/worth-ui/Cargo.toml --package worth-ui-certification --test topology_contracts --test-name milestone_3141_phase1_ledger::phase_three_closure_requires_every_predecessor_and_phase_three_row --control-package worth-ui-certification --control-test topology_contracts --control-test-name milestone_3141_phase1_ledger::mutation_tests::phase_closure_mode_rejects_open_rows_at_or_before_its_gate --requirement P3-CLOSE-01 --source workspaces/worth-ui/crates/worth-ui-certification/tests/milestone_3141_phase1_ledger.rs --source scripts/ci/worth_ui_3141_p3_proofs.py --source scripts/ci/worth_ui_3141_closure_sources.py --source scripts/ci/worth_ui_3141_proof_plan.py --source workspaces/worth-ui/crates/worth-ui-certification/tests/milestone_3141_phase1_ledger/predecessor_artifact/execution_identity.rs --source workspaces/worth-ui/crates/worth-ui-certification/tests/milestone_3141_phase1_ledger/predecessor_artifact/execution_observation.rs --source workspaces/worth-ui/crates/worth-ui-certification/tests/milestone_3141_phase1_ledger/predecessor_artifact/causal_reuse.rs --source scripts/ci/worth_ui_ledger_execution_binding.py --source scripts/ci/worth_ui_ledger_execution_identity.py --source scripts/ci/worth_ui_ledger_execution_observation.py --source scripts/ci/worth_ui_ledger_execution_observation_store.py --source scripts/ci/worth_ui_ledger_execution_observation_migration.py --source scripts/ci/worth_ui_ledger_execution_reference_validation.py --source scripts/ci/worth_ui_ledger_portfolio_executions.py --source scripts/ci/worth_ui_ledger_artifact_transaction.py --source scripts/ci/worth_ui_ledger_artifact_identity.py --source scripts/ci/worth_ui_ledger_artifact_publication.py --source scripts/ci/worth_ui_ledger_candidate_basis.py --source scripts/ci/worth_ui_ledger_causal_revalidation.py --source scripts/ci/worth_ui_ledger_execution_observation_retention.py --source scripts/ci/worth_ui_ledger_legacy_execution_archive.py --source scripts/ci/worth_ui_ledger_portfolio_snapshot.py --source scripts/ci/worth_ui_ledger_row_cache.py --source scripts/ci/worth_ui_ledger_runner_authentication.py --source scripts/ci/worth_ui_predecessor_candidate.py --source scripts/ci/worth_ui_predecessor_causal_refresh.py --source scripts/ci/worth_ui_predecessor_handoff.py --source scripts/ci/worth_ui_predecessor_refresh_order.py --source scripts/ci/worth_ui_predecessor_refresh_runtime.py --source workspaces/worth-ui/crates/worth-ui-certification/tests/milestone_3141_phase1_ledger/execution_contract.rs --source scripts/ci/close_worth_ui_3141_ledger.py --source scripts/ci/worth_ui_ledger_acceptance.py --source scripts/ci/worth_ui_ledger_atomic_closure.py --source scripts/ci/worth_ui_ledger_closure_selection.py --source scripts/ci/worth_ui_ledger_closure_storage.py --source scripts/ci/worth_ui_ledger_retained_portfolio.py --source scripts/ci/worth_ui_ledger_row_evidence.py --source scripts/ci/worth_ui_ledger_row_execution.py --source scripts/ci/test_worth_ui_ledger_phase_selection.py --source scripts/ci/test_worth_ui_ledger_staged_lineage.py --source scripts/ci/worth_ui_ledger_operational_verification_tests.py --source scripts/ci/test_worth_ui_ledger_legacy_execution_archive.py --artifact plans/worth-ui/milestone-3.14.1-evidence/p3-close-01.json,1,passed,plans/worth-ui/milestone-3.14.1-evidence/p3-close-01.json,ef56a3d58523baa15ae4c253455a01ef16623e06,7eee8455591c57e84fa63ca0f343bf51052f164180a64b872c0bc794423b4cc5,2adb5b50291c0fcd8e34e18d93bd56e4f4cf5b95adab5ad53a04b5490bd715e6,dd988ae5ed6d5276ec20f9e0e4d27794,workspaces/worth-ui/crates/worth-ui-certification/tests/milestone_3141_phase1_ledger.rs;scripts/ci/worth_ui_3141_p3_proofs.py;scripts/ci/worth_ui_3141_closure_sources.py;scripts/ci/worth_ui_3141_proof_plan.py;workspaces/worth-ui/crates/worth-ui-certification/tests/milestone_3141_phase1_ledger/predecessor_artifact/execution_identity.rs;workspaces/worth-ui/crates/worth-ui-certification/tests/milestone_3141_phase1_ledger/predecessor_artifact/execution_observation.rs;workspaces/worth-ui/crates/worth-ui-certification/tests/milestone_3141_phase1_ledger/predecessor_artifact/causal_reuse.rs;scripts/ci/worth_ui_ledger_execution_binding.py;scripts/ci/worth_ui_ledger_execution_identity.py;scripts/ci/worth_ui_ledger_execution_observation.py;scripts/ci/worth_ui_ledger_execution_observation_store.py;scripts/ci/worth_ui_ledger_execution_observation_migration.py;scripts/ci/worth_ui_ledger_execution_reference_validation.py;scripts/ci/worth_ui_ledger_portfolio_executions.py;scripts/ci/worth_ui_ledger_artifact_transaction.py;scripts/ci/worth_ui_ledger_artifact_identity.py;scripts/ci/worth_ui_ledger_artifact_publication.py;scripts/ci/worth_ui_ledger_candidate_basis.py;scripts/ci/worth_ui_ledger_causal_revalidation.py;scripts/ci/worth_ui_ledger_execution_observation_retention.py;scripts/ci/worth_ui_ledger_legacy_execution_archive.py;scripts/ci/worth_ui_ledger_portfolio_snapshot.py;scripts/ci/worth_ui_ledger_row_cache.py;scripts/ci/worth_ui_ledger_runner_authentication.py;scripts/ci/worth_ui_predecessor_candidate.py;scripts/ci/worth_ui_predecessor_causal_refresh.py;scripts/ci/worth_ui_predecessor_handoff.py;scripts/ci/worth_ui_predecessor_refresh_order.py;scripts/ci/worth_ui_predecessor_refresh_runtime.py;workspaces/worth-ui/crates/worth-ui-certification/tests/milestone_3141_phase1_ledger/execution_contract.rs;scripts/ci/close_worth_ui_3141_ledger.py;scripts/ci/worth_ui_ledger_acceptance.py;scripts/ci/worth_ui_ledger_atomic_closure.py;scripts/ci/worth_ui_ledger_closure_selection.py;scripts/ci/worth_ui_ledger_closure_storage.py;scripts/ci/worth_ui_ledger_retained_portfolio.py;scripts/ci/worth_ui_ledger_row_evidence.py;scripts/ci/worth_ui_ledger_row_execution.py;scripts/ci/test_worth_ui_ledger_phase_selection.py;scripts/ci/test_worth_ui_ledger_staged_lineage.py;scripts/ci/worth_ui_ledger_operational_verification_tests.py;scripts/ci/test_worth_ui_ledger_legacy_execution_archive.py,worth-ui-body-default-v1,6f140249866e6815e9284fe1c8c959a8bb1b8cab252cfbe8c7c397f9a7eb9b01,worth-ui-windows-dx12-v1,1c937a22f42660267480a055e48256b25decf0c4cd5d4d7b493e5df034c6c65b,protocol=4,requirements=17,not-applicable,not-applicable,PROVED,supersedes:339ab1af3bdc60abbe6ccd1acb8f3d12825151bfc1ebbbcf3e594638281033f4;supersedes:a54a5ecd151009f0fdd814784d236d6ebb9c0ece37dd084fddcc8dc59bd64f6f;supersedes:66a9497d3560aa5f102b7f8e4039a29caa6f726c697e0ebf39a0a035a79e381e;supersedes:e1627477ed468361c2e1595e64595c7a4eeda096dc3c72c9f4f3fdecfdd7b4df,true,72dddd05dc0a8737713d5e8198a3e13c3bc5196e51c62e0f9b9c2b50a8d72fd6
3,P3-DAMAGE-INDEX-01,worth-ui-host-native,derived damage intersection index,maximum-overlap-rectangle-world,1,runtime-model,worth-ui-ledger-evidence-v3,a0dfb071145ee2531be8ca2fb52489185b88e13412bdb5b0231d424e6d5cdd9d,full-retained-scan,not-applicable,worth_ui_host_native::presentation::damage,workspaces/worth-ui/crates/worth-ui-host-native/src/native/presentation/damage_index.rs::intersecting,workspaces/worth-ui/crates/worth-ui-host-native/src/native/presentation/damage_index/tests.rs::maximum_overlap_stores_and_probes_each_command_once,family=retained-scan;case=full-retained-scan,not-applicable,plans/worth-ui/milestone-3.14.1-evidence/p3-damage-index-01.json,not-applicable,main-tests=1;hostile-controls=1;product-processes=0;compile-sessions=0;courtroom-worlds=0,executed-tests=2;presentations=0,python scripts/ci/run_worth_ui_ledger_test.py --manifest-path workspaces/worth-ui/Cargo.toml --package worth-ui-host-native --lib --test-name native::presentation::damage_index::tests::maximum_overlap_stores_and_probes_each_command_once --control-package worth-ui-host-native --control-lib --control-test-name native::presentation::damage_index::tests::sparse_and_same_center_adversaries_use_exact_two_dimensional_pruning --requirement P3-DAMAGE-INDEX-01 --source workspaces/worth-ui/crates/worth-ui-host-native/src/native/presentation/damage_index.rs --source workspaces/worth-ui/crates/worth-ui-host-native/src/native/presentation/damage_index/tests.rs --source workspaces/worth-ui/crates/worth-ui-host-native/src/native/presentation/damage_index/aabb.rs --source workspaces/worth-ui/crates/worth-ui-host-native/src/native/presentation/damage_index/arena.rs --source workspaces/worth-ui/crates/worth-ui-host-native/src/native/presentation/damage_index/hierarchy.rs --artifact plans/worth-ui/milestone-3.14.1-evidence/p3-damage-index-01.json,1,passed,plans/worth-ui/milestone-3.14.1-evidence/p3-damage-index-01.json,ef56a3d58523baa15ae4c253455a01ef16623e06,be32d871dec3b71e9c02f261f581d64aafdab9c707e98a1817bb507298021508,fa84671fbe4fd86c5a7f1158e7228c76041b87a10e395aba7ea679902ecbd862,2a7ed64c18dfa13f60811ca2e717ec21,workspaces/worth-ui/crates/worth-ui-host-native/src/native/presentation/damage_index.rs;workspaces/worth-ui/crates/worth-ui-host-native/src/native/presentation/damage_index/tests.rs;workspaces/worth-ui/crates/worth-ui-host-native/src/native/presentation/damage_index/aabb.rs;workspaces/worth-ui/crates/worth-ui-host-native/src/native/presentation/damage_index/arena.rs;workspaces/worth-ui/crates/worth-ui-host-native/src/native/presentation/damage_index/hierarchy.rs,worth-ui-body-default-v1,6f140249866e6815e9284fe1c8c959a8bb1b8cab252cfbe8c7c397f9a7eb9b01,worth-ui-windows-dx12-v1,1c937a22f42660267480a055e48256b25decf0c4cd5d4d7b493e5df034c6c65b,pollster=0.4.0;winit=0.30.13;winit-features=rwh_06;wgpu=29.0.4;wgpu-features=std+parking_lot+dx12+wgsl;xcap=0.9.7;xcap-features=wgc;winsafe=0.0.28;winsafe-features=dwm+kernel+user;uiautomation=0.25.0;uiautomation-features=control+input+screenshot;win32job=2.0.3;protocol=4,damage-probes=2048,not-applicable,not-applicable,PROVED,supersedes:e9af5cce94e1263388d9b2832723c72694a24ca6eac6aaef928f5d3909f4277a;supersedes:adfce654c99f115130fd2ecb5aa0f6253e82ead3d45af2492b5faa5c1122d834;supersedes:f49165ea969c7fa6dd301ea550691e304c23f2c913001071c90625706b89520a,true,738096b7575d33f37622eafacd1cc1da7bf65dee345ee1ac52157089fb048a14
3,P3-DAMAGE-REPLAY-01,worth-ui-host-native,ordered damage replay,maximum-overlap-rectangle-world,1,ordered-pixel,worth-ui-ledger-evidence-v3,a0dfb071145ee2531be8ca2fb52489185b88e13412bdb5b0231d424e6d5cdd9d,omitted-vacated-replay,not-applicable,worth_ui_host_native::presentation::damage,workspaces/worth-ui/crates/worth-ui-host-native/src/native/presentation/retained_draw_list/replay.rs::replay_plan,workspaces/worth-ui/apps/platform-pulse/tests/executable_world/courtroom/native_phase3.rs::maximum_overlap_deltas_cross_public_runtime_native_pixels_and_exact_costs,family=vacated-replay;case=omitted-vacated-replay,after-effects-may-have-begun,plans/worth-ui/milestone-3.14.1-evidence/p3-damage-replay-01.json,not-applicable,main-tests=0;hostile-controls=1;product-processes=0;compile-sessions=0;courtroom-worlds=0;shared-native-worlds=1,executed-tests=1;presentations=0;shared-presentations=7,python scripts/ci/run_worth_ui_shared_ledger_control.py --manifest-path workspaces/worth-ui/Cargo.toml --package worth-ui-platform-pulse --test executable_world --features executable-world --test-name courtroom::native_phase3::maximum_overlap_deltas_cross_public_runtime_native_pixels_and_exact_costs --control-package worth-ui-host-native --control-lib --control-test-name native::presentation::retained_draw_list::tests::replay_tests::removing_the_top_command_replays_the_vacated_underlying_command --requirement P3-DAMAGE-REPLAY-01 --source workspaces/worth-ui/apps/platform-pulse/tests/executable_world/courtroom/native_phase3.rs --source workspaces/worth-ui/apps/platform-pulse/src/native_phase3_application.rs --source workspaces/worth-ui/crates/worth-ui-runtime/src/facade/entry/native_application_program.rs --source workspaces/worth-ui/crates/worth-ui-runtime/src/facade/entry/native_application_shell/component_presence.rs --source workspaces/worth-ui/crates/worth-ui-runtime/src/native_platform/application_driver.rs --source workspaces/worth-ui/crates/worth-ui-runtime/src/mounting/presentation/work_producer.rs --source workspaces/worth-ui/crates/worth-ui-host-native/src/native/mechanics_adapter/presentation.rs --source workspaces/worth-ui/crates/worth-ui-host-native/src/native/presentation/delta.rs --source workspaces/worth-ui/crates/worth-ui-host-native/src/native/presentation/retained_draw_list/replay.rs --source workspaces/worth-ui/crates/worth-ui-host-native/src/native/presentation/retained_draw_list/replay_tests.rs --source plans/worth-ui/milestone-3.14.1-evidence/p3-hp02-world-01.json --source scripts/ci/run_worth_ui_shared_ledger_control.py --artifact plans/worth-ui/milestone-3.14.1-evidence/p3-damage-replay-01.json,1,passed,plans/worth-ui/milestone-3.14.1-evidence/p3-damage-replay-01.json,ef56a3d58523baa15ae4c253455a01ef16623e06,b12c5965e36851c1dbd4f1e1ffe8ff05d721d7e69b78ffc8bb0f940dc547ec3d,2adb5b50291c0fcd8e34e18d93bd56e4f4cf5b95adab5ad53a04b5490bd715e6,3edd07f79846940c423d3f70bb0d6e65,workspaces/worth-ui/apps/platform-pulse/tests/executable_world/courtroom/native_phase3.rs;workspaces/worth-ui/apps/platform-pulse/src/native_phase3_application.rs;workspaces/worth-ui/crates/worth-ui-runtime/src/facade/entry/native_application_program.rs;workspaces/worth-ui/crates/worth-ui-runtime/src/facade/entry/native_application_shell/component_presence.rs;workspaces/worth-ui/crates/worth-ui-runtime/src/native_platform/application_driver.rs;workspaces/worth-ui/crates/worth-ui-runtime/src/mounting/presentation/work_producer.rs;workspaces/worth-ui/crates/worth-ui-host-native/src/native/mechanics_adapter/presentation.rs;workspaces/worth-ui/crates/worth-ui-host-native/src/native/presentation/delta.rs;workspaces/worth-ui/crates/worth-ui-host-native/src/native/presentation/retained_draw_list/replay.rs;workspaces/worth-ui/crates/worth-ui-host-native/src/native/presentation/retained_draw_list/replay_tests.rs;plans/worth-ui/milestone-3.14.1-evidence/p3-hp02-world-01.json;scripts/ci/run_worth_ui_shared_ledger_control.py,worth-ui-body-default-v1,6f140249866e6815e9284fe1c8c959a8bb1b8cab252cfbe8c7c397f9a7eb9b01,worth-ui-windows-dx12-v1,1c937a22f42660267480a055e48256b25decf0c4cd5d4d7b493e5df034c6c65b,pollster=0.4.0;winit=0.30.13;winit-features=rwh_06;wgpu=29.0.4;wgpu-features=std+parking_lot+dx12+wgsl;xcap=0.9.7;xcap-features=wgc;winsafe=0.0.28;winsafe-features=dwm+kernel+user;uiautomation=0.25.0;uiautomation-features=control+input+screenshot;win32job=2.0.3;protocol=4,replayed-commands=2048,observed:native-vacated-region-transparent-readback,not-applicable,PROVED,supersedes:0523d0ed111e1ca911dd04a9386951a2475ac5641bc1e108770e03b556e913b3;supersedes:a9a4ca1a84860b34e0b880332471210652f1779e36c3380e3ad30598181ca065;supersedes:1bd24f074f8be86b0b04b8525f8965f5889efae41e5365a71febeee772eca496;supersedes:f8cb14595f5b7ce857b152c6b34e6b5cf9e98e2a35d4532cddb42c5512cc5bc3,true,f1bea3c285c32db21e6f8361a75d3de4508bbce4d687ae3a42ee0837a0910572
3,P3-DELTA-SOURCE-01,worth-ui-runtime,mounting issued exact successor scope,mixed-carrier-world,1,runtime-model,worth-ui-ledger-evidence-v3,1500dfdd4dae40ae38aab3f951756d4d780b70792fea1d70c29e2917c9abca16,successor-rediscovery,not-applicable,worth_ui_runtime::mounting::projection,workspaces/worth-ui/crates/worth-ui-runtime/src/mounting/presentation/work_producer.rs::issue_successor,workspaces/worth-ui/crates/worth-ui-certification/tests/application_contracts/host_platform/mod.rs::mixed_carrier_successors_are_local_at_the_4096_command_ceiling,family=delta-rediscovery;case=successor-rediscovery,not-applicable,plans/worth-ui/milestone-3.14.1-evidence/p3-delta-source-01.json,not-applicable,main-tests=1;hostile-controls=1;product-processes=0;compile-sessions=0;courtroom-worlds=1,executed-tests=2;presentations=5,python scripts/ci/run_worth_ui_ledger_test.py --manifest-path workspaces/worth-ui/Cargo.toml --package worth-ui-certification --test application_contracts --test-name host_platform::mixed_carrier_successors_are_local_at_the_4096_command_ceiling --control-package worth-ui-runtime --control-lib --control-test-name mounting::presentation::work_producer_tests::producer_slope::admitted_sources_leave_only_local_work_inside_delta_issuance --requirement P3-DELTA-SOURCE-01 --source workspaces/worth-ui/crates/worth-ui-certification/tests/application_contracts/host_platform/mod.rs --source workspaces/worth-ui/crates/worth-ui-certification/tests/application_contracts/host_platform/mixed_carrier.rs --source workspaces/worth-ui/crates/worth-ui-certification/tests/application_contracts/host_platform/mixed_carrier/application.rs --source workspaces/worth-ui/crates/worth-ui-runtime/src/mounting/presentation/work_producer.rs --source workspaces/worth-ui/crates/worth-ui-runtime/src/mounting/presentation/work_producer_tests/world.rs --artifact plans/worth-ui/milestone-3.14.1-evidence/p3-delta-source-01.json,1,passed,plans/worth-ui/milestone-3.14.1-evidence/p3-delta-source-01.json,ef56a3d58523baa15ae4c253455a01ef16623e06,cd899e9631d46250c764092c7e9f9d77a94c326083903c9e2313423cd98b7b37,2adb5b50291c0fcd8e34e18d93bd56e4f4cf5b95adab5ad53a04b5490bd715e6,ff2d5c2861e1313e31f67fe416d78b83,workspaces/worth-ui/crates/worth-ui-certification/tests/application_contracts/host_platform/mod.rs;workspaces/worth-ui/crates/worth-ui-certification/tests/application_contracts/host_platform/mixed_carrier.rs;workspaces/worth-ui/crates/worth-ui-certification/tests/application_contracts/host_platform/mixed_carrier/application.rs;workspaces/worth-ui/crates/worth-ui-runtime/src/mounting/presentation/work_producer.rs;workspaces/worth-ui/crates/worth-ui-runtime/src/mounting/presentation/work_producer_tests/world.rs,worth-ui-body-default-v1,6f140249866e6815e9284fe1c8c959a8bb1b8cab252cfbe8c7c397f9a7eb9b01,worth-ui-windows-dx12-v1,1c937a22f42660267480a055e48256b25decf0c4cd5d4d7b493e5df034c6c65b,protocol=4,source-rows=1,not-applicable,not-applicable,PROVED,supersedes:92b98c0413ee3343257b836b5a0592d67c0346169fb6a173ac7969308908776b;supersedes:7b0ef5c15a5bfc8f36469a37ac092d521ea16579be6e0f65a121b66bbc785a1b;supersedes:800b40ef0aa73fbdcce3b11a4a5360f29b2dbd67ee96a64d96539d78db0cde34;supersedes:143da1e76b79f17913368a0d1170870dc85af4763f225ed683655ed38460ff0f,true,9d04444c7d5b79d529308fb5fb3c885017f109c0b01526d056f739b16bb0e3e1
3,P3-DRAW-LIST-01,worth-ui-host-native,receipt keyed retained draw list,maximum-overlap-rectangle-world,1,runtime-model,worth-ui-ledger-evidence-v3,a0dfb071145ee2531be8ca2fb52489185b88e13412bdb5b0231d424e6d5cdd9d,complete-map-clone,not-applicable,worth_ui_host_native::presentation::draw_list,workspaces/worth-ui/crates/worth-ui-host-native/src/native/presentation/retained_draw_list/delta_transaction.rs::stage_delta,workspaces/worth-ui/apps/platform-pulse/tests/executable_world/courtroom/native_phase3.rs::maximum_overlap_deltas_cross_public_runtime_native_pixels_and_exact_costs,family=retained-clone;case=complete-map-clone,not-applicable,plans/worth-ui/milestone-3.14.1-evidence/p3-draw-list-01.json,not-applicable,main-tests=0;hostile-controls=1;product-processes=0;compile-sessions=0;courtroom-worlds=0;shared-native-worlds=1,executed-tests=1;presentations=0;shared-presentations=7,python scripts/ci/run_worth_ui_shared_ledger_control.py --manifest-path workspaces/worth-ui/Cargo.toml --package worth-ui-platform-pulse --test executable_world --features executable-world --test-name courtroom::native_phase3::maximum_overlap_deltas_cross_public_runtime_native_pixels_and_exact_costs --control-package worth-ui-host-native --control-lib --control-test-name native::presentation::retained_draw_list::tests::delta_transaction_tests::exact_delta_updates_draw_order_damage_and_replay_without_retained_scans --requirement P3-DRAW-LIST-01 --source workspaces/worth-ui/apps/platform-pulse/tests/executable_world/courtroom/native_phase3.rs --source workspaces/worth-ui/apps/platform-pulse/src/native_phase3_application.rs --source workspaces/worth-ui/crates/worth-ui-runtime/src/facade/entry/native_application_program.rs --source workspaces/worth-ui/crates/worth-ui-runtime/src/facade/entry/native_application_shell/component_presence.rs --source workspaces/worth-ui/crates/worth-ui-runtime/src/native_platform/application_driver.rs --source workspaces/worth-ui/crates/worth-ui-runtime/src/mounting/presentation/work_producer.rs --source workspaces/worth-ui/crates/worth-ui-host-native/src/native/mechanics_adapter/presentation.rs --source workspaces/worth-ui/crates/worth-ui-host-native/src/native/presentation/delta.rs --source workspaces/worth-ui/crates/worth-ui-host-native/src/native/presentation/retained_draw_list/delta_transaction.rs --source workspaces/worth-ui/crates/worth-ui-host-native/src/native/presentation/retained_draw_list/delta_transaction_tests.rs --source plans/worth-ui/milestone-3.14.1-evidence/p3-hp02-world-01.json --source scripts/ci/run_worth_ui_shared_ledger_control.py --artifact plans/worth-ui/milestone-3.14.1-evidence/p3-draw-list-01.json,1,passed,plans/worth-ui/milestone-3.14.1-evidence/p3-draw-list-01.json,ef56a3d58523baa15ae4c253455a01ef16623e06,309663f82d91a0b079f76a651b51d921293c45a34c2ea11ebc51636d0bf1d4f6,2adb5b50291c0fcd8e34e18d93bd56e4f4cf5b95adab5ad53a04b5490bd715e6,ad3b215fc39682c89710353857480d55,workspaces/worth-ui/apps/platform-pulse/tests/executable_world/courtroom/native_phase3.rs;workspaces/worth-ui/apps/platform-pulse/src/native_phase3_application.rs;workspaces/worth-ui/crates/worth-ui-runtime/src/facade/entry/native_application_program.rs;workspaces/worth-ui/crates/worth-ui-runtime/src/facade/entry/native_application_shell/component_presence.rs;workspaces/worth-ui/crates/worth-ui-runtime/src/native_platform/application_driver.rs;workspaces/worth-ui/crates/worth-ui-runtime/src/mounting/presentation/work_producer.rs;workspaces/worth-ui/crates/worth-ui-host-native/src/native/mechanics_adapter/presentation.rs;workspaces/worth-ui/crates/worth-ui-host-native/src/native/presentation/delta.rs;workspaces/worth-ui/crates/worth-ui-host-native/src/native/presentation/retained_draw_list/delta_transaction.rs;workspaces/worth-ui/crates/worth-ui-host-native/src/native/presentation/retained_draw_list/delta_transaction_tests.rs;plans/worth-ui/milestone-3.14.1-evidence/p3-hp02-world-01.json;scripts/ci/run_worth_ui_shared_ledger_control.py,worth-ui-body-default-v1,6f140249866e6815e9284fe1c8c959a8bb1b8cab252cfbe8c7c397f9a7eb9b01,worth-ui-windows-dx12-v1,1c937a22f42660267480a055e48256b25decf0c4cd5d4d7b493e5df034c6c65b,pollster=0.4.0;winit=0.30.13;winit-features=rwh_06;wgpu=29.0.4;wgpu-features=std+parking_lot+dx12+wgsl;xcap=0.9.7;xcap-features=wgc;winsafe=0.0.28;winsafe-features=dwm+kernel+user;uiautomation=0.25.0;uiautomation-features=control+input+screenshot;win32job=2.0.3;protocol=4,draw-list-mutations=2048,not-applicable,not-applicable,PROVED,supersedes:95e27c9b340a95986cb3f09f6f3df44b8e73861ce80e45646092703cf833fcb2;supersedes:feee2678221e7c3916cc59a7a899a1fc5f2e8259d3e86ecfc4e2c384263f8976;supersedes:68e29c55e43fdbc586f7be7cf0dfcc2396656a081698042d24b2d40014eea162;supersedes:35d7cf837deca96e25ac2e0507827202b1a7a0b4bf27e6742c825a77389d1f44,true,8feb0e5e20343baf8b141fd3291fdc4b05486cc02479f44227b33e23b21db212
3,P3-HEADLESS-COST-01,worth-ui-host-headless,indexed headless delta consumption,mixed-carrier-world,1,slope-model,worth-ui-ledger-evidence-v3,1500dfdd4dae40ae38aab3f951756d4d780b70792fea1d70c29e2917c9abca16,complete-transcript-clone,not-applicable,worth_ui_host_headless::presentation,workspaces/worth-ui/crates/worth-ui-host-headless/src/headless_recorder/presentation.rs::work_cost,workspaces/worth-ui/crates/worth-ui-certification/tests/application_contracts/host_platform/mod.rs::mixed_carrier_successors_are_local_at_the_4096_command_ceiling,family=retained-clone;case=complete-transcript-clone,not-applicable,plans/worth-ui/milestone-3.14.1-evidence/p3-headless-cost-01.json,not-applicable,main-tests=0;hostile-controls=1;product-processes=0;compile-sessions=0;courtroom-worlds=0;shared-mounted-worlds=1,executed-tests=1;presentations=0;shared-presentations=5,python scripts/ci/run_worth_ui_shared_ledger_control.py --manifest-path workspaces/worth-ui/Cargo.toml --package worth-ui-certification --test application_contracts --test-name host_platform::mixed_carrier_successors_are_local_at_the_4096_command_ceiling --control-package worth-ui-host-headless --control-lib --control-test-name headless_recorder::presentation::tests::ordinary_delta_returns_one_delta_record_without_parallel_retained_history --requirement P3-HEADLESS-COST-01 --source workspaces/worth-ui/crates/worth-ui-certification/tests/application_contracts/host_platform/mod.rs --source workspaces/worth-ui/crates/worth-ui-certification/tests/application_contracts/host_platform/mixed_carrier.rs --source workspaces/worth-ui/crates/worth-ui-certification/tests/application_contracts/host_platform/mixed_carrier/application.rs --source workspaces/worth-ui/crates/worth-ui-host-headless/src/headless_recorder/presentation.rs --source workspaces/worth-ui/crates/worth-ui-host-headless/src/headless_recorder/presentation/delta.rs --source workspaces/worth-ui/crates/worth-ui-host-headless/src/headless_recorder/presentation/node_delta.rs --source plans/worth-ui/milestone-3.14.1-evidence/p3-delta-source-01.json --source scripts/ci/run_worth_ui_shared_ledger_control.py --artifact plans/worth-ui/milestone-3.14.1-evidence/p3-headless-cost-01.json,1,passed,plans/worth-ui/milestone-3.14.1-evidence/p3-headless-cost-01.json,ef56a3d58523baa15ae4c253455a01ef16623e06,11bc9fe754d80fa8a5c4614d05547d3e6d5db31eac7df5a25c9ac599de7ecb56,2adb5b50291c0fcd8e34e18d93bd56e4f4cf5b95adab5ad53a04b5490bd715e6,17b4f1e8333c06b056f9e0c5af020b0a,workspaces/worth-ui/crates/worth-ui-certification/tests/application_contracts/host_platform/mod.rs;workspaces/worth-ui/crates/worth-ui-certification/tests/application_contracts/host_platform/mixed_carrier.rs;workspaces/worth-ui/crates/worth-ui-certification/tests/application_contracts/host_platform/mixed_carrier/application.rs;workspaces/worth-ui/crates/worth-ui-host-headless/src/headless_recorder/presentation.rs;workspaces/worth-ui/crates/worth-ui-host-headless/src/headless_recorder/presentation/delta.rs;workspaces/worth-ui/crates/worth-ui-host-headless/src/headless_recorder/presentation/node_delta.rs;plans/worth-ui/milestone-3.14.1-evidence/p3-delta-source-01.json;scripts/ci/run_worth_ui_shared_ledger_control.py,worth-ui-body-default-v1,6f140249866e6815e9284fe1c8c959a8bb1b8cab252cfbe8c7c397f9a7eb9b01,worth-ui-windows-dx12-v1,1c937a22f42660267480a055e48256b25decf0c4cd5d4d7b493e5df034c6c65b,protocol=4,retained-scans=0,not-applicable,not-applicable,PROVED,supersedes:f5b1cb27fce3a4c00ff2cd5bffa432f560e0ca1703e05886db484632fcd426c9;supersedes:e870a2fdebe4ab454a9367b670d359cee711d6dc53906e15908fddfc06b991ac;supersedes:d70ef022fba6be089c85a42ea1a3454d3fc432f4a9b507d2bee6499fea469d27;supersedes:ee002fbd0b38fd89d5b380647b2ab030c9f7239bd3951a980fca84b71aad801f,true,37d2441d9109009475aa1ea928f4c82714afef5136ca0bb886908638d963d38c
3,P3-HP02-WORLD-01,worth-ui-certification,phase three dual courtroom,maximum-overlap-phase-three-world,1,integration-model,worth-ui-ledger-evidence-v3,a0dfb071145ee2531be8ca2fb52489185b88e13412bdb5b0231d424e6d5cdd9d,synthetic-successor,not-applicable,worth_ui_certification::host_platform,workspaces/worth-ui/apps/platform-pulse/src/main.rs::run_native_phase3_world,workspaces/worth-ui/apps/platform-pulse/tests/executable_world/courtroom/native_phase3.rs::maximum_overlap_deltas_cross_public_runtime_native_pixels_and_exact_costs,family=world-substitution;case=synthetic-successor,after-effects-may-have-begun,plans/worth-ui/milestone-3.14.1-evidence/p3-hp02-world-01.json,terminal,main-tests=1;hostile-controls=1;product-processes=1;compile-sessions=0;courtroom-worlds=1;shared-mounted-worlds=1,executed-tests=2;presentations=7;shared-presentations=5,python scripts/ci/run_worth_ui_ledger_test.py --manifest-path workspaces/worth-ui/Cargo.toml --package worth-ui-platform-pulse --test executable_world --features executable-world --test-name courtroom::native_phase3::maximum_overlap_deltas_cross_public_runtime_native_pixels_and_exact_costs --control-package worth-ui-certification --control-test topology_contracts --control-test-name milestone_3141_phase1_topology::phase_three_application::phase_three_world_accepts_only_semantic_program_input_through_the_ordinary_driver --requirement P3-HP02-WORLD-01 --source workspaces/worth-ui/apps/platform-pulse/tests/executable_world/courtroom/native_phase3.rs --source workspaces/worth-ui/apps/platform-pulse/src/native_phase3_application.rs --source workspaces/worth-ui/crates/worth-ui-runtime/src/facade/entry/native_application_program.rs --source workspaces/worth-ui/crates/worth-ui-runtime/src/facade/entry/native_application_shell/component_presence.rs --source workspaces/worth-ui/crates/worth-ui-runtime/src/native_platform/application_driver.rs --source workspaces/worth-ui/crates/worth-ui-runtime/src/mounting/presentation/work_producer.rs --source workspaces/worth-ui/crates/worth-ui-host-native/src/native/mechanics_adapter/presentation.rs --source workspaces/worth-ui/crates/worth-ui-host-native/src/native/presentation/delta.rs --source workspaces/worth-ui/apps/platform-pulse/src/main.rs --source workspaces/worth-ui/crates/worth-ui-certification/tests/application_contracts/host_platform/mod.rs --source plans/worth-ui/milestone-3.14.1-evidence/p3-delta-source-01.json --source scripts/ci/worth_ui_3141_supporting_world.py --source workspaces/worth-ui/crates/worth-ui-certification/tests/milestone_3141_phase1_topology/phase_three_application.rs --artifact plans/worth-ui/milestone-3.14.1-evidence/p3-hp02-world-01.json,1,passed,plans/worth-ui/milestone-3.14.1-evidence/p3-hp02-world-01.json,ef56a3d58523baa15ae4c253455a01ef16623e06,1b912d638cd951e4bace82b5024eddf3aef7f6f6051dbc2d367b984f47e18275,2adb5b50291c0fcd8e34e18d93bd56e4f4cf5b95adab5ad53a04b5490bd715e6,ba96ea9a65867f1580d62cdc32c4c2af,workspaces/worth-ui/apps/platform-pulse/tests/executable_world/courtroom/native_phase3.rs;workspaces/worth-ui/apps/platform-pulse/src/native_phase3_application.rs;workspaces/worth-ui/crates/worth-ui-runtime/src/facade/entry/native_application_program.rs;workspaces/worth-ui/crates/worth-ui-runtime/src/facade/entry/native_application_shell/component_presence.rs;workspaces/worth-ui/crates/worth-ui-runtime/src/native_platform/application_driver.rs;workspaces/worth-ui/crates/worth-ui-runtime/src/mounting/presentation/work_producer.rs;workspaces/worth-ui/crates/worth-ui-host-native/src/native/mechanics_adapter/presentation.rs;workspaces/worth-ui/crates/worth-ui-host-native/src/native/presentation/delta.rs;workspaces/worth-ui/apps/platform-pulse/src/main.rs;workspaces/worth-ui/crates/worth-ui-certification/tests/application_contracts/host_platform/mod.rs;plans/worth-ui/milestone-3.14.1-evidence/p3-delta-source-01.json;scripts/ci/worth_ui_3141_supporting_world.py;workspaces/worth-ui/crates/worth-ui-certification/tests/milestone_3141_phase1_topology/phase_three_application.rs,worth-ui-body-default-v1,6f140249866e6815e9284fe1c8c959a8bb1b8cab252cfbe8c7c397f9a7eb9b01,worth-ui-windows-dx12-v1,1c937a22f42660267480a055e48256b25decf0c4cd5d4d7b493e5df034c6c65b,pollster=0.4.0;winit=0.30.13;winit-features=rwh_06;wgpu=29.0.4;wgpu-features=std+parking_lot+dx12+wgsl;xcap=0.9.7;xcap-features=wgc;winsafe=0.0.28;winsafe-features=dwm+kernel+user;uiautomation=0.25.0;uiautomation-features=control+input+screenshot;win32job=2.0.3;protocol=4,worlds=2,observed:runtime-issued-native-phase3-frame-sequence,not-applicable,PROVED,supersedes:69e1127c2ca56fcaf6f346e321c8f25cb2f57dafb1a3431cc54d0f2dd808b869;supersedes:8e6963fe99bd3ab69966c67ce4e2b23236eb5b68756f6fea6da1ced6a9d871b9;supersedes:bb621dc22409e6a06deaf1acdae53d9df1c7c6dceb8ee25da6ce366065363974;supersedes:572a499d27f432e16fa832032fe571a1eff45df69e57fbf10fa3ecfbbc8da8b4,true,570a9a31e6b71c5ec43d1d142b6a8f8cbc87641e8a8c78e0fee17c0e41a8c5f7
3,P3-PHYSICAL-AMPLIFICATION-01,worth-ui-host-native,logical damage versus physical presentation,maximum-overlap-rectangle-world,1,cost-model,worth-ui-ledger-evidence-v3,a0dfb071145ee2531be8ca2fb52489185b88e13412bdb5b0231d424e6d5cdd9d,hidden-full-surface-copy,not-applicable,worth_ui_host_native::presentation::cost,workspaces/worth-ui/crates/worth-ui-host-native/src/native/presentation/delta.rs::delta_cost,workspaces/worth-ui/apps/platform-pulse/tests/executable_world/courtroom/native_phase3.rs::maximum_overlap_deltas_cross_public_runtime_native_pixels_and_exact_costs,family=local-present-relabel;case=hidden-full-surface-copy,after-effects-may-have-begun,plans/worth-ui/milestone-3.14.1-evidence/p3-physical-amplification-01.json,not-applicable,main-tests=0;hostile-controls=1;product-processes=0;compile-sessions=0;courtroom-worlds=0;shared-native-worlds=1,executed-tests=1;presentations=0;shared-presentations=7,python scripts/ci/run_worth_ui_shared_ledger_control.py --manifest-path workspaces/worth-ui/Cargo.toml --package worth-ui-platform-pulse --test executable_world --features executable-world --test-name courtroom::native_phase3::maximum_overlap_deltas_cross_public_runtime_native_pixels_and_exact_costs --control-package worth-ui-host-native --control-lib --control-test-name native::presentation::delta::tests::physical_delta_cost_exposes_the_full_surface_amplification_boundary --requirement P3-PHYSICAL-AMPLIFICATION-01 --source workspaces/worth-ui/apps/platform-pulse/tests/executable_world/courtroom/native_phase3.rs --source workspaces/worth-ui/apps/platform-pulse/src/native_phase3_application.rs --source workspaces/worth-ui/crates/worth-ui-runtime/src/facade/entry/native_application_program.rs --source workspaces/worth-ui/crates/worth-ui-runtime/src/facade/entry/native_application_shell/component_presence.rs --source workspaces/worth-ui/crates/worth-ui-runtime/src/native_platform/application_driver.rs --source workspaces/worth-ui/crates/worth-ui-runtime/src/mounting/presentation/work_producer.rs --source workspaces/worth-ui/crates/worth-ui-host-native/src/native/mechanics_adapter/presentation.rs --source workspaces/worth-ui/crates/worth-ui-host-native/src/native/presentation/delta.rs --source plans/worth-ui/milestone-3.14.1-evidence/p3-hp02-world-01.json --source scripts/ci/run_worth_ui_shared_ledger_control.py --artifact plans/worth-ui/milestone-3.14.1-evidence/p3-physical-amplification-01.json,1,passed,plans/worth-ui/milestone-3.14.1-evidence/p3-physical-amplification-01.json,ef56a3d58523baa15ae4c253455a01ef16623e06,7f2a43ebeff707330b0bd9973d189fb75a810d1c261c3f1f6fed2420f7298901,2adb5b50291c0fcd8e34e18d93bd56e4f4cf5b95adab5ad53a04b5490bd715e6,a1507a0aa6691ed59af7677f086da06c,workspaces/worth-ui/apps/platform-pulse/tests/executable_world/courtroom/native_phase3.rs;workspaces/worth-ui/apps/platform-pulse/src/native_phase3_application.rs;workspaces/worth-ui/crates/worth-ui-runtime/src/facade/entry/native_application_program.rs;workspaces/worth-ui/crates/worth-ui-runtime/src/facade/entry/native_application_shell/component_presence.rs;workspaces/worth-ui/crates/worth-ui-runtime/src/native_platform/application_driver.rs;workspaces/worth-ui/crates/worth-ui-runtime/src/mounting/presentation/work_producer.rs;workspaces/worth-ui/crates/worth-ui-host-native/src/native/mechanics_adapter/presentation.rs;workspaces/worth-ui/crates/worth-ui-host-native/src/native/presentation/delta.rs;plans/worth-ui/milestone-3.14.1-evidence/p3-hp02-world-01.json;scripts/ci/run_worth_ui_shared_ledger_control.py,worth-ui-body-default-v1,6f140249866e6815e9284fe1c8c959a8bb1b8cab252cfbe8c7c397f9a7eb9b01,worth-ui-windows-dx12-v1,1c937a22f42660267480a055e48256b25decf0c4cd5d4d7b493e5df034c6c65b,pollster=0.4.0;winit=0.30.13;winit-features=rwh_06;wgpu=29.0.4;wgpu-features=std+parking_lot+dx12+wgsl;xcap=0.9.7;xcap-features=wgc;winsafe=0.0.28;winsafe-features=dwm+kernel+user;uiautomation=0.25.0;uiautomation-features=control+input+screenshot;win32job=2.0.3;protocol=4,amplification-boundary=1,observed:native-retained-to-surface-full-area-readback,not-applicable,PROVED,supersedes:91f53ffc93a932cba46fda3a9c5d9124b89381f6987874313c47af10663957ec;supersedes:4d02473bf52fb3b4b3ec033245620b43a0714c1747cfc54335bc5222646085d6;supersedes:c05b4ef1f3cb5b1fe588798ae4e3e89522bc915737c4dfd0e837b4f727c71f67;supersedes:7e3a24b288dc04b0f88c137c02e3b8064559f9c847490dd6c7326789a4342da5,true,b6e778d2254544b17882d4bd8513333ed9071b9eab056d65753d0eab1e6bffa7
3,P3-PREDECESSOR-01,worth-ui-certification,current source predecessor handoff,phase-three-ledger-world,1,operational-revalidation,worth-ui-ledger-evidence-v3,d7b775bf3a6ace710f704f087771d02e0107f338e9514c1d53538f807d603c90,stale-phase-two-source,not-applicable,worth_ui_certification::phase_three_ledger,workspaces/worth-ui/crates/worth-ui-certification/tests/milestone_3141_phase1_ledger/predecessor_artifact.rs::validate,workspaces/worth-ui/crates/worth-ui-certification/tests/milestone_3141_phase1_ledger/predecessor_handoff.rs::phase_three_predecessor_handoff_is_current,family=stale-predecessor;case=stale-phase-two-source,not-applicable,plans/worth-ui/milestone-3.14.1-evidence/p3-predecessor-01.json,not-applicable,main-tests=21;hostile-controls=12;product-processes=1;compile-sessions=2;courtroom-worlds=2,executed-tests=35;presentations=8,python scripts/ci/run_worth_ui_ledger_test.py --manifest-path workspaces/worth-ui/Cargo.toml --package worth-ui-certification --test topology_contracts --test-name milestone_3141_phase1_ledger::predecessor_handoff::phase_three_predecessor_handoff_is_current --control-package worth-ui-certification --control-test topology_contracts --control-test-name milestone_3141_phase1_ledger::predecessor_artifact::tests::stale_source_or_missing_row_is_rejected --requirement P3-PREDECESSOR-01 --source workspaces/worth-ui/crates/worth-ui-certification/tests/milestone_3141_phase1_ledger/predecessor_artifact.rs --source workspaces/worth-ui/crates/worth-ui-certification/tests/milestone_3141_phase1_ledger/predecessor_artifact/causal_reuse.rs --source workspaces/worth-ui/crates/worth-ui-certification/tests/milestone_3141_phase1_ledger/predecessor_artifact/mapping_digest.rs --source workspaces/worth-ui/crates/worth-ui-certification/tests/milestone_3141_phase1_ledger/predecessor_artifact/ledger_basis.rs --source workspaces/worth-ui/crates/worth-ui-certification/tests/milestone_3141_phase1_ledger/runner_artifact_authentication.rs --source workspaces/worth-ui/crates/worth-ui-certification/tests/milestone_3141_phase1_ledger/predecessor_handoff.rs --source scripts/ci/verify_worth_ui_3141_ledger.py --source scripts/ci/worth_ui_predecessor_causal_refresh.py --source scripts/ci/worth_ui_predecessor_candidate.py --source scripts/ci/worth_ui_predecessor_refresh_order.py --source scripts/ci/worth_ui_predecessor_refresh_runtime.py --source scripts/ci/worth_ui_ledger_causal_revalidation.py --source scripts/ci/worth_ui_ledger_candidate_basis.py --source scripts/ci/worth_ui_ledger_execution_observation_retention.py --source scripts/ci/worth_ui_ledger_execution_runner.py --source scripts/ci/worth_ui_ledger_governed_snapshot.py --source scripts/ci/worth_ui_predecessor_handoff_currentness.py --source scripts/ci/worth_ui_ledger_execution_identity.py --source scripts/ci/worth_ui_ledger_portfolio_snapshot.py --source scripts/ci/worth_ui_ledger_row_cache.py --source scripts/ci/worth_ui_ledger_runner_authentication.py --source scripts/ci/worth_ui_ledger_atomic_closure.py --source scripts/ci/worth_ui_ledger_phase_two_closure.py --source scripts/ci/worth_ui_ledger_phase_three_portfolio.py --source scripts/ci/worth_ui_ledger_operational_successors.py --source scripts/ci/worth_ui_predecessor_handoff.py --source scripts/ci/worth_ui_ledger_source_state.py --source scripts/ci/worth_ui_3141_p3_proofs.py --source scripts/ci/worth_ui_3141_closure_sources.py --source scripts/ci/worth_ui_3141_proof_plan.py --source workspaces/worth-ui/crates/worth-ui-certification/tests/milestone_3141_phase1_ledger/predecessor_artifact/execution_identity.rs --source workspaces/worth-ui/crates/worth-ui-certification/tests/milestone_3141_phase1_ledger/predecessor_artifact/execution_observation.rs --source scripts/ci/worth_ui_ledger_execution_binding.py --source scripts/ci/worth_ui_ledger_execution_observation.py --source scripts/ci/worth_ui_ledger_execution_observation_store.py --source scripts/ci/worth_ui_ledger_execution_observation_migration.py --source scripts/ci/worth_ui_ledger_execution_reference_validation.py --source scripts/ci/worth_ui_ledger_portfolio_executions.py --source scripts/ci/worth_ui_ledger_artifact_transaction.py --source scripts/ci/worth_ui_ledger_artifact_identity.py --source scripts/ci/worth_ui_ledger_artifact_publication.py --source scripts/ci/worth_ui_ledger_legacy_execution_archive.py --source plans/worth-ui/milestone-3.14.1-evidence/p3-predecessor-handoff.json --artifact plans/worth-ui/milestone-3.14.1-evidence/p3-predecessor-01.json,1,passed,plans/worth-ui/milestone-3.14.1-evidence/p3-predecessor-01.json,ef56a3d58523baa15ae4c253455a01ef16623e06,13ff5233c76976e77dca8bb9e334116de6a7fb075a0c6e09d914043572599d4e,2adb5b50291c0fcd8e34e18d93bd56e4f4cf5b95adab5ad53a04b5490bd715e6,471da28bcf756a1d95d6054742983800,workspaces/worth-ui/crates/worth-ui-certification/tests/milestone_3141_phase1_ledger/predecessor_artifact.rs;workspaces/worth-ui/crates/worth-ui-certification/tests/milestone_3141_phase1_ledger/predecessor_artifact/causal_reuse.rs;workspaces/worth-ui/crates/worth-ui-certification/tests/milestone_3141_phase1_ledger/predecessor_artifact/mapping_digest.rs;workspaces/worth-ui/crates/worth-ui-certification/tests/milestone_3141_phase1_ledger/predecessor_artifact/ledger_basis.rs;workspaces/worth-ui/crates/worth-ui-certification/tests/milestone_3141_phase1_ledger/runner_artifact_authentication.rs;workspaces/worth-ui/crates/worth-ui-certification/tests/milestone_3141_phase1_ledger/predecessor_handoff.rs;scripts/ci/verify_worth_ui_3141_ledger.py;scripts/ci/worth_ui_predecessor_causal_refresh.py;scripts/ci/worth_ui_predecessor_candidate.py;scripts/ci/worth_ui_predecessor_refresh_order.py;scripts/ci/worth_ui_predecessor_refresh_runtime.py;scripts/ci/worth_ui_ledger_causal_revalidation.py;scripts/ci/worth_ui_ledger_candidate_basis.py;scripts/ci/worth_ui_ledger_execution_observation_retention.py;scripts/ci/worth_ui_ledger_execution_runner.py;scripts/ci/worth_ui_ledger_governed_snapshot.py;scripts/ci/worth_ui_predecessor_handoff_currentness.py;scripts/ci/worth_ui_ledger_execution_identity.py;scripts/ci/worth_ui_ledger_portfolio_snapshot.py;scripts/ci/worth_ui_ledger_row_cache.py;scripts/ci/worth_ui_ledger_runner_authentication.py;scripts/ci/worth_ui_ledger_atomic_closure.py;scripts/ci/worth_ui_ledger_phase_two_closure.py;scripts/ci/worth_ui_ledger_phase_three_portfolio.py;scripts/ci/worth_ui_ledger_operational_successors.py;scripts/ci/worth_ui_predecessor_handoff.py;scripts/ci/worth_ui_ledger_source_state.py;scripts/ci/worth_ui_3141_p3_proofs.py;scripts/ci/worth_ui_3141_closure_sources.py;scripts/ci/worth_ui_3141_proof_plan.py;workspaces/worth-ui/crates/worth-ui-certification/tests/milestone_3141_phase1_ledger/predecessor_artifact/execution_identity.rs;workspaces/worth-ui/crates/worth-ui-certification/tests/milestone_3141_phase1_ledger/predecessor_artifact/execution_observation.rs;scripts/ci/worth_ui_ledger_execution_binding.py;scripts/ci/worth_ui_ledger_execution_observation.py;scripts/ci/worth_ui_ledger_execution_observation_store.py;scripts/ci/worth_ui_ledger_execution_observation_migration.py;scripts/ci/worth_ui_ledger_execution_reference_validation.py;scripts/ci/worth_ui_ledger_portfolio_executions.py;scripts/ci/worth_ui_ledger_artifact_transaction.py;scripts/ci/worth_ui_ledger_artifact_identity.py;scripts/ci/worth_ui_ledger_artifact_publication.py;scripts/ci/worth_ui_ledger_legacy_execution_archive.py;plans/worth-ui/milestone-3.14.1-evidence/p3-predecessor-handoff.json,worth-ui-body-default-v1,6f140249866e6815e9284fe1c8c959a8bb1b8cab252cfbe8c7c397f9a7eb9b01,worth-ui-windows-dx12-v1,1c937a22f42660267480a055e48256b25decf0c4cd5d4d7b493e5df034c6c65b,protocol=4,requirements=30,not-applicable,not-applicable,PROVED,supersedes:3e2a4f825332615705b8fd4e85c768453b303d5869c1939e25753c986e24eb96;supersedes:13049336cd7ac75562f9e32d0135c430da547220bb8052c95ef62a530ea637ea;supersedes:7e44798abd73b76bd0b2243ac131249ee6c01441e0cd5e92ad8fb3476e34aebc;supersedes:cd9ea9257b02cb7f8ce273ff998fd0cf5a5d2912977e3ef4fd0f1c778bc815de,true,7d0a2fb20569c22528bce9e5620e7a8a7d31f603a3342199e6d7aefa965ab617
3,P3-PRODUCER-SLOPE-01,worth-ui-runtime,incremental presentation work production,mixed-carrier-world,1,slope-model,worth-ui-ledger-evidence-v3,1500dfdd4dae40ae38aab3f951756d4d780b70792fea1d70c29e2917c9abca16,complete-successor-scan,not-applicable,worth_ui_runtime::mounting::presentation,workspaces/worth-ui/crates/worth-ui-runtime/src/mounting/presentation/work_producer.rs::issue_successor,workspaces/worth-ui/crates/worth-ui-certification/tests/application_contracts/host_platform/mod.rs::mixed_carrier_successors_are_local_at_the_4096_command_ceiling,family=retained-scan;case=complete-successor-scan,not-applicable,plans/worth-ui/milestone-3.14.1-evidence/p3-producer-slope-01.json,not-applicable,main-tests=0;hostile-controls=1;product-processes=0;compile-sessions=0;courtroom-worlds=0;shared-mounted-worlds=1,executed-tests=1;presentations=0;shared-presentations=5,python scripts/ci/run_worth_ui_shared_ledger_control.py --manifest-path workspaces/worth-ui/Cargo.toml --package worth-ui-certification --test application_contracts --test-name host_platform::mixed_carrier_successors_are_local_at_the_4096_command_ceiling --control-package worth-ui-runtime --control-lib --control-test-name mounting::presentation::work_producer_tests::producer_slope::complete_retained_scan_and_clone_mutant_is_rejected_by_the_local_oracle --requirement P3-PRODUCER-SLOPE-01 --source workspaces/worth-ui/crates/worth-ui-certification/tests/application_contracts/host_platform/mod.rs --source workspaces/worth-ui/crates/worth-ui-certification/tests/application_contracts/host_platform/mixed_carrier.rs --source workspaces/worth-ui/crates/worth-ui-certification/tests/application_contracts/host_platform/mixed_carrier/application.rs --source workspaces/worth-ui/crates/worth-ui-runtime/src/mounting/presentation/work_producer.rs --source workspaces/worth-ui/crates/worth-ui-runtime/src/mounting/presentation/work_producer_tests/world.rs --source plans/worth-ui/milestone-3.14.1-evidence/p3-delta-source-01.json --source scripts/ci/run_worth_ui_shared_ledger_control.py --artifact plans/worth-ui/milestone-3.14.1-evidence/p3-producer-slope-01.json,1,passed,plans/worth-ui/milestone-3.14.1-evidence/p3-producer-slope-01.json,ef56a3d58523baa15ae4c253455a01ef16623e06,97768ba3f39882a9ba6f463e68f9e3439d955213c587b6c085be2564d75ef665,2adb5b50291c0fcd8e34e18d93bd56e4f4cf5b95adab5ad53a04b5490bd715e6,a82f58911c597ed20c8f18394c2a5ca6,workspaces/worth-ui/crates/worth-ui-certification/tests/application_contracts/host_platform/mod.rs;workspaces/worth-ui/crates/worth-ui-certification/tests/application_contracts/host_platform/mixed_carrier.rs;workspaces/worth-ui/crates/worth-ui-certification/tests/application_contracts/host_platform/mixed_carrier/application.rs;workspaces/worth-ui/crates/worth-ui-runtime/src/mounting/presentation/work_producer.rs;workspaces/worth-ui/crates/worth-ui-runtime/src/mounting/presentation/work_producer_tests/world.rs;plans/worth-ui/milestone-3.14.1-evidence/p3-delta-source-01.json;scripts/ci/run_worth_ui_shared_ledger_control.py,worth-ui-body-default-v1,6f140249866e6815e9284fe1c8c959a8bb1b8cab252cfbe8c7c397f9a7eb9b01,worth-ui-windows-dx12-v1,1c937a22f42660267480a055e48256b25decf0c4cd5d4d7b493e5df034c6c65b,protocol=4,retained-scans=0,not-applicable,not-applicable,PROVED,supersedes:c047831b20ab3061277f89dfb57c59998995ecc3449946aba425d1f8550f364a;supersedes:2e6e8a45b1e075775f5555d76b0f726792ca1b86dc207d962a9b89aab8eeb720;supersedes:142c4052c7aea9fd68f76426e39a16a82c225ab6b71b45b47fba3fa535a45a68;supersedes:95dd3725c9f31894067d08c1adfd67a5e446732aad18bb7009c298848571fcbf,true,d3e5fcab201073f85d377b10212ac0395aec34e8718365c09e8c8be545403674
3,P3-RECONSTRUCTION-01,worth-ui-runtime,cold reconstruction from mounted authority,maximum-overlap-phase-three-world,1,reconstruction,worth-ui-ledger-evidence-v3,1500dfdd4dae40ae38aab3f951756d4d780b70792fea1d70c29e2917c9abca16,stale-derived-state,not-applicable,worth_ui_runtime::mounting::presentation,workspaces/worth-ui/crates/worth-ui-runtime/src/mounting/presentation/work_producer.rs::issue_reconstruction,workspaces/worth-ui/crates/worth-ui-certification/tests/application_contracts/mounted_headless_recorder/reconstruction.rs::missing_surface_state_reconstructs_from_mounted_authority_then_returns_to_local_delta,family=derived-state-reuse;case=stale-derived-state,not-applicable,plans/worth-ui/milestone-3.14.1-evidence/p3-reconstruction-01.json,not-applicable,main-tests=1;hostile-controls=1;product-processes=0;compile-sessions=0;courtroom-worlds=0,executed-tests=2;presentations=0,python scripts/ci/run_worth_ui_ledger_test.py --manifest-path workspaces/worth-ui/Cargo.toml --package worth-ui-certification --test application_contracts --test-name mounted_headless_recorder::reconstruction::missing_surface_state_reconstructs_from_mounted_authority_then_returns_to_local_delta --control-package worth-ui-host-native --control-lib --control-test-name native::mechanics_adapter::presentation::tests::derived_state_loss_rejects_without_effects_until_owner_reconstruction_arrives --requirement P3-RECONSTRUCTION-01 --source workspaces/worth-ui/crates/worth-ui-runtime/src/mounting/presentation/work_producer.rs --source workspaces/worth-ui/crates/worth-ui-certification/tests/application_contracts/mounted_headless_recorder/reconstruction.rs --source workspaces/worth-ui/crates/worth-ui-host-headless/src/headless_recorder/presentation.rs --source workspaces/worth-ui/crates/worth-ui-host-native/src/native/presentation/retained_draw_list/reconstruction_tests.rs --source workspaces/worth-ui/crates/worth-ui-host-native/src/native/mechanics_adapter/presentation_tests.rs --source workspaces/worth-ui/crates/worth-ui-host-native/src/native/presentation/pending_settlement.rs --source workspaces/worth-ui/crates/worth-ui-host-native/src/native/host_state/presentation_lifecycle/settlement.rs --source workspaces/worth-ui/crates/worth-ui-host-native/src/native/mechanics_adapter/presentation/pending_completion.rs --source workspaces/worth-ui/crates/worth-ui-host-native/src/native/presentation/retained_draw_list/superseded_transaction_tests.rs --artifact plans/worth-ui/milestone-3.14.1-evidence/p3-reconstruction-01.json,1,passed,plans/worth-ui/milestone-3.14.1-evidence/p3-reconstruction-01.json,ef56a3d58523baa15ae4c253455a01ef16623e06,7f8f1481d6a29439f4c4d668133fff86e0d0c2c762c78af5f09ac034ab5998c1,2adb5b50291c0fcd8e34e18d93bd56e4f4cf5b95adab5ad53a04b5490bd715e6,d5776febaa23b10c9143e4bd26d8f40f,workspaces/worth-ui/crates/worth-ui-runtime/src/mounting/presentation/work_producer.rs;workspaces/worth-ui/crates/worth-ui-certification/tests/application_contracts/mounted_headless_recorder/reconstruction.rs;workspaces/worth-ui/crates/worth-ui-host-headless/src/headless_recorder/presentation.rs;workspaces/worth-ui/crates/worth-ui-host-native/src/native/presentation/retained_draw_list/reconstruction_tests.rs;workspaces/worth-ui/crates/worth-ui-host-native/src/native/mechanics_adapter/presentation_tests.rs;workspaces/worth-ui/crates/worth-ui-host-native/src/native/presentation/pending_settlement.rs;workspaces/worth-ui/crates/worth-ui-host-native/src/native/host_state/presentation_lifecycle/settlement.rs;workspaces/worth-ui/crates/worth-ui-host-native/src/native/mechanics_adapter/presentation/pending_completion.rs;workspaces/worth-ui/crates/worth-ui-host-native/src/native/presentation/retained_draw_list/superseded_transaction_tests.rs,worth-ui-body-default-v1,6f140249866e6815e9284fe1c8c959a8bb1b8cab252cfbe8c7c397f9a7eb9b01,worth-ui-windows-dx12-v1,1c937a22f42660267480a055e48256b25decf0c4cd5d4d7b493e5df034c6c65b,protocol=4,reconstructed-commands=2,not-applicable,not-applicable,PROVED,supersedes:454be1629e0f0f2d3dc8747459edf18be72fb7f2aedecae612049e1eee9c09bf;supersedes:eb86f6b13bbb96ba4347f34d0147381e2b0114307e176d7f77efe87079c089ae;supersedes:c2ac1299d65ba4782ba352009cf8f57a0e09bf8165714534e2d5a05f165474eb;supersedes:7d92469789e005d1d23243e72bccbbb5178e6ff73da13ac1117a0677e6f93f6d,true,3b56876a74307e26b95575ba7a9db9a498295dd13219344b59e0f5059b1d52f5
3,P3-STALE-DELTA-01,worth-ui-runtime,affine predecessor admission for mounted deltas,mixed-carrier-world,1,runtime-model,worth-ui-ledger-evidence-v3,1500dfdd4dae40ae38aab3f951756d4d780b70792fea1d70c29e2917c9abca16,stale-affinity-acceptance,not-applicable,worth_ui_runtime::mounting::presentation,workspaces/worth-ui/crates/worth-ui-runtime/src/mounting/presentation/work_producer.rs::issue_successor,workspaces/worth-ui/crates/worth-ui-runtime/src/mounting/presentation/work_producer_tests/delta_source.rs::stale_successor_affinity_is_denied_before_work_issuance,family=stale-delta;case=stale-affinity-acceptance,not-applicable,plans/worth-ui/milestone-3.14.1-evidence/p3-stale-delta-01.json,not-applicable,main-tests=1;hostile-controls=1;product-processes=0;compile-sessions=0;courtroom-worlds=0,executed-tests=2;presentations=0,python scripts/ci/run_worth_ui_ledger_test.py --manifest-path workspaces/worth-ui/Cargo.toml --package worth-ui-runtime --lib --test-name mounting::presentation::work_producer_tests::delta_source::stale_successor_affinity_is_denied_before_work_issuance --control-package worth-ui-host-native --control-lib --control-test-name native::presentation::retained_draw_list::tests::stale_delta_denies_without_mutating_retained_commands --requirement P3-STALE-DELTA-01 --source workspaces/worth-ui/crates/worth-ui-runtime/src/mounting/presentation/work_producer.rs --source workspaces/worth-ui/crates/worth-ui-runtime/src/mounting/presentation/work_producer_tests/delta_source.rs --artifact plans/worth-ui/milestone-3.14.1-evidence/p3-stale-delta-01.json,1,passed,plans/worth-ui/milestone-3.14.1-evidence/p3-stale-delta-01.json,ef56a3d58523baa15ae4c253455a01ef16623e06,23beb199c0a8ea9bb8ad16d94e0621ac9467c8b95c661c9d628754676545a383,2adb5b50291c0fcd8e34e18d93bd56e4f4cf5b95adab5ad53a04b5490bd715e6,eef69d758d7ba3463162c6c5b0dec39a,workspaces/worth-ui/crates/worth-ui-runtime/src/mounting/presentation/work_producer.rs;workspaces/worth-ui/crates/worth-ui-runtime/src/mounting/presentation/work_producer_tests/delta_source.rs,worth-ui-body-default-v1,6f140249866e6815e9284fe1c8c959a8bb1b8cab252cfbe8c7c397f9a7eb9b01,worth-ui-windows-dx12-v1,1c937a22f42660267480a055e48256b25decf0c4cd5d4d7b493e5df034c6c65b,protocol=4,stale-denials=2,not-applicable,not-applicable,PROVED,supersedes:f28263395e255b090f887dfaea01a796d28be7d77631dfd69238a32ee68749a3;supersedes:06ebaa176174a5db635bccc9102f28f83483e81c40fd35765856a706d2654d31;supersedes:af61310c6fcfd386d08610c8c0f75ef285124b57ac8e5c67d00b94477ad0acf9;supersedes:885d8bdc3418e0be68fa23339997d4e26f75207e0936b24a5fb7cb44c903947b,true,e1ccd4d42964162b57e1e5bc6ccd3abe217df25ffcb9ed7e3d9b251158caf301
3,P3-TOTAL-ORDER-01,worth-ui-runtime,indexed total paint order mutation,mixed-carrier-world,1,runtime-model,worth-ui-ledger-evidence-v3,a0dfb071145ee2531be8ca2fb52489185b88e13412bdb5b0231d424e6d5cdd9d,identity-ordering,not-applicable,worth_ui_runtime::mounting::presentation,workspaces/worth-ui/crates/worth-ui-runtime/src/mounting/presentation/work_producer/state.rs::from_projection,workspaces/worth-ui/crates/worth-ui-runtime/src/mounting/presentation/work_producer_tests.rs::equal_layer_successor_reorder_remains_authored_when_identity_order_opposes_it,family=identity-tie-break;case=identity-ordering,not-applicable,plans/worth-ui/milestone-3.14.1-evidence/p3-total-order-01.json,not-applicable,main-tests=1;hostile-controls=1;product-processes=0;compile-sessions=0;courtroom-worlds=0,executed-tests=2;presentations=0,python scripts/ci/run_worth_ui_ledger_test.py --manifest-path workspaces/worth-ui/Cargo.toml --package worth-ui-runtime --lib --test-name mounting::presentation::work_producer_tests::equal_layer_successor_reorder_remains_authored_when_identity_order_opposes_it --control-package worth-ui-host-native --control-lib --control-test-name native::presentation::retained_order::tests::repeated_insertions_into_one_gap_keep_a_bounded_balanced_index --requirement P3-TOTAL-ORDER-01 --source workspaces/worth-ui/crates/worth-ui-runtime/src/mounting/presentation/work_producer/state.rs --source workspaces/worth-ui/crates/worth-ui-runtime/src/mounting/presentation/work_producer_tests.rs --artifact plans/worth-ui/milestone-3.14.1-evidence/p3-total-order-01.json,1,passed,plans/worth-ui/milestone-3.14.1-evidence/p3-total-order-01.json,ef56a3d58523baa15ae4c253455a01ef16623e06,e2e18edf01f02bcec194db9919cb82683744082c16e0c8fc3d469a6e563788be,fa84671fbe4fd86c5a7f1158e7228c76041b87a10e395aba7ea679902ecbd862,6f8ebb9ca358873b63fb0089cba77dd4,workspaces/worth-ui/crates/worth-ui-runtime/src/mounting/presentation/work_producer/state.rs;workspaces/worth-ui/crates/worth-ui-runtime/src/mounting/presentation/work_producer_tests.rs,worth-ui-body-default-v1,6f140249866e6815e9284fe1c8c959a8bb1b8cab252cfbe8c7c397f9a7eb9b01,worth-ui-windows-dx12-v1,1c937a22f42660267480a055e48256b25decf0c4cd5d4d7b493e5df034c6c65b,pollster=0.4.0;winit=0.30.13;winit-features=rwh_06;wgpu=29.0.4;wgpu-features=std+parking_lot+dx12+wgsl;xcap=0.9.7;xcap-features=wgc;winsafe=0.0.28;winsafe-features=dwm+kernel+user;uiautomation=0.25.0;uiautomation-features=control+input+screenshot;win32job=2.0.3;protocol=4,order-mutations=2,not-applicable,not-applicable,PROVED,supersedes:46ff097d8929e1f91a4c7d3ebede6fc8b54055041f9e305a6f3dbc3c77bc48d4;supersedes:64527704e83f6d37a04ba617ad062e7abd4e51a7c87f6e53da87531521e7068c;supersedes:4ef63375a2e02477e42f337a75569bd53f1ef0fb9a82fdf0c25ce52e8696d9da,true,5f046217ea7faa308fd769050c6b64c70b6584615e84ccfae99aa9b929755fb8
3,P3-TRANSACTION-01,worth-ui-host-native,staged retained presentation transaction,maximum-overlap-rectangle-world,1,lifecycle-model,worth-ui-ledger-evidence-v3,a0dfb071145ee2531be8ca2fb52489185b88e13412bdb5b0231d424e6d5cdd9d,commit-before-handoff,not-applicable,worth_ui_host_native::presentation::transaction,workspaces/worth-ui/crates/worth-ui-host-native/src/native/host_state/presentation_lifecycle/settlement.rs::resolve_superseded_settlement,workspaces/worth-ui/apps/platform-pulse/tests/executable_world/courtroom/native_phase3.rs::maximum_overlap_deltas_cross_public_runtime_native_pixels_and_exact_costs,family=premature-commit;case=commit-before-handoff,after-effects-may-have-begun,plans/worth-ui/milestone-3.14.1-evidence/p3-transaction-01.json,not-applicable,main-tests=0;hostile-controls=1;product-processes=0;compile-sessions=0;courtroom-worlds=0;shared-native-worlds=1,executed-tests=1;presentations=0;shared-presentations=7,python scripts/ci/run_worth_ui_shared_ledger_control.py --manifest-path workspaces/worth-ui/Cargo.toml --package worth-ui-platform-pulse --test executable_world --features executable-world --test-name courtroom::native_phase3::maximum_overlap_deltas_cross_public_runtime_native_pixels_and_exact_costs --control-package worth-ui-host-native --control-lib --control-test-name native::presentation::retained_draw_list::tests::superseded_transaction_tests::superseded_then_rejected_pending_deltas_restore_host_truth_and_resources --requirement P3-TRANSACTION-01 --source workspaces/worth-ui/apps/platform-pulse/tests/executable_world/courtroom/native_phase3.rs --source workspaces/worth-ui/apps/platform-pulse/src/native_phase3_application.rs --source workspaces/worth-ui/crates/worth-ui-runtime/src/facade/entry/native_application_program.rs --source workspaces/worth-ui/crates/worth-ui-runtime/src/facade/entry/native_application_shell/component_presence.rs --source workspaces/worth-ui/crates/worth-ui-runtime/src/native_platform/application_driver.rs --source workspaces/worth-ui/crates/worth-ui-runtime/src/mounting/presentation/work_producer.rs --source workspaces/worth-ui/crates/worth-ui-host-native/src/native/mechanics_adapter/presentation.rs --source workspaces/worth-ui/crates/worth-ui-host-native/src/native/presentation/delta.rs --source workspaces/worth-ui/crates/worth-ui-host-native/src/native/host_state/presentation_lifecycle/settlement.rs --source workspaces/worth-ui/crates/worth-ui-host-native/src/native/presentation/retained_draw_list/superseded_transaction_tests.rs --source workspaces/worth-ui/crates/worth-ui-host-native/src/native/presentation/pending_settlement.rs --source workspaces/worth-ui/crates/worth-ui-host-native/src/native/presentation/transaction_state.rs --source workspaces/worth-ui/crates/worth-ui-host-native/src/native/mechanics_adapter/presentation/pending_completion.rs --source workspaces/worth-ui/crates/worth-ui-host-native/src/native/presentation/port.rs --source plans/worth-ui/milestone-3.14.1-evidence/p3-hp02-world-01.json --source scripts/ci/run_worth_ui_shared_ledger_control.py --artifact plans/worth-ui/milestone-3.14.1-evidence/p3-transaction-01.json,1,passed,plans/worth-ui/milestone-3.14.1-evidence/p3-transaction-01.json,ef56a3d58523baa15ae4c253455a01ef16623e06,51bd5762745d14f1b101bd2c99e38f46af3dcbd583832a04719c8bbaa46abc77,2adb5b50291c0fcd8e34e18d93bd56e4f4cf5b95adab5ad53a04b5490bd715e6,6b569c9559ed751d2554643723c57ca2,workspaces/worth-ui/apps/platform-pulse/tests/executable_world/courtroom/native_phase3.rs;workspaces/worth-ui/apps/platform-pulse/src/native_phase3_application.rs;workspaces/worth-ui/crates/worth-ui-runtime/src/facade/entry/native_application_program.rs;workspaces/worth-ui/crates/worth-ui-runtime/src/facade/entry/native_application_shell/component_presence.rs;workspaces/worth-ui/crates/worth-ui-runtime/src/native_platform/application_driver.rs;workspaces/worth-ui/crates/worth-ui-runtime/src/mounting/presentation/work_producer.rs;workspaces/worth-ui/crates/worth-ui-host-native/src/native/mechanics_adapter/presentation.rs;workspaces/worth-ui/crates/worth-ui-host-native/src/native/presentation/delta.rs;workspaces/worth-ui/crates/worth-ui-host-native/src/native/host_state/presentation_lifecycle/settlement.rs;workspaces/worth-ui/crates/worth-ui-host-native/src/native/presentation/retained_draw_list/superseded_transaction_tests.rs;workspaces/worth-ui/crates/worth-ui-host-native/src/native/presentation/pending_settlement.rs;workspaces/worth-ui/crates/worth-ui-host-native/src/native/presentation/transaction_state.rs;workspaces/worth-ui/crates/worth-ui-host-native/src/native/mechanics_adapter/presentation/pending_completion.rs;workspaces/worth-ui/crates/worth-ui-host-native/src/native/presentation/port.rs;plans/worth-ui/milestone-3.14.1-evidence/p3-hp02-world-01.json;scripts/ci/run_worth_ui_shared_ledger_control.py,worth-ui-body-default-v1,6f140249866e6815e9284fe1c8c959a8bb1b8cab252cfbe8c7c397f9a7eb9b01,worth-ui-windows-dx12-v1,1c937a22f42660267480a055e48256b25decf0c4cd5d4d7b493e5df034c6c65b,pollster=0.4.0;winit=0.30.13;winit-features=rwh_06;wgpu=29.0.4;wgpu-features=std+parking_lot+dx12+wgsl;xcap=0.9.7;xcap-features=wgc;winsafe=0.0.28;winsafe-features=dwm+kernel+user;uiautomation=0.25.0;uiautomation-features=control+input+screenshot;win32job=2.0.3;protocol=4,transactions=1,not-applicable,not-applicable,PROVED,supersedes:5ca80cbe25d12519963fb378845298fa26b9e4df10c9b08b51b85006194acdc6;supersedes:62bc54f6e5fbf7ffbd0acc0b487298384f089536cd699761f6f221b8cf610caf;supersedes:5efe7a8529cb37325d2badfec3b51d90043e61758d752a6eec3dd8bfa17422f3;supersedes:18096946e0087871fbd774fc82a5954629e9e06b809bfe70e5a2b7f30f176291,true,783a4211a5038dc1b53f7ba9029d29bf8d5aa97a4943591262d0fc8307d30c78
3,P3-UNCHANGED-01,worth-ui-runtime,retained equivalent unchanged progression,mixed-carrier-world,1,runtime-model,worth-ui-ledger-evidence-v3,a0dfb071145ee2531be8ca2fb52489185b88e13412bdb5b0231d424e6d5cdd9d,fresh-unchanged-epoch,not-applicable,worth_ui_runtime::mounting::presentation,workspaces/worth-ui/crates/worth-ui-host-native/src/native/mechanics_adapter/presentation/retained_frame.rs::retain_unchanged,workspaces/worth-ui/apps/platform-pulse/tests/executable_world/courtroom/native_phase3.rs::maximum_overlap_deltas_cross_public_runtime_native_pixels_and_exact_costs,family=epoch-mint;case=fresh-unchanged-epoch,not-applicable,plans/worth-ui/milestone-3.14.1-evidence/p3-unchanged-01.json,not-applicable,main-tests=0;hostile-controls=1;product-processes=0;compile-sessions=0;courtroom-worlds=0;shared-native-worlds=1,executed-tests=1;presentations=0;shared-presentations=7,python scripts/ci/run_worth_ui_shared_ledger_control.py --manifest-path workspaces/worth-ui/Cargo.toml --package worth-ui-platform-pulse --test executable_world --features executable-world --test-name courtroom::native_phase3::maximum_overlap_deltas_cross_public_runtime_native_pixels_and_exact_costs --control-package worth-ui-host-native --control-lib --control-test-name native::mechanics_adapter::presentation::tests::unchanged_reuses_the_last_physical_presentation_epoch --requirement P3-UNCHANGED-01 --source workspaces/worth-ui/apps/platform-pulse/tests/executable_world/courtroom/native_phase3.rs --source workspaces/worth-ui/apps/platform-pulse/src/native_phase3_application.rs --source workspaces/worth-ui/crates/worth-ui-runtime/src/facade/entry/native_application_program.rs --source workspaces/worth-ui/crates/worth-ui-runtime/src/facade/entry/native_application_shell/component_presence.rs --source workspaces/worth-ui/crates/worth-ui-runtime/src/native_platform/application_driver.rs --source workspaces/worth-ui/crates/worth-ui-runtime/src/mounting/presentation/work_producer.rs --source workspaces/worth-ui/crates/worth-ui-host-native/src/native/mechanics_adapter/presentation.rs --source workspaces/worth-ui/crates/worth-ui-host-native/src/native/presentation/delta.rs --source workspaces/worth-ui/crates/worth-ui-host-native/src/native/mechanics_adapter/presentation/retained_frame.rs --source workspaces/worth-ui/crates/worth-ui-host-native/src/native/mechanics_adapter/presentation_tests.rs --source plans/worth-ui/milestone-3.14.1-evidence/p3-hp02-world-01.json --source scripts/ci/run_worth_ui_shared_ledger_control.py --artifact plans/worth-ui/milestone-3.14.1-evidence/p3-unchanged-01.json,1,passed,plans/worth-ui/milestone-3.14.1-evidence/p3-unchanged-01.json,ef56a3d58523baa15ae4c253455a01ef16623e06,cf431a6bb596e6923092cbaa85f5b0035e73a824c8456eb9f1feb1fd46a4a9e8,2adb5b50291c0fcd8e34e18d93bd56e4f4cf5b95adab5ad53a04b5490bd715e6,e962fed900b38b31b4b4affd6b13543d,workspaces/worth-ui/apps/platform-pulse/tests/executable_world/courtroom/native_phase3.rs;workspaces/worth-ui/apps/platform-pulse/src/native_phase3_application.rs;workspaces/worth-ui/crates/worth-ui-runtime/src/facade/entry/native_application_program.rs;workspaces/worth-ui/crates/worth-ui-runtime/src/facade/entry/native_application_shell/component_presence.rs;workspaces/worth-ui/crates/worth-ui-runtime/src/native_platform/application_driver.rs;workspaces/worth-ui/crates/worth-ui-runtime/src/mounting/presentation/work_producer.rs;workspaces/worth-ui/crates/worth-ui-host-native/src/native/mechanics_adapter/presentation.rs;workspaces/worth-ui/crates/worth-ui-host-native/src/native/presentation/delta.rs;workspaces/worth-ui/crates/worth-ui-host-native/src/native/mechanics_adapter/presentation/retained_frame.rs;workspaces/worth-ui/crates/worth-ui-host-native/src/native/mechanics_adapter/presentation_tests.rs;plans/worth-ui/milestone-3.14.1-evidence/p3-hp02-world-01.json;scripts/ci/run_worth_ui_shared_ledger_control.py,worth-ui-body-default-v1,6f140249866e6815e9284fe1c8c959a8bb1b8cab252cfbe8c7c397f9a7eb9b01,worth-ui-windows-dx12-v1,1c937a22f42660267480a055e48256b25decf0c4cd5d4d7b493e5df034c6c65b,pollster=0.4.0;winit=0.30.13;winit-features=rwh_06;wgpu=29.0.4;wgpu-features=std+parking_lot+dx12+wgsl;xcap=0.9.7;xcap-features=wgc;winsafe=0.0.28;winsafe-features=dwm+kernel+user;uiautomation=0.25.0;uiautomation-features=control+input+screenshot;win32job=2.0.3;protocol=4,unchanged-work=0,not-applicable,not-applicable,PROVED,supersedes:e8c2891636c716f1c0fdcf770394b7017562d6935f53bc8edf9502a2e32eb226;supersedes:73a9af7af8c7bdc831050d2516f10acd728ed3edb4891bbad4bce937bf70f99d;supersedes:a576a8749eacf07e6ab1bdb459b5e4c80f058ba93ac66308dbb006b2bdc826e6;supersedes:0ae5f589c30b8fc4f0fc5363ed5fa3a60408a74967f3bfe822d92b21cee436f4,true,08a9d9e9cf3a5f23861d8baec741848b838b7a3e0360e9d75ed0c865e3a1540f
4,P4-BIDI-01,worth-ui-text,Unicode bidirectional analysis,qualified-text-world,1,unicode-conformance,worth-ui-ledger-evidence-v3,a97aa82a02365252a099f803403ff88f1bf270e8d2200d72ea2fd8ea015f92b3,logical-order-rendering,not-applicable,worth_ui_text::analysis::bidi,workspaces/worth-ui/crates/worth-ui-text/src/analysis.rs::analyze,workspaces/worth-ui/crates/worth-ui-text/src/phase4_ledger_evidence.rs::unicode_17_bidi_corpora_drive_visual_order,family=visual-source-order;case=logical-order-rendering,not-applicable,plans/worth-ui/milestone-3.14.1-evidence/p4-bidi-01.json,not-applicable,main-tests=1;hostile-controls=1;product-processes=0;compile-sessions=0;courtroom-worlds=0,executed-tests=2;presentations=0,python scripts/ci/run_worth_ui_ledger_test.py --manifest-path workspaces/worth-ui/Cargo.toml --package worth-ui-text --lib --test-name phase4_ledger_evidence::unicode_17_bidi_corpora_drive_visual_order --control-package worth-ui-text --control-lib --control-test-name phase4_ledger_evidence::logical_order_rendering_is_rejected_by_visual_geometry --requirement P4-BIDI-01 --source workspaces/worth-ui/crates/worth-ui-text/src/analysis.rs --source workspaces/worth-ui/crates/worth-ui-text/src/phase4_ledger_evidence.rs --source workspaces/worth-ui/crates/worth-ui-text/src/bidi_data.rs --source workspaces/worth-ui/crates/worth-ui-text/src/layout/visual_order.rs --source workspaces/worth-ui/crates/worth-ui-text/src/layout/tests.rs --source workspaces/worth-ui/crates/worth-ui-text/src/layout/paragraph_alignment_tests.rs --artifact plans/worth-ui/milestone-3.14.1-evidence/p4-bidi-01.json,0,not-run,plans/worth-ui/milestone-3.14.1-evidence/p4-bidi-01.json,not-bound,not-bound,not-bound,not-bound,workspaces/worth-ui/crates/worth-ui-text/src/analysis.rs;workspaces/worth-ui/crates/worth-ui-text/src/phase4_ledger_evidence.rs;workspaces/worth-ui/crates/worth-ui-text/src/bidi_data.rs;workspaces/worth-ui/crates/worth-ui-text/src/layout/visual_order.rs;workspaces/worth-ui/crates/worth-ui-text/src/layout/tests.rs;workspaces/worth-ui/crates/worth-ui-text/src/layout/paragraph_alignment_tests.rs,worth-ui-global-text-v2,cec6005c5baef6d69ada9c30c02ced25b0f253f80c012784fe925e307935c3f2,worth-ui-windows-dx12-v1,1c937a22f42660267480a055e48256b25decf0c4cd5d4d7b493e5df034c6c65b,harfrust=0.12.0;harfrust-features=std;read-fonts=0.41.0;read-fonts-features=std+experimental_traverse;icu-segmenter=2.2.0;skrifa=0.44.0;skrifa-features=std;kurbo=0.13.1;kurbo-features=default+serde+std;linesweeper=0.4.0;linesweeper-features=none;icu-segmenter-features=compiled_data+auto;unicode-bidi=0.3.18;unicode-bidi-features=std;unicode-segmentation=1.13.3;protocol=5;text-profile=worth-ui-global-text-v2;qualification=closed,bidi-runs=582553,not-applicable,not-applicable,OPEN,supersedes:c800c0992f4cb9f8bf88a69ea9eb16790d9de023f42ece90a2c1272dab5bb48b;supersedes:817db5d225486b860bb5bad39cf1e8d6cf7a40f1a5beaab927f0676638d5fda5,false,not-bound
4,P4-CAPACITY-01,worth-ui-text,text capacity admission before analysis or shaping,qualified-text-world,1,capacity-boundary,worth-ui-ledger-evidence-v3,3978c7773b56d44a291143c12f69ef23d8f802544e9d61fe390918413dc8dbf4,shape-before-capacity-denial,not-applicable,worth_ui_text::profile::admission,workspaces/worth-ui/crates/worth-ui-text/src/admission.rs::admit_with_identity,workspaces/worth-ui/crates/worth-ui-text/src/phase4_ledger_evidence.rs::derived_capacity_is_reserved_before_analysis_and_shaping,family=post-admission-overflow;case=shape-before-capacity-denial,before-effects,plans/worth-ui/milestone-3.14.1-evidence/p4-capacity-01.json,not-applicable,main-tests=1;hostile-controls=1;product-processes=0;compile-sessions=0;courtroom-worlds=0,executed-tests=2;presentations=0,python scripts/ci/run_worth_ui_ledger_test.py --manifest-path workspaces/worth-ui/Cargo.toml --package worth-ui-text --lib --test-name phase4_ledger_evidence::derived_capacity_is_reserved_before_analysis_and_shaping --control-package worth-ui-text --control-lib --control-test-name phase4_ledger_evidence::shape_before_capacity_denial_is_rejected --requirement P4-CAPACITY-01 --source workspaces/worth-ui/crates/worth-ui-text/src/admission.rs --source workspaces/worth-ui/crates/worth-ui-text/src/phase4_ledger_evidence.rs --source workspaces/worth-ui/crates/worth-ui-text/src/font_collection/admission.rs --source workspaces/worth-ui/crates/worth-ui-text/src/language.rs --artifact plans/worth-ui/milestone-3.14.1-evidence/p4-capacity-01.json,0,not-run,plans/worth-ui/milestone-3.14.1-evidence/p4-capacity-01.json,not-bound,not-bound,not-bound,not-bound,workspaces/worth-ui/crates/worth-ui-text/src/admission.rs;workspaces/worth-ui/crates/worth-ui-text/src/phase4_ledger_evidence.rs;workspaces/worth-ui/crates/worth-ui-text/src/font_collection/admission.rs;workspaces/worth-ui/crates/worth-ui-text/src/language.rs,worth-ui-global-text-v2,cec6005c5baef6d69ada9c30c02ced25b0f253f80c012784fe925e307935c3f2,worth-ui-windows-dx12-v1,1c937a22f42660267480a055e48256b25decf0c4cd5d4d7b493e5df034c6c65b,harfrust=0.12.0;harfrust-features=std;read-fonts=0.41.0;read-fonts-features=std+experimental_traverse;icu-segmenter=2.2.0;skrifa=0.44.0;skrifa-features=std;kurbo=0.13.1;kurbo-features=default+serde+std;linesweeper=0.4.0;linesweeper-features=none;icu-segmenter-features=compiled_data+auto;unicode-bidi=0.3.18;unicode-bidi-features=std;unicode-segmentation=1.13.3;protocol=5;text-profile=worth-ui-global-text-v2;qualification=closed,denied-before-analysis=3,not-applicable,not-applicable,OPEN,supersedes:ed129d1e0a86b40ff3d2625499206c71d57f161c71ddbfb28d7d996b16b58e67;supersedes:92a02b19b487034bdf6cea47ea8e5e59ff185e4a37a2d6b467cfa336694c759c,false,not-bound
4,P4-EMOJI-SEQUENCE-01,worth-ui-text,Unicode 17 RGI emoji sequence analysis and layout,qualified-text-world,1,emoji-conformance,worth-ui-ledger-evidence-v3,b2a4f6f88239c363cbe762a306cb0212d0f222e0f2cbc8f4cc09a0ab376d14d3,variation-or-zwj-decomposition,not-applicable,worth_ui_text::analysis::emoji,workspaces/worth-ui/crates/worth-ui-text/src/analysis.rs::analyze,workspaces/worth-ui/crates/worth-ui-text/src/phase4_ledger_evidence.rs::every_rgi_sequence_is_atomic_through_analysis_fallback_and_layout,family=emoji-sequence-decomposition;case=variation-or-zwj-decomposition,not-applicable,plans/worth-ui/milestone-3.14.1-evidence/p4-emoji-sequence-01.json,not-applicable,main-tests=1;hostile-controls=1;product-processes=0;compile-sessions=0;courtroom-worlds=0,executed-tests=2;presentations=0,python scripts/ci/run_worth_ui_ledger_test.py --manifest-path workspaces/worth-ui/Cargo.toml --package worth-ui-text --lib --test-name phase4_ledger_evidence::every_rgi_sequence_is_atomic_through_analysis_fallback_and_layout --control-package worth-ui-text --control-lib --control-test-name phase4_ledger_evidence::variation_and_zwj_decomposition_is_rejected_by_real_layout_geometry --requirement P4-EMOJI-SEQUENCE-01 --source workspaces/worth-ui/crates/worth-ui-text/src/analysis.rs --source workspaces/worth-ui/crates/worth-ui-text/src/phase4_ledger_evidence.rs --source workspaces/worth-ui/crates/worth-ui-text/src/fallback.rs --source workspaces/worth-ui/crates/worth-ui-text/src/layout.rs --artifact plans/worth-ui/milestone-3.14.1-evidence/p4-emoji-sequence-01.json,0,not-run,plans/worth-ui/milestone-3.14.1-evidence/p4-emoji-sequence-01.json,not-bound,not-bound,not-bound,not-bound,workspaces/worth-ui/crates/worth-ui-text/src/analysis.rs;workspaces/worth-ui/crates/worth-ui-text/src/phase4_ledger_evidence.rs;workspaces/worth-ui/crates/worth-ui-text/src/fallback.rs;workspaces/worth-ui/crates/worth-ui-text/src/layout.rs,worth-ui-global-text-v2,cec6005c5baef6d69ada9c30c02ced25b0f253f80c012784fe925e307935c3f2,worth-ui-windows-dx12-v1,1c937a22f42660267480a055e48256b25decf0c4cd5d4d7b493e5df034c6c65b,harfrust=0.12.0;harfrust-features=std;read-fonts=0.41.0;read-fonts-features=std+experimental_traverse;icu-segmenter=2.2.0;skrifa=0.44.0;skrifa-features=std;kurbo=0.13.1;kurbo-features=default+serde+std;linesweeper=0.4.0;linesweeper-features=none;icu-segmenter-features=compiled_data+auto;unicode-bidi=0.3.18;unicode-bidi-features=std;unicode-segmentation=1.13.3;protocol=5;text-profile=worth-ui-global-text-v2;qualification=closed,rgi-sequences=3953,not-applicable,not-applicable,OPEN,supersedes:a8116156f986ff0624a548accd4c43408f0958678c197e66ec8978a2c9f0d73e;supersedes:d4df746857fafb0a19ed574908ab5202280d9d9f609b291672347aee6f087f89,false,not-bound
4,P4-FALLBACK-01,worth-ui-text,deterministic cluster font fallback,qualified-text-world,1,font-oracle,worth-ui-ledger-evidence-v3,c6afcac04c6d914cf13beae05f79e766f5cbf905b67d6395a9cec428983f6e4b,emoji-or-indic-split,not-applicable,worth_ui_text::font_collection,workspaces/worth-ui/crates/worth-ui-text/src/fallback.rs::select_with_posture,workspaces/worth-ui/crates/worth-ui-text/src/phase4_ledger_evidence.rs::whole_cluster_fallback_is_exhaustive_and_script_safe,family=cluster-split;case=emoji-or-indic-split,not-applicable,plans/worth-ui/milestone-3.14.1-evidence/p4-fallback-01.json,not-applicable,main-tests=1;hostile-controls=1;product-processes=0;compile-sessions=0;courtroom-worlds=0,executed-tests=2;presentations=0,python scripts/ci/run_worth_ui_ledger_test.py --manifest-path workspaces/worth-ui/Cargo.toml --package worth-ui-text --lib --test-name phase4_ledger_evidence::whole_cluster_fallback_is_exhaustive_and_script_safe --control-package worth-ui-text --control-lib --control-test-name phase4_ledger_evidence::emoji_or_indic_cluster_split_is_rejected_before_shaping --requirement P4-FALLBACK-01 --source workspaces/worth-ui/crates/worth-ui-text/src/fallback.rs --source workspaces/worth-ui/crates/worth-ui-text/src/phase4_ledger_evidence.rs --source workspaces/worth-ui/crates/worth-ui-text/src/font_collection/selection.rs --artifact plans/worth-ui/milestone-3.14.1-evidence/p4-fallback-01.json,0,not-run,plans/worth-ui/milestone-3.14.1-evidence/p4-fallback-01.json,not-bound,not-bound,not-bound,not-bound,workspaces/worth-ui/crates/worth-ui-text/src/fallback.rs;workspaces/worth-ui/crates/worth-ui-text/src/phase4_ledger_evidence.rs;workspaces/worth-ui/crates/worth-ui-text/src/font_collection/selection.rs,worth-ui-global-text-v2,cec6005c5baef6d69ada9c30c02ced25b0f253f80c012784fe925e307935c3f2,worth-ui-windows-dx12-v1,1c937a22f42660267480a055e48256b25decf0c4cd5d4d7b493e5df034c6c65b,harfrust=0.12.0;harfrust-features=std;read-fonts=0.41.0;read-fonts-features=std+experimental_traverse;icu-segmenter=2.2.0;skrifa=0.44.0;skrifa-features=std;kurbo=0.13.1;kurbo-features=default+serde+std;linesweeper=0.4.0;linesweeper-features=none;icu-segmenter-features=compiled_data+auto;unicode-bidi=0.3.18;unicode-bidi-features=std;unicode-segmentation=1.13.3;protocol=5;text-profile=worth-ui-global-text-v2;qualification=closed,fallback-probes=3953,not-applicable,not-applicable,OPEN,supersedes:c1cc9439bdfc4d34cdee52d5da74e398a6df42e551b00ac49c03ceb7d7eec218;supersedes:b23ad1757ddb3e3c67165e3488caaa5e7a97b0513c696760afdeaf2a6f6ab559,false,not-bound
4,P4-FONT-COLLECTION-01,worth-ui-text,authored multi-family default and application font collections with generation-safe lifecycle,qualified-text-world,1,font-resolution-oracle,worth-ui-ledger-evidence-v3,3019390b271401231e9a69fa0548ec59f6ca4fa5f5611b5efaa04364ec6396f3,ambient-or-single-family-or-stale-generation-or-registration-order-substitution,not-applicable,worth_ui_text::font_collection,workspaces/worth-ui/crates/worth-ui-text/src/font_collection/lifecycle.rs::register_application_pack,workspaces/worth-ui/crates/worth-ui-text/src/font_collection/phase4_evidence.rs::application_font_collections_are_multi_family_owned_and_generation_safe,family=font-resolution-authority;case=ambient-or-single-family-or-stale-generation-or-registration-order-substitution,before-effects,plans/worth-ui/milestone-3.14.1-evidence/p4-font-collection-01.json,not-applicable,main-tests=1;hostile-controls=1;product-processes=0;compile-sessions=1;courtroom-worlds=0,executed-tests=2;presentations=0,python scripts/ci/run_worth_ui_ledger_test.py --manifest-path workspaces/worth-ui/Cargo.toml --package worth-ui-text --lib --test-name font_collection::phase4_evidence::application_font_collections_are_multi_family_owned_and_generation_safe --control-package worth-ui-text --control-lib --control-test-name font_collection::phase4_evidence::application_font_authority_mutants_are_rejected_at_the_owning_boundaries --requirement P4-FONT-COLLECTION-01 --source workspaces/worth-ui/crates/worth-ui-text/src/font_collection/lifecycle.rs --source workspaces/worth-ui/crates/worth-ui-text/src/font_collection/phase4_evidence.rs --source scripts/ci/worth_ui_3141_case_contracts.py --source scripts/ci/worth_ui_3141_phase4_case_contracts.py --source workspaces/worth-ui/crates/worth-ui-text/src/font_collection/selection.rs --source workspaces/worth-ui/crates/worth-ui-text/src/font_collection/application_pack.rs --source workspaces/worth-ui/crates/worth-ui-text/src/font_collection/application_test_world.rs --source workspaces/worth-ui/crates/worth-ui-text/src/font_collection/application_format_tests.rs --source workspaces/worth-ui/crates/worth-ui-text/src/font_collection/application_family_tests.rs --source workspaces/worth-ui/crates/worth-ui-text/src/font_collection/application_variation_tests.rs --source workspaces/worth-ui/crates/worth-ui-text/src/font_collection/application_feature_tests.rs --source workspaces/worth-ui/crates/worth-ui-text/src/font_collection/application_fallback_tests.rs --source workspaces/worth-ui/crates/worth-ui-text/src/font_collection/application_selection_tests.rs --source workspaces/worth-ui/crates/worth-ui-text/src/font_collection/application_pack_tests.rs --source workspaces/worth-ui/crates/worth-ui-text/src/font_collection/application_reconstruction_tests.rs --source workspaces/worth-ui/crates/worth-ui-text/src/font_collection/application_lifecycle_tests.rs --source workspaces/worth-ui/crates/worth-ui-text/src/font_collection/application_metadata_tests.rs --source workspaces/worth-ui/crates/worth-ui-text/src/font_collection/application_capacity_tests.rs --source workspaces/worth-ui/crates/worth-ui-text/src/font_collection/application_byte_capacity_tests.rs --source workspaces/worth-ui/crates/worth-ui-text/src/font_collection/application_pack/metadata.rs --source workspaces/worth-ui/crates/worth-ui-text/src/font_collection/application_pack/metadata_inventory.rs --source workspaces/worth-ui/crates/worth-ui-text/src/font_collection/coverage.rs --source workspaces/worth-ui/crates/worth-ui/examples/text_platform.rs --source workspaces/worth-ui/docs/text-platform.md --source scripts/ci/worth_ui_ledger_public_example.py --source workspaces/worth-ui/crates/worth-ui/Cargo.toml --source workspaces/worth-ui/crates/worth-ui/src/lib.rs --source workspaces/worth-ui/crates/worth-ui/src/facade/app.rs --source workspaces/worth-ui/crates/worth-ui/src/facade/declaration.rs --source workspaces/worth-ui/crates/worth-ui-runtime/src/capability/registry/component/component_semantic_text_contract.rs --source workspaces/worth-ui/crates/worth-ui-runtime/src/capability/registry/component/component_semantic_text_span_contract.rs --artifact plans/worth-ui/milestone-3.14.1-evidence/p4-font-collection-01.json,0,not-run,plans/worth-ui/milestone-3.14.1-evidence/p4-font-collection-01.json,not-bound,not-bound,not-bound,not-bound,workspaces/worth-ui/crates/worth-ui-text/src/font_collection/lifecycle.rs;workspaces/worth-ui/crates/worth-ui-text/src/font_collection/phase4_evidence.rs;scripts/ci/worth_ui_3141_case_contracts.py;scripts/ci/worth_ui_3141_phase4_case_contracts.py;workspaces/worth-ui/crates/worth-ui-text/src/font_collection/selection.rs;workspaces/worth-ui/crates/worth-ui-text/src/font_collection/application_pack.rs;workspaces/worth-ui/crates/worth-ui-text/src/font_collection/application_test_world.rs;workspaces/worth-ui/crates/worth-ui-text/src/font_collection/application_format_tests.rs;workspaces/worth-ui/crates/worth-ui-text/src/font_collection/application_family_tests.rs;workspaces/worth-ui/crates/worth-ui-text/src/font_collection/application_variation_tests.rs;workspaces/worth-ui/crates/worth-ui-text/src/font_collection/application_feature_tests.rs;workspaces/worth-ui/crates/worth-ui-text/src/font_collection/application_fallback_tests.rs;workspaces/worth-ui/crates/worth-ui-text/src/font_collection/application_selection_tests.rs;workspaces/worth-ui/crates/worth-ui-text/src/font_collection/application_pack_tests.rs;workspaces/worth-ui/crates/worth-ui-text/src/font_collection/application_reconstruction_tests.rs;workspaces/worth-ui/crates/worth-ui-text/src/font_collection/application_lifecycle_tests.rs;workspaces/worth-ui/crates/worth-ui-text/src/font_collection/application_metadata_tests.rs;workspaces/worth-ui/crates/worth-ui-text/src/font_collection/application_capacity_tests.rs;workspaces/worth-ui/crates/worth-ui-text/src/font_collection/application_byte_capacity_tests.rs;workspaces/worth-ui/crates/worth-ui-text/src/font_collection/application_pack/metadata.rs;workspaces/worth-ui/crates/worth-ui-text/src/font_collection/application_pack/metadata_inventory.rs;workspaces/worth-ui/crates/worth-ui-text/src/font_collection/coverage.rs;workspaces/worth-ui/crates/worth-ui/examples/text_platform.rs;workspaces/worth-ui/docs/text-platform.md;scripts/ci/worth_ui_ledger_public_example.py;workspaces/worth-ui/crates/worth-ui/Cargo.toml;workspaces/worth-ui/crates/worth-ui/src/lib.rs;workspaces/worth-ui/crates/worth-ui/src/facade/app.rs;workspaces/worth-ui/crates/worth-ui/src/facade/declaration.rs;workspaces/worth-ui/crates/worth-ui-runtime/src/capability/registry/component/component_semantic_text_contract.rs;workspaces/worth-ui/crates/worth-ui-runtime/src/capability/registry/component/component_semantic_text_span_contract.rs,worth-ui-global-text-v2,cec6005c5baef6d69ada9c30c02ced25b0f253f80c012784fe925e307935c3f2,worth-ui-windows-dx12-v1,1c937a22f42660267480a055e48256b25decf0c4cd5d4d7b493e5df034c6c65b,harfrust=0.12.0;harfrust-features=std;read-fonts=0.41.0;read-fonts-features=std+experimental_traverse;icu-segmenter=2.2.0;skrifa=0.44.0;skrifa-features=std;kurbo=0.13.1;kurbo-features=default+serde+std;linesweeper=0.4.0;linesweeper-features=none;icu-segmenter-features=compiled_data+auto;unicode-bidi=0.3.18;unicode-bidi-features=std;unicode-segmentation=1.13.3;protocol=5;text-profile=worth-ui-global-text-v2;qualification=closed,font-resolution-cases=16,not-applicable,not-applicable,OPEN,supersedes:3f9d7c92c0c7ea96fc4a619776ed9248b58ca2936fc02e29e8385ea3b670078f;supersedes:18d30aabc0ac92e7bb88108cb5aadf6494528ba8cbf487d0b9fddcb28430fbed,false,not-bound
4,P4-LINE-LAYOUT-01,worth-ui-text,Unicode line fitting and overflow,qualified-text-world,1,layout-oracle,worth-ui-ledger-evidence-v3,2eecced9a50bc78506fe954572acb6d0b9745fcc4b362176768e99e74212d9f3,mid-cluster-wrap,not-applicable,worth_ui_text::layout,workspaces/worth-ui/crates/worth-ui-text/src/layout.rs::layout_with_posture,workspaces/worth-ui/crates/worth-ui-text/src/phase4_ledger_evidence.rs::unicode_line_fitting_preserves_clusters_and_capacity,family=cluster-break;case=mid-cluster-wrap,not-applicable,plans/worth-ui/milestone-3.14.1-evidence/p4-line-layout-01.json,not-applicable,main-tests=1;hostile-controls=1;product-processes=0;compile-sessions=0;courtroom-worlds=0,executed-tests=2;presentations=0,python scripts/ci/run_worth_ui_ledger_test.py --manifest-path workspaces/worth-ui/Cargo.toml --package worth-ui-text --lib --test-name phase4_ledger_evidence::unicode_line_fitting_preserves_clusters_and_capacity --control-package worth-ui-text --control-lib --control-test-name phase4_ledger_evidence::mid_cluster_wrap_and_post_capacity_ellipsis_are_rejected --requirement P4-LINE-LAYOUT-01 --source workspaces/worth-ui/crates/worth-ui-text/src/layout.rs --source workspaces/worth-ui/crates/worth-ui-text/src/phase4_ledger_evidence.rs --source workspaces/worth-ui/crates/worth-ui-text/src/layout/line_fitting.rs --source workspaces/worth-ui/crates/worth-ui-text/src/layout/visual_order.rs --source workspaces/worth-ui/crates/worth-ui-text/src/layout/tests.rs --source workspaces/worth-ui/crates/worth-ui-text/src/layout/paragraph_alignment_tests.rs --source workspaces/worth-ui/crates/worth-ui-text/src/layout/line_anchor_tests.rs --source workspaces/worth-ui/crates/worth-ui-text/src/layout/contextual_line_shaping.rs --source workspaces/worth-ui/crates/worth-ui-text/src/layout/contextual_shaping_tests.rs --source workspaces/worth-ui/crates/worth-ui-text/src/layout/ellipsis.rs --source workspaces/worth-ui/crates/worth-ui-text/src/font_collection/ink_bounds.rs --source workspaces/worth-ui/crates/worth-ui-text/src/font_collection/ink_bounds/bitmap.rs --source workspaces/worth-ui/crates/worth-ui-text/src/font_collection/ink_bounds/color.rs --source workspaces/worth-ui/crates/worth-ui-text/src/font_collection/ink_bounds/color_region.rs --source workspaces/worth-ui/crates/worth-ui-text/src/font_collection/ink_bounds/color_tests.rs --source workspaces/worth-ui/crates/worth-ui-text/src/font_collection/ink_bounds_tests.rs --source workspaces/worth-ui/crates/worth-ui-text/src/font_collection/color_glyph/bitmap_selection.rs --source workspaces/worth-ui/crates/worth-ui-text/src/font_collection/color_glyph/path.rs --artifact plans/worth-ui/milestone-3.14.1-evidence/p4-line-layout-01.json,0,not-run,plans/worth-ui/milestone-3.14.1-evidence/p4-line-layout-01.json,not-bound,not-bound,not-bound,not-bound,workspaces/worth-ui/crates/worth-ui-text/src/layout.rs;workspaces/worth-ui/crates/worth-ui-text/src/phase4_ledger_evidence.rs;workspaces/worth-ui/crates/worth-ui-text/src/layout/line_fitting.rs;workspaces/worth-ui/crates/worth-ui-text/src/layout/visual_order.rs;workspaces/worth-ui/crates/worth-ui-text/src/layout/tests.rs;workspaces/worth-ui/crates/worth-ui-text/src/layout/paragraph_alignment_tests.rs;workspaces/worth-ui/crates/worth-ui-text/src/layout/line_anchor_tests.rs;workspaces/worth-ui/crates/worth-ui-text/src/layout/contextual_line_shaping.rs;workspaces/worth-ui/crates/worth-ui-text/src/layout/contextual_shaping_tests.rs;workspaces/worth-ui/crates/worth-ui-text/src/layout/ellipsis.rs;workspaces/worth-ui/crates/worth-ui-text/src/font_collection/ink_bounds.rs;workspaces/worth-ui/crates/worth-ui-text/src/font_collection/ink_bounds/bitmap.rs;workspaces/worth-ui/crates/worth-ui-text/src/font_collection/ink_bounds/color.rs;workspaces/worth-ui/crates/worth-ui-text/src/font_collection/ink_bounds/color_region.rs;workspaces/worth-ui/crates/worth-ui-text/src/font_collection/ink_bounds/color_tests.rs;workspaces/worth-ui/crates/worth-ui-text/src/font_collection/ink_bounds_tests.rs;workspaces/worth-ui/crates/worth-ui-text/src/font_collection/color_glyph/bitmap_selection.rs;workspaces/worth-ui/crates/worth-ui-text/src/font_collection/color_glyph/path.rs,worth-ui-global-text-v2,cec6005c5baef6d69ada9c30c02ced25b0f253f80c012784fe925e307935c3f2,worth-ui-windows-dx12-v1,1c937a22f42660267480a055e48256b25decf0c4cd5d4d7b493e5df034c6c65b,harfrust=0.12.0;harfrust-features=std;read-fonts=0.41.0;read-fonts-features=std+experimental_traverse;icu-segmenter=2.2.0;skrifa=0.44.0;skrifa-features=std;kurbo=0.13.1;kurbo-features=default+serde+std;linesweeper=0.4.0;linesweeper-features=none;icu-segmenter-features=compiled_data+auto;unicode-bidi=0.3.18;unicode-bidi-features=std;unicode-segmentation=1.13.3;protocol=5;text-profile=worth-ui-global-text-v2;qualification=closed,lines=3,not-applicable,not-applicable,OPEN,supersedes:458d429e37d40e43c5c3fa63681d7f8ff1a3d993800659020ac020a82f4a3ff7;supersedes:83eea4ac8be79b6fb9eb434dd1ea39a77482642c3d0204cfe76f7433539d7a74,false,not-bound
4,P4-MEASUREMENT-IDENTITY-01,worth-ui-text,canonical layout measurement identity,qualified-text-world,1,identity-model,worth-ui-ledger-evidence-v3,03dcc2bbff435642507d3434c25d6fea5b797a24e7d8d328f70f4cbc39ab2754,independent-measurement-pass,not-applicable,worth_ui_text::layout,workspaces/worth-ui/crates/worth-ui-host-headless/src/headless_transcript/text_measurement.rs::qualified_measurement,workspaces/worth-ui/crates/worth-ui-certification/tests/application_contracts/projection_presentation/font_stack.rs::authored_application_stack_and_emoji_fallback_cross_mounted_headless_consumers,family=duplicate-shaper;case=independent-measurement-pass,not-applicable,plans/worth-ui/milestone-3.14.1-evidence/p4-measurement-identity-01.json,not-applicable,main-tests=1;hostile-controls=1;product-processes=0;compile-sessions=0;courtroom-worlds=0,executed-tests=2;presentations=0,python scripts/ci/run_worth_ui_ledger_test.py --manifest-path workspaces/worth-ui/Cargo.toml --package worth-ui-certification --test application_contracts --test-name projection_presentation::font_stack::authored_application_stack_and_emoji_fallback_cross_mounted_headless_consumers --control-package worth-ui-certification --control-test topology_contracts --control-test-name milestone_3141_phase1_topology::font_authority::headless_measurement_and_accessibility_consume_only_qualified_records --requirement P4-MEASUREMENT-IDENTITY-01 --source workspaces/worth-ui/crates/worth-ui-host-headless/src/headless_transcript/text_measurement.rs --source workspaces/worth-ui/crates/worth-ui-certification/tests/application_contracts/projection_presentation/font_stack.rs --source workspaces/worth-ui/crates/worth-ui-certification/tests/application_contracts/projection_presentation/font_stack/accessibility_geometry.rs --source workspaces/worth-ui/crates/worth-ui-host-headless/src/headless_transcript/semantic_text.rs --source workspaces/worth-ui/crates/worth-ui-runtime/src/mounting/projection/semantic_text/qualified.rs --source workspaces/worth-ui/crates/worth-ui-runtime/src/mounting/presentation/consumption_view.rs --source workspaces/worth-ui/crates/worth-ui-certification/tests/milestone_3141_phase1_topology/font_authority.rs --artifact plans/worth-ui/milestone-3.14.1-evidence/p4-measurement-identity-01.json,0,not-run,plans/worth-ui/milestone-3.14.1-evidence/p4-measurement-identity-01.json,not-bound,not-bound,not-bound,not-bound,workspaces/worth-ui/crates/worth-ui-host-headless/src/headless_transcript/text_measurement.rs;workspaces/worth-ui/crates/worth-ui-certification/tests/application_contracts/projection_presentation/font_stack.rs;workspaces/worth-ui/crates/worth-ui-certification/tests/application_contracts/projection_presentation/font_stack/accessibility_geometry.rs;workspaces/worth-ui/crates/worth-ui-host-headless/src/headless_transcript/semantic_text.rs;workspaces/worth-ui/crates/worth-ui-runtime/src/mounting/projection/semantic_text/qualified.rs;workspaces/worth-ui/crates/worth-ui-runtime/src/mounting/presentation/consumption_view.rs;workspaces/worth-ui/crates/worth-ui-certification/tests/milestone_3141_phase1_topology/font_authority.rs,worth-ui-global-text-v2,cec6005c5baef6d69ada9c30c02ced25b0f253f80c012784fe925e307935c3f2,worth-ui-windows-dx12-v1,1c937a22f42660267480a055e48256b25decf0c4cd5d4d7b493e5df034c6c65b,harfrust=0.12.0;harfrust-features=std;read-fonts=0.41.0;read-fonts-features=std+experimental_traverse;icu-segmenter=2.2.0;skrifa=0.44.0;skrifa-features=std;kurbo=0.13.1;kurbo-features=default+serde+std;linesweeper=0.4.0;linesweeper-features=none;icu-segmenter-features=compiled_data+auto;unicode-bidi=0.3.18;unicode-bidi-features=std;unicode-segmentation=1.13.3;protocol=5;text-profile=worth-ui-global-text-v2;qualification=closed,layout-identities=1,not-applicable,not-applicable,OPEN,supersedes:24977499a8ebaa3e595c94dd7d21fd1068a6f1323c09ef33cd39cc9373adfebb;supersedes:2be855e52032689b8d00f6e303633412afcb19497b2fe4cab831fd1a10d82168,false,not-bound
4,P4-ORIGINAL-RANGE-01,worth-ui-text,original UTF-8 range and caret geometry,qualified-text-world,1,range-oracle,worth-ui-ledger-evidence-v3,f4776ef7dd15c0bff63af61b2696c06fd67645575c1eee73e3c437de34bea646,normalized-offset-substitution,not-applicable,worth_ui_text::analysis,workspaces/worth-ui/crates/worth-ui-text/src/layout.rs::layout_with_posture,workspaces/worth-ui/crates/worth-ui-text/src/phase4_ledger_evidence.rs::original_utf8_ranges_survive_mixed_script_layout,family=range-normalization;case=normalized-offset-substitution,not-applicable,plans/worth-ui/milestone-3.14.1-evidence/p4-original-range-01.json,not-applicable,main-tests=1;hostile-controls=1;product-processes=0;compile-sessions=0;courtroom-worlds=0,executed-tests=2;presentations=0,python scripts/ci/run_worth_ui_ledger_test.py --manifest-path workspaces/worth-ui/Cargo.toml --package worth-ui-text --lib --test-name phase4_ledger_evidence::original_utf8_ranges_survive_mixed_script_layout --control-package worth-ui-text --control-lib --control-test-name phase4_ledger_evidence::normalized_offset_substitution_is_rejected_by_cluster_hits --requirement P4-ORIGINAL-RANGE-01 --source workspaces/worth-ui/crates/worth-ui-text/src/layout.rs --source workspaces/worth-ui/crates/worth-ui-text/src/phase4_ledger_evidence.rs --source workspaces/worth-ui/crates/worth-ui-text/src/layout/interaction.rs --artifact plans/worth-ui/milestone-3.14.1-evidence/p4-original-range-01.json,0,not-run,plans/worth-ui/milestone-3.14.1-evidence/p4-original-range-01.json,not-bound,not-bound,not-bound,not-bound,workspaces/worth-ui/crates/worth-ui-text/src/layout.rs;workspaces/worth-ui/crates/worth-ui-text/src/phase4_ledger_evidence.rs;workspaces/worth-ui/crates/worth-ui-text/src/layout/interaction.rs,worth-ui-global-text-v2,cec6005c5baef6d69ada9c30c02ced25b0f253f80c012784fe925e307935c3f2,worth-ui-windows-dx12-v1,1c937a22f42660267480a055e48256b25decf0c4cd5d4d7b493e5df034c6c65b,harfrust=0.12.0;harfrust-features=std;read-fonts=0.41.0;read-fonts-features=std+experimental_traverse;icu-segmenter=2.2.0;skrifa=0.44.0;skrifa-features=std;kurbo=0.13.1;kurbo-features=default+serde+std;linesweeper=0.4.0;linesweeper-features=none;icu-segmenter-features=compiled_data+auto;unicode-bidi=0.3.18;unicode-bidi-features=std;unicode-segmentation=1.13.3;protocol=5;text-profile=worth-ui-global-text-v2;qualification=closed,original-ranges=8,not-applicable,not-applicable,OPEN,supersedes:016283334ddc3c5320154debbb7342fe5b206b82791144e5b7a5cfb4077cf1d8;supersedes:a9b0e25f1492bad099a5f2d543686902d05a58ecefad1d36e2d9186afe80e0f8,false,not-bound
4,P4-SHAPING-01,worth-ui-text,qualified complex script shaping,qualified-text-world,1,harfbuzz-fixture,worth-ui-ledger-evidence-v3,5d2444557d531344cb6fecdd99b132ad82eeb942a5092757a25b8e0016995d54,one-run-latin,not-applicable,worth_ui_text::layout::shaping,workspaces/worth-ui/crates/worth-ui-text/src/shaping.rs::shape,workspaces/worth-ui/crates/worth-ui-text/src/phase4_ledger_evidence.rs::mixed_script_shaping_emits_exact_nonzero_glyphs,family=glyph-substitution;case=one-run-latin,not-applicable,plans/worth-ui/milestone-3.14.1-evidence/p4-shaping-01.json,not-applicable,main-tests=1;hostile-controls=1;product-processes=0;compile-sessions=0;courtroom-worlds=0,executed-tests=2;presentations=0,python scripts/ci/run_worth_ui_ledger_test.py --manifest-path workspaces/worth-ui/Cargo.toml --package worth-ui-text --lib --test-name phase4_ledger_evidence::mixed_script_shaping_emits_exact_nonzero_glyphs --control-package worth-ui-text --control-lib --control-test-name phase4_ledger_evidence::one_run_latin_substitution_is_rejected_by_features_and_axes --requirement P4-SHAPING-01 --source workspaces/worth-ui/crates/worth-ui-text/src/shaping.rs --source workspaces/worth-ui/crates/worth-ui-text/src/phase4_ledger_evidence.rs --source workspaces/worth-ui/crates/worth-ui-text/src/shaping/records.rs --source workspaces/worth-ui/crates/worth-ui-text/src/shaping/reference_fixture_tests.rs --source workspaces/worth-ui/crates/worth-ui-text/src/font_collection/face.rs --source workspaces/worth-ui/crates/worth-ui-text/src/language.rs --source workspaces/worth-ui/profiles/worth-ui-global-text-v2/fixtures/hb-shape-13.0.0.json --artifact plans/worth-ui/milestone-3.14.1-evidence/p4-shaping-01.json,0,not-run,plans/worth-ui/milestone-3.14.1-evidence/p4-shaping-01.json,not-bound,not-bound,not-bound,not-bound,workspaces/worth-ui/crates/worth-ui-text/src/shaping.rs;workspaces/worth-ui/crates/worth-ui-text/src/phase4_ledger_evidence.rs;workspaces/worth-ui/crates/worth-ui-text/src/shaping/records.rs;workspaces/worth-ui/crates/worth-ui-text/src/shaping/reference_fixture_tests.rs;workspaces/worth-ui/crates/worth-ui-text/src/font_collection/face.rs;workspaces/worth-ui/crates/worth-ui-text/src/language.rs;workspaces/worth-ui/profiles/worth-ui-global-text-v2/fixtures/hb-shape-13.0.0.json,worth-ui-global-text-v2,cec6005c5baef6d69ada9c30c02ced25b0f253f80c012784fe925e307935c3f2,worth-ui-windows-dx12-v1,1c937a22f42660267480a055e48256b25decf0c4cd5d4d7b493e5df034c6c65b,harfrust=0.12.0;harfrust-features=std;read-fonts=0.41.0;read-fonts-features=std+experimental_traverse;icu-segmenter=2.2.0;skrifa=0.44.0;skrifa-features=std;kurbo=0.13.1;kurbo-features=default+serde+std;linesweeper=0.4.0;linesweeper-features=none;icu-segmenter-features=compiled_data+auto;unicode-bidi=0.3.18;unicode-bidi-features=std;unicode-segmentation=1.13.3;protocol=5;text-profile=worth-ui-global-text-v2;qualification=closed,shaped-glyphs=15,not-applicable,not-applicable,OPEN,supersedes:5075aa8d2a87a2af9e3f41f0b82fc9c08cd8135f53bc42c6b53f02fd002f128d;supersedes:38fcd0dea504e51127c03feb67b5313115faca46bdb4d438c06ff0d5de2aac7e,false,not-bound
4,P4-TEXT-COST-01,worth-ui-text,incremental paragraph analysis and layout,qualified-text-world,1,slope-model,worth-ui-ledger-evidence-v3,5b8f63228b69caf5e3211deb518fed8d1daaee8178d5b23994265e82f97dd8f3,complete-document-rescan,not-applicable,worth_ui_text::layout::cost,workspaces/worth-ui/crates/worth-ui-runtime/src/mounting/projection/frame_storage/semantic_mechanics.rs::apply_collection_updates,workspaces/worth-ui/crates/worth-ui-certification/tests/application_contracts/projection_presentation/collection_query.rs::real_query_collection_snapshot_and_patch_publish_keyed_semantic_text,family=paragraph-rescan;case=complete-document-rescan,not-applicable,plans/worth-ui/milestone-3.14.1-evidence/p4-text-cost-01.json,not-applicable,main-tests=1;hostile-controls=1;product-processes=0;compile-sessions=0;courtroom-worlds=0,executed-tests=2;presentations=0,python scripts/ci/run_worth_ui_ledger_test.py --manifest-path workspaces/worth-ui/Cargo.toml --package worth-ui-certification --test application_contracts --test-name projection_presentation::collection_query::real_query_collection_snapshot_and_patch_publish_keyed_semantic_text --control-package worth-ui-runtime --control-lib --control-test-name mounting::projection::frame_storage::mechanic_source_tests::phase4_locality::collection::collection_patch_content_locality_is_constant_at_every_qualified_size --requirement P4-TEXT-COST-01 --source workspaces/worth-ui/crates/worth-ui-runtime/src/mounting/projection/frame_storage/semantic_mechanics.rs --source workspaces/worth-ui/crates/worth-ui-runtime/src/mounting/projection/frame_storage/semantic_mechanics/capacity.rs --source workspaces/worth-ui/crates/worth-ui-runtime/src/mounting/projection/frame_storage/semantic_mechanics/diff.rs --source workspaces/worth-ui/crates/worth-ui-runtime/src/mounting/projection/frame_storage/semantic_mechanics/layout_index.rs --source workspaces/worth-ui/crates/worth-ui-runtime/src/runtime/persistent_index/ordered_map.rs --source workspaces/worth-ui/crates/worth-ui-runtime/src/runtime/persistent_index/ranked_sequence.rs --source workspaces/worth-ui/crates/worth-ui-runtime/src/runtime/persistent_index/test_observation.rs --source workspaces/worth-ui/crates/worth-ui-certification/tests/application_contracts/projection_presentation/collection_query.rs --source workspaces/worth-ui/crates/worth-ui-certification/tests/application_contracts/projection_presentation/collection_query/locality.rs --source workspaces/worth-ui/crates/worth-ui-runtime/src/mounting/projection/frame_storage/mechanic_source_tests/phase4_locality.rs --source workspaces/worth-ui/crates/worth-ui-runtime/src/mounting/projection/frame_storage/mechanic_source_tests/phase4_locality/world.rs --source workspaces/worth-ui/crates/worth-ui-runtime/src/mounting/projection/frame_storage/mechanic_source_tests/phase4_locality/collection.rs --artifact plans/worth-ui/milestone-3.14.1-evidence/p4-text-cost-01.json,0,not-run,plans/worth-ui/milestone-3.14.1-evidence/p4-text-cost-01.json,not-bound,not-bound,not-bound,not-bound,workspaces/worth-ui/crates/worth-ui-runtime/src/mounting/projection/frame_storage/semantic_mechanics.rs;workspaces/worth-ui/crates/worth-ui-runtime/src/mounting/projection/frame_storage/semantic_mechanics/capacity.rs;workspaces/worth-ui/crates/worth-ui-runtime/src/mounting/projection/frame_storage/semantic_mechanics/diff.rs;workspaces/worth-ui/crates/worth-ui-runtime/src/mounting/projection/frame_storage/semantic_mechanics/layout_index.rs;workspaces/worth-ui/crates/worth-ui-runtime/src/runtime/persistent_index/ordered_map.rs;workspaces/worth-ui/crates/worth-ui-runtime/src/runtime/persistent_index/ranked_sequence.rs;workspaces/worth-ui/crates/worth-ui-runtime/src/runtime/persistent_index/test_observation.rs;workspaces/worth-ui/crates/worth-ui-certification/tests/application_contracts/projection_presentation/collection_query.rs;workspaces/worth-ui/crates/worth-ui-certification/tests/application_contracts/projection_presentation/collection_query/locality.rs;workspaces/worth-ui/crates/worth-ui-runtime/src/mounting/projection/frame_storage/mechanic_source_tests/phase4_locality.rs;workspaces/worth-ui/crates/worth-ui-runtime/src/mounting/projection/frame_storage/mechanic_source_tests/phase4_locality/world.rs;workspaces/worth-ui/crates/worth-ui-runtime/src/mounting/projection/frame_storage/mechanic_source_tests/phase4_locality/collection.rs,worth-ui-global-text-v2,cec6005c5baef6d69ada9c30c02ced25b0f253f80c012784fe925e307935c3f2,worth-ui-windows-dx12-v1,1c937a22f42660267480a055e48256b25decf0c4cd5d4d7b493e5df034c6c65b,harfrust=0.12.0;harfrust-features=std;read-fonts=0.41.0;read-fonts-features=std+experimental_traverse;icu-segmenter=2.2.0;skrifa=0.44.0;skrifa-features=std;kurbo=0.13.1;kurbo-features=default+serde+std;linesweeper=0.4.0;linesweeper-features=none;icu-segmenter-features=compiled_data+auto;unicode-bidi=0.3.18;unicode-bidi-features=std;unicode-segmentation=1.13.3;protocol=5;text-profile=worth-ui-global-text-v2;qualification=closed,retained-scans=0,not-applicable,not-applicable,OPEN,supersedes:3eedd3431faf4a384b64eeb208b71829de5485d8bb1eb14fab769e9460fa5b58;supersedes:564536e81766dad0c7158e4ba65a1add76f81005eeb519d080e5259135c05e49,false,not-bound
4,P4-TEXT-PROFILE-01,worth-ui-text,global Unicode text profile qualification,text-profile-qualification-world,1,manifest-qualification,worth-ui-ledger-evidence-v3,a0dfb071145ee2531be8ca2fb52489185b88e13412bdb5b0231d424e6d5cdd9d,font-or-unicode-digest-drift,not-applicable,worth_ui_text::profile,workspaces/worth-ui/crates/worth-ui-certification/tests/milestone_3141_phase1_ledger/text_profile_qualification.rs::validate_profile,workspaces/worth-ui/crates/worth-ui-certification/tests/milestone_3141_phase1_ledger/text_profile_qualification.rs::global_text_profile_assets_indexes_and_dependencies_are_exact,family=profile-drift;case=font-or-unicode-digest-drift,before-effects,plans/worth-ui/milestone-3.14.1-evidence/p4-text-profile-01.json,not-applicable,main-tests=1;hostile-controls=1;product-processes=0;compile-sessions=0;courtroom-worlds=0,executed-tests=2;presentations=0,python scripts/ci/run_worth_ui_ledger_test.py --manifest-path workspaces/worth-ui/Cargo.toml --package worth-ui-certification --test topology_contracts --test-name milestone_3141_phase1_ledger::text_profile_qualification::global_text_profile_assets_indexes_and_dependencies_are_exact --control-package worth-ui-certification --control-test topology_contracts --control-test-name milestone_3141_phase1_ledger::text_profile_qualification::global_text_profile_rejects_manifest_and_artifact_drift --requirement P4-TEXT-PROFILE-01 --source workspaces/worth-ui/crates/worth-ui-certification/tests/milestone_3141_phase1_ledger/text_profile_qualification.rs --source workspaces/worth-ui/profiles/worth-ui-global-text-v2/manifest.toml --source workspaces/worth-ui/profiles/worth-ui-global-text-v2/artifact-inventory.toml --source workspaces/worth-ui/Cargo.toml --source workspaces/worth-ui/crates/worth-ui-text/Cargo.toml --source tools/worth-ui-text-profile-qualification/Cargo.toml --source tools/worth-ui-text-profile-qualification/Cargo.lock --artifact plans/worth-ui/milestone-3.14.1-evidence/p4-text-profile-01.json,0,not-run,plans/worth-ui/milestone-3.14.1-evidence/p4-text-profile-01.json,not-bound,not-bound,not-bound,not-bound,workspaces/worth-ui/crates/worth-ui-certification/tests/milestone_3141_phase1_ledger/text_profile_qualification.rs;workspaces/worth-ui/profiles/worth-ui-global-text-v2/manifest.toml;workspaces/worth-ui/profiles/worth-ui-global-text-v2/artifact-inventory.toml;workspaces/worth-ui/Cargo.toml;workspaces/worth-ui/crates/worth-ui-text/Cargo.toml;tools/worth-ui-text-profile-qualification/Cargo.toml;tools/worth-ui-text-profile-qualification/Cargo.lock,worth-ui-global-text-v2,cec6005c5baef6d69ada9c30c02ced25b0f253f80c012784fe925e307935c3f2,worth-ui-windows-dx12-v1,1c937a22f42660267480a055e48256b25decf0c4cd5d4d7b493e5df034c6c65b,harfrust=0.12.0;harfrust-features=std;read-fonts=0.41.0;read-fonts-features=std+experimental_traverse;icu-segmenter=2.2.0;skrifa=0.44.0;skrifa-features=std;kurbo=0.13.1;kurbo-features=default+serde+std;linesweeper=0.4.0;linesweeper-features=none;icu-segmenter-features=compiled_data+auto;unicode-bidi=0.3.18;unicode-bidi-features=std;unicode-segmentation=1.13.3;protocol=5;text-profile=worth-ui-global-text-v2;qualification=closed,qualified-assets=34,not-applicable,not-applicable,OPEN,supersedes:3e5a853d1226d61641004e9fada029a969444b6d2584d2b38d2b55aa97b11196;supersedes:8e9c12b291de19a1239b6a43dbc8f10750fbd643929ac02b0d123b688ff0b3d9,false,not-bound
4,P4-TEXT-RECONSTRUCTION-01,worth-ui-text,layout reconstruction from admitted text,qualified-text-world,1,reconstruction,worth-ui-ledger-evidence-v3,e44a9e665658d53ccfd5e4cf18f5d93a0a10081b8c173f57679096730daf88e7,stale-layout-reuse,not-applicable,worth_ui_text::layout,workspaces/worth-ui/crates/worth-ui-text/src/reconstruction.rs::reconstruct,workspaces/worth-ui/crates/worth-ui-text/src/phase4_ledger_evidence.rs::retired_layout_reconstructs_from_exact_pinned_bytes,family=derived-state-reuse;case=stale-layout-reuse,not-applicable,plans/worth-ui/milestone-3.14.1-evidence/p4-text-reconstruction-01.json,not-applicable,main-tests=1;hostile-controls=1;product-processes=0;compile-sessions=0;courtroom-worlds=0,executed-tests=2;presentations=0,python scripts/ci/run_worth_ui_ledger_test.py --manifest-path workspaces/worth-ui/Cargo.toml --package worth-ui-text --lib --test-name phase4_ledger_evidence::retired_layout_reconstructs_from_exact_pinned_bytes --control-package worth-ui-text --control-lib --control-test-name phase4_ledger_evidence::stale_layout_reuse_is_rejected_by_exact_collection_lineage --requirement P4-TEXT-RECONSTRUCTION-01 --source workspaces/worth-ui/crates/worth-ui-text/src/reconstruction.rs --source workspaces/worth-ui/crates/worth-ui-text/src/phase4_ledger_evidence.rs --source workspaces/worth-ui/crates/worth-ui-text/src/layout.rs --source workspaces/worth-ui/crates/worth-ui-text/src/font_collection/lifecycle.rs --artifact plans/worth-ui/milestone-3.14.1-evidence/p4-text-reconstruction-01.json,0,not-run,plans/worth-ui/milestone-3.14.1-evidence/p4-text-reconstruction-01.json,not-bound,not-bound,not-bound,not-bound,workspaces/worth-ui/crates/worth-ui-text/src/reconstruction.rs;workspaces/worth-ui/crates/worth-ui-text/src/phase4_ledger_evidence.rs;workspaces/worth-ui/crates/worth-ui-text/src/layout.rs;workspaces/worth-ui/crates/worth-ui-text/src/font_collection/lifecycle.rs,worth-ui-global-text-v2,cec6005c5baef6d69ada9c30c02ced25b0f253f80c012784fe925e307935c3f2,worth-ui-windows-dx12-v1,1c937a22f42660267480a055e48256b25decf0c4cd5d4d7b493e5df034c6c65b,harfrust=0.12.0;harfrust-features=std;read-fonts=0.41.0;read-fonts-features=std+experimental_traverse;icu-segmenter=2.2.0;skrifa=0.44.0;skrifa-features=std;kurbo=0.13.1;kurbo-features=default+serde+std;linesweeper=0.4.0;linesweeper-features=none;icu-segmenter-features=compiled_data+auto;unicode-bidi=0.3.18;unicode-bidi-features=std;unicode-segmentation=1.13.3;protocol=5;text-profile=worth-ui-global-text-v2;qualification=closed,reconstructed-layouts=1,not-applicable,not-applicable,OPEN,supersedes:88f16f31f42ea9af719be214fe030d56aad2fb666c68ebb736b2dad9d298d51a;supersedes:3381519e0309d10fc4f5949d314fb4ea3b774c0ffb0dca670c0c4cabcbaba35f,false,not-bound
4,P4-UNCHANGED-01,worth-ui-text,unchanged paragraph layout identity reuse,qualified-text-world,1,slope-model,worth-ui-ledger-evidence-v3,a76ee9222a06497f3f64ffb8e4a640a53e0bc99d9906dbe892b76403dc6159a4,unchanged-paragraph-rescan,not-applicable,worth_ui_text::layout::retention,workspaces/worth-ui/crates/worth-ui-runtime/src/mounting/projection/frame_storage/mechanic_source.rs::apply,workspaces/worth-ui/crates/worth-ui-runtime/src/mounting/projection/frame_storage/mechanic_source_tests/phase4_locality.rs::content_and_width_locality_have_exact_constant_work_at_every_qualified_size,family=unchanged-analysis;case=unchanged-paragraph-rescan,not-applicable,plans/worth-ui/milestone-3.14.1-evidence/p4-unchanged-01.json,not-applicable,main-tests=1;hostile-controls=1;product-processes=0;compile-sessions=0;courtroom-worlds=0,executed-tests=2;presentations=0,python scripts/ci/run_worth_ui_ledger_test.py --manifest-path workspaces/worth-ui/Cargo.toml --package worth-ui-runtime --lib --test-name mounting::projection::frame_storage::mechanic_source_tests::phase4_locality::content_and_width_locality_have_exact_constant_work_at_every_qualified_size --control-package worth-ui-runtime --control-lib --control-test-name mounting::projection::frame_storage::mechanic_source_tests::phase4_locality::retained_document_scan_and_global_width_substitution_are_rejected --requirement P4-UNCHANGED-01 --source workspaces/worth-ui/crates/worth-ui-runtime/src/mounting/projection/frame_storage/mechanic_source.rs --source workspaces/worth-ui/crates/worth-ui-runtime/src/mounting/projection/frame_storage/mechanic_source_tests/phase4_locality.rs --source workspaces/worth-ui/crates/worth-ui-runtime/src/mounting/projection/frame_storage/mechanic_source_tests/phase4_locality/world.rs --source workspaces/worth-ui/crates/worth-ui-runtime/src/runtime/persistent_index/ordered_map.rs --source workspaces/worth-ui/crates/worth-ui-runtime/src/runtime/persistent_index/ranked_sequence.rs --source workspaces/worth-ui/crates/worth-ui-runtime/src/runtime/persistent_index/test_observation.rs --artifact plans/worth-ui/milestone-3.14.1-evidence/p4-unchanged-01.json,0,not-run,plans/worth-ui/milestone-3.14.1-evidence/p4-unchanged-01.json,not-bound,not-bound,not-bound,not-bound,workspaces/worth-ui/crates/worth-ui-runtime/src/mounting/projection/frame_storage/mechanic_source.rs;workspaces/worth-ui/crates/worth-ui-runtime/src/mounting/projection/frame_storage/mechanic_source_tests/phase4_locality.rs;workspaces/worth-ui/crates/worth-ui-runtime/src/mounting/projection/frame_storage/mechanic_source_tests/phase4_locality/world.rs;workspaces/worth-ui/crates/worth-ui-runtime/src/runtime/persistent_index/ordered_map.rs;workspaces/worth-ui/crates/worth-ui-runtime/src/runtime/persistent_index/ranked_sequence.rs;workspaces/worth-ui/crates/worth-ui-runtime/src/runtime/persistent_index/test_observation.rs,worth-ui-global-text-v2,cec6005c5baef6d69ada9c30c02ced25b0f253f80c012784fe925e307935c3f2,worth-ui-windows-dx12-v1,1c937a22f42660267480a055e48256b25decf0c4cd5d4d7b493e5df034c6c65b,harfrust=0.12.0;harfrust-features=std;read-fonts=0.41.0;read-fonts-features=std+experimental_traverse;icu-segmenter=2.2.0;skrifa=0.44.0;skrifa-features=std;kurbo=0.13.1;kurbo-features=default+serde+std;linesweeper=0.4.0;linesweeper-features=none;icu-segmenter-features=compiled_data+auto;unicode-bidi=0.3.18;unicode-bidi-features=std;unicode-segmentation=1.13.3;protocol=5;text-profile=worth-ui-global-text-v2;qualification=closed,unchanged-analysis=0,not-applicable,not-applicable,OPEN,supersedes:a74d733efa0bc8ec295b30b914e06f4cf98e9804173e2dc92ae6a71def281dab;supersedes:9b62c5cabd34904618e53d1adc9b51bd2f9df372d068e87906c80fb5352a233a,false,not-bound
4,P4-UNICODE-SEGMENTATION-01,worth-ui-text,Unicode grapheme word and line segmentation,qualified-text-world,1,unicode-conformance,worth-ui-ledger-evidence-v3,390f0d0a3b5da606208a39e06a0af1f5a38a5933f6d3a66de62c38fb87699fcd,zwj-or-flag-split,not-applicable,worth_ui_text::analysis,workspaces/worth-ui/crates/worth-ui-text/src/analysis.rs::analyze,workspaces/worth-ui/crates/worth-ui-text/src/phase4_ledger_evidence.rs::unicode_17_segmentation_corpora_are_exhaustive,family=emoji-sequence-split;case=zwj-or-flag-split,not-applicable,plans/worth-ui/milestone-3.14.1-evidence/p4-unicode-segmentation-01.json,not-applicable,main-tests=1;hostile-controls=1;product-processes=0;compile-sessions=0;courtroom-worlds=0,executed-tests=2;presentations=0,python scripts/ci/run_worth_ui_ledger_test.py --manifest-path workspaces/worth-ui/Cargo.toml --package worth-ui-text --lib --test-name phase4_ledger_evidence::unicode_17_segmentation_corpora_are_exhaustive --control-package worth-ui-text --control-lib --control-test-name phase4_ledger_evidence::zwj_flag_and_dictionary_boundary_substitutions_are_rejected --requirement P4-UNICODE-SEGMENTATION-01 --source workspaces/worth-ui/crates/worth-ui-text/src/analysis.rs --source workspaces/worth-ui/crates/worth-ui-text/src/phase4_ledger_evidence.rs --source workspaces/worth-ui/crates/worth-ui-text/src/dictionary_segmentation.rs --source workspaces/worth-ui/crates/worth-ui-text/src/analysis_conformance_tests.rs --artifact plans/worth-ui/milestone-3.14.1-evidence/p4-unicode-segmentation-01.json,0,not-run,plans/worth-ui/milestone-3.14.1-evidence/p4-unicode-segmentation-01.json,not-bound,not-bound,not-bound,not-bound,workspaces/worth-ui/crates/worth-ui-text/src/analysis.rs;workspaces/worth-ui/crates/worth-ui-text/src/phase4_ledger_evidence.rs;workspaces/worth-ui/crates/worth-ui-text/src/dictionary_segmentation.rs;workspaces/worth-ui/crates/worth-ui-text/src/analysis_conformance_tests.rs,worth-ui-global-text-v2,cec6005c5baef6d69ada9c30c02ced25b0f253f80c012784fe925e307935c3f2,worth-ui-windows-dx12-v1,1c937a22f42660267480a055e48256b25decf0c4cd5d4d7b493e5df034c6c65b,harfrust=0.12.0;harfrust-features=std;read-fonts=0.41.0;read-fonts-features=std+experimental_traverse;icu-segmenter=2.2.0;skrifa=0.44.0;skrifa-features=std;kurbo=0.13.1;kurbo-features=default+serde+std;linesweeper=0.4.0;linesweeper-features=none;icu-segmenter-features=compiled_data+auto;unicode-bidi=0.3.18;unicode-bidi-features=std;unicode-segmentation=1.13.3;protocol=5;text-profile=worth-ui-global-text-v2;qualification=closed,conformance-cases=22048,not-applicable,not-applicable,OPEN,supersedes:9e2d64e4bff5eb247ff2b318ffa397e3e7246f5822aba3282abe0ca35f8e9124;supersedes:6d47fd25174d9b1be94e3aeac7772e02161d98d773d935375404158675b96d1c,false,not-bound
3,P3-CLIPPED-DELTA-01,worth-ui-runtime,logical successor with zero physical coverage,clipped-delta-world,1,integration-model,worth-ui-ledger-evidence-v3,a0dfb071145ee2531be8ca2fb52489185b88e13412bdb5b0231d424e6d5cdd9d,zero-paint-as-indeterminate,not-applicable,worth_ui_runtime::mounting::presentation,workspaces/worth-ui/crates/worth-ui-runtime/src/mounting/presentation/terminal.rs::completion_satisfies,workspaces/worth-ui/crates/worth-ui-certification/tests/application_contracts/platform_pulse.rs::clipped_to_zero_native_delta_advances_without_a_new_physical_epoch,family=effect-posture;case=zero-paint-as-indeterminate,not-applicable,plans/worth-ui/milestone-3.14.1-evidence/p3-clipped-delta-01.json,not-applicable,main-tests=1;hostile-controls=1;product-processes=0;compile-sessions=0;courtroom-worlds=0,executed-tests=2;presentations=0,python scripts/ci/run_worth_ui_ledger_test.py --manifest-path workspaces/worth-ui/Cargo.toml --package worth-ui-certification --test application_contracts --test-name platform_pulse::clipped_to_zero_native_delta_advances_without_a_new_physical_epoch --control-package worth-ui-host-native --control-lib --control-test-name native::presentation::delta::tests::offscreen_delta_advances_retained_truth_without_physical_work --requirement P3-CLIPPED-DELTA-01 --source workspaces/worth-ui/crates/worth-ui-certification/tests/application_contracts/platform_pulse.rs --source workspaces/worth-ui/crates/worth-ui-runtime/src/mounting/presentation/terminal.rs --source workspaces/worth-ui/crates/worth-ui-runtime/src/certification_support/scripted_presentation_host/mod.rs --source workspaces/worth-ui/crates/worth-ui-runtime/src/certification_support/scripted_presentation_host/adapter.rs --source workspaces/worth-ui/crates/worth-ui-host-native/src/native/presentation/delta.rs --source workspaces/worth-ui/crates/worth-ui-host-native/src/native/presentation/delta_tests.rs --source workspaces/worth-ui/crates/worth-ui-host-native/src/native/presentation/raster.rs --artifact plans/worth-ui/milestone-3.14.1-evidence/p3-clipped-delta-01.json,1,passed,plans/worth-ui/milestone-3.14.1-evidence/p3-clipped-delta-01.json,ef56a3d58523baa15ae4c253455a01ef16623e06,8ddbf8a04fed403a84ff7c568e8af9b5c3a46a6c418c6d2812d535ed23ef7104,2adb5b50291c0fcd8e34e18d93bd56e4f4cf5b95adab5ad53a04b5490bd715e6,54cb437c8e30279828a1654dbecd521c,workspaces/worth-ui/crates/worth-ui-certification/tests/application_contracts/platform_pulse.rs;workspaces/worth-ui/crates/worth-ui-runtime/src/mounting/presentation/terminal.rs;workspaces/worth-ui/crates/worth-ui-runtime/src/certification_support/scripted_presentation_host/mod.rs;workspaces/worth-ui/crates/worth-ui-runtime/src/certification_support/scripted_presentation_host/adapter.rs;workspaces/worth-ui/crates/worth-ui-host-native/src/native/presentation/delta.rs;workspaces/worth-ui/crates/worth-ui-host-native/src/native/presentation/delta_tests.rs;workspaces/worth-ui/crates/worth-ui-host-native/src/native/presentation/raster.rs,worth-ui-body-default-v1,6f140249866e6815e9284fe1c8c959a8bb1b8cab252cfbe8c7c397f9a7eb9b01,worth-ui-windows-dx12-v1,1c937a22f42660267480a055e48256b25decf0c4cd5d4d7b493e5df034c6c65b,pollster=0.4.0;winit=0.30.13;winit-features=rwh_06;wgpu=29.0.4;wgpu-features=std+parking_lot+dx12+wgsl;xcap=0.9.7;xcap-features=wgc;winsafe=0.0.28;winsafe-features=dwm+kernel+user;uiautomation=0.25.0;uiautomation-features=control+input+screenshot;win32job=2.0.3;protocol=4,effect-free-successors=1,not-applicable,not-applicable,PROVED,supersedes:d906fd4ae2f2d66aea3872f64eaf9e89fee078869987eb5ceb25cb86b96e6b86;supersedes:564d1049382c245d4d3c0ad3f8d0415be7c35d6711803d6060b78529e51b8ecb;supersedes:7a8db1c8597b2a09cd0f3a2224cbd76215e0e95fd2458ffdcac983527ae1f38a;supersedes:7ef8496b86b593c0097047b3d295d38c37c6b56b37642c6d45c581b33c2158ee,true,c2963053fa5f14031115a87b8db2d7f12662d5ffec0494563ca82f4ae1fce02b
4,P4-PREDECESSOR-01,worth-ui-certification,current Phase 1-3 source handoff,phase-four-ledger-world,1,operational-revalidation,worth-ui-ledger-evidence-v3,d81fb0db72a71612ef8b918c4ace249e07247c6e5f7ba7fb78bb79fe8f6315bf,stale-phase-three-source,not-applicable,worth_ui_certification::phase_four_ledger,workspaces/worth-ui/crates/worth-ui-certification/tests/milestone_3141_phase1_ledger/predecessor_artifact.rs::validate,workspaces/worth-ui/crates/worth-ui-certification/tests/milestone_3141_phase1_ledger/predecessor_handoff.rs::phase_four_predecessor_handoff_is_current,family=stale-predecessor;case=stale-phase-three-source,not-applicable,plans/worth-ui/milestone-3.14.1-evidence/p4-predecessor-01.json,not-applicable,main-tests=26;hostile-controls=28;product-processes=3;compile-sessions=2;courtroom-worlds=6,executed-tests=56;presentations=28,python scripts/ci/run_worth_ui_ledger_test.py --manifest-path workspaces/worth-ui/Cargo.toml --package worth-ui-certification --test topology_contracts --test-name milestone_3141_phase1_ledger::predecessor_handoff::phase_four_predecessor_handoff_is_current --control-package worth-ui-certification --control-test topology_contracts --control-test-name milestone_3141_phase1_ledger::predecessor_artifact::tests::phase_four_stale_source_or_missing_row_is_rejected --requirement P4-PREDECESSOR-01 --source workspaces/worth-ui/crates/worth-ui-certification/tests/milestone_3141_phase1_ledger/predecessor_artifact.rs --source workspaces/worth-ui/crates/worth-ui-certification/tests/milestone_3141_phase1_ledger/predecessor_artifact/causal_reuse.rs --source workspaces/worth-ui/crates/worth-ui-certification/tests/milestone_3141_phase1_ledger/predecessor_artifact/mapping_digest.rs --source workspaces/worth-ui/crates/worth-ui-certification/tests/milestone_3141_phase1_ledger/predecessor_artifact/ledger_basis.rs --source workspaces/worth-ui/crates/worth-ui-certification/tests/milestone_3141_phase1_ledger/runner_artifact_authentication.rs --source workspaces/worth-ui/crates/worth-ui-certification/tests/milestone_3141_phase1_ledger/predecessor_handoff.rs --source scripts/ci/worth_ui_3141_p4_predecessor_proof.py --source scripts/ci/verify_worth_ui_3141_ledger.py --source scripts/ci/worth_ui_predecessor_causal_refresh.py --source scripts/ci/worth_ui_predecessor_candidate.py --source scripts/ci/worth_ui_predecessor_refresh_order.py --source scripts/ci/worth_ui_predecessor_refresh_runtime.py --source scripts/ci/worth_ui_ledger_causal_revalidation.py --source scripts/ci/worth_ui_ledger_candidate_basis.py --source scripts/ci/worth_ui_ledger_durable_receipts.py --source scripts/ci/worth_ui_ledger_execution_cache.py --source scripts/ci/worth_ui_ledger_governed_snapshot.py --source scripts/ci/worth_ui_predecessor_handoff_currentness.py --source scripts/ci/worth_ui_ledger_execution_identity.py --source scripts/ci/worth_ui_ledger_portfolio_snapshot.py --source scripts/ci/worth_ui_ledger_row_cache.py --source scripts/ci/worth_ui_ledger_runner_authentication.py --source scripts/ci/worth_ui_ledger_atomic_closure.py --source scripts/ci/worth_ui_ledger_phase_two_closure.py --source scripts/ci/worth_ui_ledger_phase_three_portfolio.py --source scripts/ci/worth_ui_ledger_phase_four_portfolio.py --source scripts/ci/worth_ui_ledger_operational_successors.py --source scripts/ci/worth_ui_predecessor_handoff.py --source scripts/ci/worth_ui_ledger_source_state.py --source plans/worth-ui/milestone-3.14.1-evidence/p4-predecessor-handoff.json --artifact plans/worth-ui/milestone-3.14.1-evidence/p4-predecessor-01.json,0,not-run,plans/worth-ui/milestone-3.14.1-evidence/p4-predecessor-01.json,not-bound,not-bound,not-bound,not-bound,workspaces/worth-ui/crates/worth-ui-certification/tests/milestone_3141_phase1_ledger/predecessor_artifact.rs;workspaces/worth-ui/crates/worth-ui-certification/tests/milestone_3141_phase1_ledger/predecessor_artifact/causal_reuse.rs;workspaces/worth-ui/crates/worth-ui-certification/tests/milestone_3141_phase1_ledger/predecessor_artifact/mapping_digest.rs;workspaces/worth-ui/crates/worth-ui-certification/tests/milestone_3141_phase1_ledger/predecessor_artifact/ledger_basis.rs;workspaces/worth-ui/crates/worth-ui-certification/tests/milestone_3141_phase1_ledger/runner_artifact_authentication.rs;workspaces/worth-ui/crates/worth-ui-certification/tests/milestone_3141_phase1_ledger/predecessor_handoff.rs;scripts/ci/worth_ui_3141_p4_predecessor_proof.py;scripts/ci/verify_worth_ui_3141_ledger.py;scripts/ci/worth_ui_predecessor_causal_refresh.py;scripts/ci/worth_ui_predecessor_candidate.py;scripts/ci/worth_ui_predecessor_refresh_order.py;scripts/ci/worth_ui_predecessor_refresh_runtime.py;scripts/ci/worth_ui_ledger_causal_revalidation.py;scripts/ci/worth_ui_ledger_candidate_basis.py;scripts/ci/worth_ui_ledger_durable_receipts.py;scripts/ci/worth_ui_ledger_execution_cache.py;scripts/ci/worth_ui_ledger_governed_snapshot.py;scripts/ci/worth_ui_predecessor_handoff_currentness.py;scripts/ci/worth_ui_ledger_execution_identity.py;scripts/ci/worth_ui_ledger_portfolio_snapshot.py;scripts/ci/worth_ui_ledger_row_cache.py;scripts/ci/worth_ui_ledger_runner_authentication.py;scripts/ci/worth_ui_ledger_atomic_closure.py;scripts/ci/worth_ui_ledger_phase_two_closure.py;scripts/ci/worth_ui_ledger_phase_three_portfolio.py;scripts/ci/worth_ui_ledger_phase_four_portfolio.py;scripts/ci/worth_ui_ledger_operational_successors.py;scripts/ci/worth_ui_predecessor_handoff.py;scripts/ci/worth_ui_ledger_source_state.py;plans/worth-ui/milestone-3.14.1-evidence/p4-predecessor-handoff.json,worth-ui-global-text-v2,cec6005c5baef6d69ada9c30c02ced25b0f253f80c012784fe925e307935c3f2,worth-ui-windows-dx12-v1,1c937a22f42660267480a055e48256b25decf0c4cd5d4d7b493e5df034c6c65b,harfrust=0.12.0;harfrust-features=std;read-fonts=0.41.0;read-fonts-features=std+experimental_traverse;icu-segmenter=2.2.0;skrifa=0.44.0;skrifa-features=std;kurbo=0.13.1;kurbo-features=default+serde+std;linesweeper=0.4.0;linesweeper-features=none;icu-segmenter-features=compiled_data+auto;unicode-bidi=0.3.18;unicode-bidi-features=std;unicode-segmentation=1.13.3;protocol=5;text-profile=worth-ui-global-text-v2;qualification=closed,requirements=47,not-applicable,not-applicable,OPEN,supersedes:fa3164bda0e03b944f0495f7fbd0e0e7e2f6bc8f332bd38efd16782956de9995;supersedes:1a100710062823b5301da3678b91e578cece04ff9fce30213c5bc73879ac94cf,false,not-bound
4,P4-BIDI-INTERACTION-01,worth-ui-text,bidi caret hit and selection geometry,qualified-text-world,1,interaction-oracle,worth-ui-ledger-evidence-v3,1e04ea48eed3b83ccca013daddbb16f0ea9377008de24cd5ed90a0111286c070,swapped-bidi-caret-affinity,not-applicable,worth_ui_text::layout::interaction,workspaces/worth-ui/crates/worth-ui-text/src/layout/interaction.rs::hit_test,workspaces/worth-ui/crates/worth-ui-text/src/phase4_ledger_evidence.rs::bidi_interaction_records_exact_edges_affinities_hits_and_selection,family=caret-affinity-swap;case=swapped-bidi-caret-affinity,not-applicable,plans/worth-ui/milestone-3.14.1-evidence/p4-bidi-interaction-01.json,not-applicable,main-tests=1;hostile-controls=1;product-processes=0;compile-sessions=0;courtroom-worlds=0,executed-tests=2;presentations=0,python scripts/ci/run_worth_ui_ledger_test.py --manifest-path workspaces/worth-ui/Cargo.toml --package worth-ui-text --lib --test-name phase4_ledger_evidence::bidi_interaction_records_exact_edges_affinities_hits_and_selection --control-package worth-ui-text --control-lib --control-test-name phase4_ledger_evidence::swapped_bidi_caret_affinity_is_rejected --requirement P4-BIDI-INTERACTION-01 --source workspaces/worth-ui/crates/worth-ui-text/src/layout/interaction.rs --source workspaces/worth-ui/crates/worth-ui-text/src/phase4_ledger_evidence.rs --source workspaces/worth-ui/crates/worth-ui-text/src/layout/visual_order.rs --artifact plans/worth-ui/milestone-3.14.1-evidence/p4-bidi-interaction-01.json,0,not-run,plans/worth-ui/milestone-3.14.1-evidence/p4-bidi-interaction-01.json,not-bound,not-bound,not-bound,not-bound,workspaces/worth-ui/crates/worth-ui-text/src/layout/interaction.rs;workspaces/worth-ui/crates/worth-ui-text/src/phase4_ledger_evidence.rs;workspaces/worth-ui/crates/worth-ui-text/src/layout/visual_order.rs,worth-ui-global-text-v2,cec6005c5baef6d69ada9c30c02ced25b0f253f80c012784fe925e307935c3f2,worth-ui-windows-dx12-v1,1c937a22f42660267480a055e48256b25decf0c4cd5d4d7b493e5df034c6c65b,harfrust=0.12.0;harfrust-features=std;read-fonts=0.41.0;read-fonts-features=std+experimental_traverse;icu-segmenter=2.2.0;skrifa=0.44.0;skrifa-features=std;kurbo=0.13.1;kurbo-features=default+serde+std;linesweeper=0.4.0;linesweeper-features=none;icu-segmenter-features=compiled_data+auto;unicode-bidi=0.3.18;unicode-bidi-features=std;unicode-segmentation=1.13.3;protocol=5;text-profile=worth-ui-global-text-v2;qualification=closed,interaction-records=29,not-applicable,not-applicable,OPEN,supersedes:0455bd2172e348e88f531cebc30c3c158eed42776c262e6045b624230f3eeb24;supersedes:4b172a47381e481c0a6398debcbbb988f3b6ade8c774f9c8e4b9b66afcfafcaf,false,not-bound
4,P4-TEXT-CONTENT-LOCALITY-01,worth-ui-text,content-only paragraph locality,qualified-text-world,1,slope-model,worth-ui-ledger-evidence-v3,66e4b3a20475baafa4409beba4806f1218f1d57ee2574f4fd3351919911d9202,content-only-global-rescan,not-applicable,worth_ui_text::layout::retention,workspaces/worth-ui/crates/worth-ui-runtime/src/mounting/projection/frame_storage/semantic_mechanics.rs::apply_collection_updates,workspaces/worth-ui/crates/worth-ui-certification/tests/application_contracts/projection_presentation/collection_query.rs::real_query_collection_snapshot_and_patch_publish_keyed_semantic_text,family=content-global-rescan;case=content-only-global-rescan,not-applicable,plans/worth-ui/milestone-3.14.1-evidence/p4-text-content-locality-01.json,not-applicable,main-tests=1;hostile-controls=1;product-processes=0;compile-sessions=0;courtroom-worlds=0,executed-tests=2;presentations=0,python scripts/ci/run_worth_ui_ledger_test.py --manifest-path workspaces/worth-ui/Cargo.toml --package worth-ui-certification --test application_contracts --test-name projection_presentation::collection_query::real_query_collection_snapshot_and_patch_publish_keyed_semantic_text --control-package worth-ui-runtime --control-lib --control-test-name mounting::projection::frame_storage::mechanic_source_tests::phase4_locality::collection::collection_patch_content_locality_is_constant_at_every_qualified_size --requirement P4-TEXT-CONTENT-LOCALITY-01 --source workspaces/worth-ui/crates/worth-ui-runtime/src/mounting/projection/frame_storage/semantic_mechanics.rs --source workspaces/worth-ui/crates/worth-ui-runtime/src/mounting/projection/frame_storage/semantic_mechanics/capacity.rs --source workspaces/worth-ui/crates/worth-ui-runtime/src/mounting/projection/frame_storage/semantic_mechanics/diff.rs --source workspaces/worth-ui/crates/worth-ui-runtime/src/mounting/projection/frame_storage/semantic_mechanics/layout_index.rs --source workspaces/worth-ui/crates/worth-ui-runtime/src/runtime/persistent_index/ordered_map.rs --source workspaces/worth-ui/crates/worth-ui-runtime/src/runtime/persistent_index/ranked_sequence.rs --source workspaces/worth-ui/crates/worth-ui-runtime/src/runtime/persistent_index/test_observation.rs --source workspaces/worth-ui/crates/worth-ui-certification/tests/application_contracts/projection_presentation/collection_query.rs --source workspaces/worth-ui/crates/worth-ui-certification/tests/application_contracts/projection_presentation/collection_query/locality.rs --source workspaces/worth-ui/crates/worth-ui-runtime/src/mounting/projection/frame_storage/mechanic_source_tests/phase4_locality.rs --source workspaces/worth-ui/crates/worth-ui-runtime/src/mounting/projection/frame_storage/mechanic_source_tests/phase4_locality/world.rs --source workspaces/worth-ui/crates/worth-ui-runtime/src/mounting/projection/frame_storage/mechanic_source_tests/phase4_locality/collection.rs --artifact plans/worth-ui/milestone-3.14.1-evidence/p4-text-content-locality-01.json,0,not-run,plans/worth-ui/milestone-3.14.1-evidence/p4-text-content-locality-01.json,not-bound,not-bound,not-bound,not-bound,workspaces/worth-ui/crates/worth-ui-runtime/src/mounting/projection/frame_storage/semantic_mechanics.rs;workspaces/worth-ui/crates/worth-ui-runtime/src/mounting/projection/frame_storage/semantic_mechanics/capacity.rs;workspaces/worth-ui/crates/worth-ui-runtime/src/mounting/projection/frame_storage/semantic_mechanics/diff.rs;workspaces/worth-ui/crates/worth-ui-runtime/src/mounting/projection/frame_storage/semantic_mechanics/layout_index.rs;workspaces/worth-ui/crates/worth-ui-runtime/src/runtime/persistent_index/ordered_map.rs;workspaces/worth-ui/crates/worth-ui-runtime/src/runtime/persistent_index/ranked_sequence.rs;workspaces/worth-ui/crates/worth-ui-runtime/src/runtime/persistent_index/test_observation.rs;workspaces/worth-ui/crates/worth-ui-certification/tests/application_contracts/projection_presentation/collection_query.rs;workspaces/worth-ui/crates/worth-ui-certification/tests/application_contracts/projection_presentation/collection_query/locality.rs;workspaces/worth-ui/crates/worth-ui-runtime/src/mounting/projection/frame_storage/mechanic_source_tests/phase4_locality.rs;workspaces/worth-ui/crates/worth-ui-runtime/src/mounting/projection/frame_storage/mechanic_source_tests/phase4_locality/world.rs;workspaces/worth-ui/crates/worth-ui-runtime/src/mounting/projection/frame_storage/mechanic_source_tests/phase4_locality/collection.rs,worth-ui-global-text-v2,cec6005c5baef6d69ada9c30c02ced25b0f253f80c012784fe925e307935c3f2,worth-ui-windows-dx12-v1,1c937a22f42660267480a055e48256b25decf0c4cd5d4d7b493e5df034c6c65b,harfrust=0.12.0;harfrust-features=std;read-fonts=0.41.0;read-fonts-features=std+experimental_traverse;icu-segmenter=2.2.0;skrifa=0.44.0;skrifa-features=std;kurbo=0.13.1;kurbo-features=default+serde+std;linesweeper=0.4.0;linesweeper-features=none;icu-segmenter-features=compiled_data+auto;unicode-bidi=0.3.18;unicode-bidi-features=std;unicode-segmentation=1.13.3;protocol=5;text-profile=worth-ui-global-text-v2;qualification=closed,analyzed-bytes=13,not-applicable,not-applicable,OPEN,supersedes:314a4cd5d12e8c8d25e2050ae216442fbbf7813400c4dc134b52e0a2f13a9898;supersedes:6383536ded0e2baf587e1e77d86698957453f617feb0c80a17a7d3d314c062d7,false,not-bound
4,P4-TEXT-WIDTH-LOCALITY-01,worth-ui-text,paragraph width locality,qualified-text-world,1,slope-model,worth-ui-ledger-evidence-v3,b0a7391cb48ed58cce7c82bbaf48b6a8bf05bd9c108c03cd358df348fac5ae09,paragraph-width-global-rescan,not-applicable,worth_ui_text::layout::retention,workspaces/worth-ui/crates/worth-ui-runtime/src/mounting/projection/frame_storage/mechanic_source.rs::apply,workspaces/worth-ui/crates/worth-ui-runtime/src/mounting/projection/frame_storage/mechanic_source_tests/phase4_locality.rs::content_and_width_locality_have_exact_constant_work_at_every_qualified_size,family=paragraph-width-global-rescan;case=paragraph-width-global-rescan,not-applicable,plans/worth-ui/milestone-3.14.1-evidence/p4-text-width-locality-01.json,not-applicable,main-tests=1;hostile-controls=1;product-processes=0;compile-sessions=0;courtroom-worlds=0,executed-tests=2;presentations=0,python scripts/ci/run_worth_ui_ledger_test.py --manifest-path workspaces/worth-ui/Cargo.toml --package worth-ui-runtime --lib --test-name mounting::projection::frame_storage::mechanic_source_tests::phase4_locality::content_and_width_locality_have_exact_constant_work_at_every_qualified_size --control-package worth-ui-runtime --control-lib --control-test-name mounting::projection::frame_storage::mechanic_source_tests::phase4_locality::retained_document_scan_and_global_width_substitution_are_rejected --requirement P4-TEXT-WIDTH-LOCALITY-01 --source workspaces/worth-ui/crates/worth-ui-runtime/src/mounting/projection/frame_storage/mechanic_source.rs --source workspaces/worth-ui/crates/worth-ui-runtime/src/mounting/projection/frame_storage/mechanic_source_tests/phase4_locality.rs --source workspaces/worth-ui/crates/worth-ui-runtime/src/mounting/projection/frame_storage/mechanic_source_tests/phase4_locality/world.rs --source workspaces/worth-ui/crates/worth-ui-runtime/src/runtime/persistent_index/ordered_map.rs --source workspaces/worth-ui/crates/worth-ui-runtime/src/runtime/persistent_index/ranked_sequence.rs --source workspaces/worth-ui/crates/worth-ui-runtime/src/runtime/persistent_index/test_observation.rs --artifact plans/worth-ui/milestone-3.14.1-evidence/p4-text-width-locality-01.json,0,not-run,plans/worth-ui/milestone-3.14.1-evidence/p4-text-width-locality-01.json,not-bound,not-bound,not-bound,not-bound,workspaces/worth-ui/crates/worth-ui-runtime/src/mounting/projection/frame_storage/mechanic_source.rs;workspaces/worth-ui/crates/worth-ui-runtime/src/mounting/projection/frame_storage/mechanic_source_tests/phase4_locality.rs;workspaces/worth-ui/crates/worth-ui-runtime/src/mounting/projection/frame_storage/mechanic_source_tests/phase4_locality/world.rs;workspaces/worth-ui/crates/worth-ui-runtime/src/runtime/persistent_index/ordered_map.rs;workspaces/worth-ui/crates/worth-ui-runtime/src/runtime/persistent_index/ranked_sequence.rs;workspaces/worth-ui/crates/worth-ui-runtime/src/runtime/persistent_index/test_observation.rs,worth-ui-global-text-v2,cec6005c5baef6d69ada9c30c02ced25b0f253f80c012784fe925e307935c3f2,worth-ui-windows-dx12-v1,1c937a22f42660267480a055e48256b25decf0c4cd5d4d7b493e5df034c6c65b,harfrust=0.12.0;harfrust-features=std;read-fonts=0.41.0;read-fonts-features=std+experimental_traverse;icu-segmenter=2.2.0;skrifa=0.44.0;skrifa-features=std;kurbo=0.13.1;kurbo-features=default+serde+std;linesweeper=0.4.0;linesweeper-features=none;icu-segmenter-features=compiled_data+auto;unicode-bidi=0.3.18;unicode-bidi-features=std;unicode-segmentation=1.13.3;protocol=5;text-profile=worth-ui-global-text-v2;qualification=closed,relayout-paragraphs=1,not-applicable,not-applicable,OPEN,supersedes:812c57a1381ac02d59b78115b52f3226aee203cbb09d1c4f0879705eaae1d396;supersedes:e07fbdf9734fc25b68958609ddcfea63d620aa8b5af4c21655828b0360094296,false,not-bound
4,P4-ACCESSIBILITY-GEOMETRY-01,worth-ui-text,shared accessibility layout geometry,qualified-text-world,1,consumer-identity,worth-ui-ledger-evidence-v3,4be9418bab85f6f5c6022eb22e248c925bbb6bcb344e011fddf37478a915a117,accessibility-reshape,not-applicable,worth_ui_text::layout::consumers,workspaces/worth-ui/crates/worth-ui-host-headless/src/headless_transcript/text_accessibility.rs::accessibility_geometry,workspaces/worth-ui/crates/worth-ui-certification/tests/application_contracts/projection_presentation/font_stack.rs::authored_application_stack_and_emoji_fallback_cross_mounted_headless_consumers,family=accessibility-reshape;case=accessibility-reshape,not-applicable,plans/worth-ui/milestone-3.14.1-evidence/p4-accessibility-geometry-01.json,not-applicable,main-tests=1;hostile-controls=1;product-processes=0;compile-sessions=0;courtroom-worlds=0,executed-tests=2;presentations=0,python scripts/ci/run_worth_ui_ledger_test.py --manifest-path workspaces/worth-ui/Cargo.toml --package worth-ui-certification --test application_contracts --test-name projection_presentation::font_stack::authored_application_stack_and_emoji_fallback_cross_mounted_headless_consumers --control-package worth-ui-certification --control-test topology_contracts --control-test-name milestone_3141_phase1_topology::font_authority::headless_measurement_and_accessibility_consume_only_qualified_records --requirement P4-ACCESSIBILITY-GEOMETRY-01 --source workspaces/worth-ui/crates/worth-ui-host-headless/src/headless_transcript/text_accessibility.rs --source workspaces/worth-ui/crates/worth-ui-certification/tests/application_contracts/projection_presentation/font_stack.rs --source workspaces/worth-ui/crates/worth-ui-certification/tests/application_contracts/projection_presentation/font_stack/accessibility_geometry.rs --source workspaces/worth-ui/crates/worth-ui-host-headless/src/headless_transcript/semantic_text.rs --source workspaces/worth-ui/crates/worth-ui-runtime/src/mounting/projection/semantic_text/qualified.rs --source workspaces/worth-ui/crates/worth-ui-runtime/src/mounting/presentation/consumption_view.rs --source workspaces/worth-ui/crates/worth-ui-certification/tests/milestone_3141_phase1_topology/font_authority.rs --artifact plans/worth-ui/milestone-3.14.1-evidence/p4-accessibility-geometry-01.json,0,not-run,plans/worth-ui/milestone-3.14.1-evidence/p4-accessibility-geometry-01.json,not-bound,not-bound,not-bound,not-bound,workspaces/worth-ui/crates/worth-ui-host-headless/src/headless_transcript/text_accessibility.rs;workspaces/worth-ui/crates/worth-ui-certification/tests/application_contracts/projection_presentation/font_stack.rs;workspaces/worth-ui/crates/worth-ui-certification/tests/application_contracts/projection_presentation/font_stack/accessibility_geometry.rs;workspaces/worth-ui/crates/worth-ui-host-headless/src/headless_transcript/semantic_text.rs;workspaces/worth-ui/crates/worth-ui-runtime/src/mounting/projection/semantic_text/qualified.rs;workspaces/worth-ui/crates/worth-ui-runtime/src/mounting/presentation/consumption_view.rs;workspaces/worth-ui/crates/worth-ui-certification/tests/milestone_3141_phase1_topology/font_authority.rs,worth-ui-global-text-v2,cec6005c5baef6d69ada9c30c02ced25b0f253f80c012784fe925e307935c3f2,worth-ui-windows-dx12-v1,1c937a22f42660267480a055e48256b25decf0c4cd5d4d7b493e5df034c6c65b,harfrust=0.12.0;harfrust-features=std;read-fonts=0.41.0;read-fonts-features=std+experimental_traverse;icu-segmenter=2.2.0;skrifa=0.44.0;skrifa-features=std;kurbo=0.13.1;kurbo-features=default+serde+std;linesweeper=0.4.0;linesweeper-features=none;icu-segmenter-features=compiled_data+auto;unicode-bidi=0.3.18;unicode-bidi-features=std;unicode-segmentation=1.13.3;protocol=5;text-profile=worth-ui-global-text-v2;qualification=closed,layout-identities=1,not-applicable,not-applicable,OPEN,supersedes:468df3a50ee69d117ec4b05b5c7ae30673a4298106518a49f53ba48e13ed1031;supersedes:b6d837f73f11c6203fda8c8901e94bb7bc5db18a909a5c4e1e9ec76ff97cdef4,false,not-bound
4,P4-COLOR-FONT-ADMISSION-01,worth-ui-text,qualified color font admission,text-profile-qualification-world,1,manifest-qualification,worth-ui-ledger-evidence-v3,f4ebfa8d99bad3fa6781d13f252185a6712f9234e74d629946fca54ee9b8df05,unsupported-svg-or-layer-drop,not-applicable,worth_ui_text::font_collection,workspaces/worth-ui/crates/worth-ui-text/src/font_collection/color_glyph.rs::validate,workspaces/worth-ui/crates/worth-ui-text/src/font_collection/phase4_evidence.rs::admitted_color_fonts_have_complete_owned_table_semantics,family=unsupported-color-table;case=unsupported-svg-or-layer-drop,before-effects,plans/worth-ui/milestone-3.14.1-evidence/p4-color-font-admission-01.json,not-applicable,main-tests=1;hostile-controls=1;product-processes=0;compile-sessions=0;courtroom-worlds=0,executed-tests=2;presentations=0,python scripts/ci/run_worth_ui_ledger_test.py --manifest-path workspaces/worth-ui/Cargo.toml --package worth-ui-text --lib --test-name font_collection::phase4_evidence::admitted_color_fonts_have_complete_owned_table_semantics --control-package worth-ui-text --control-lib --control-test-name font_collection::phase4_evidence::malformed_or_unsupported_color_font_sources_deny_atomically --requirement P4-COLOR-FONT-ADMISSION-01 --source workspaces/worth-ui/crates/worth-ui-text/src/font_collection/color_glyph.rs --source workspaces/worth-ui/crates/worth-ui-text/src/font_collection/phase4_evidence.rs --source workspaces/worth-ui/crates/worth-ui-text/src/font_collection/application_color_tests.rs --source workspaces/worth-ui/crates/worth-ui-text/src/font_collection/color_glyph/bitmap.rs --source workspaces/worth-ui/crates/worth-ui-text/src/font_collection/color_glyph/bitmap/cbdt.rs --source workspaces/worth-ui/crates/worth-ui-text/src/font_collection/color_glyph/bitmap/sbix.rs --source workspaces/worth-ui/crates/worth-ui-text/src/font_collection/color_glyph/boundedness.rs --source workspaces/worth-ui/crates/worth-ui-text/src/font_collection/color_glyph/colr.rs --source workspaces/worth-ui/crates/worth-ui-text/src/font_collection/color_glyph/png.rs --source workspaces/worth-ui/crates/worth-ui-text/src/font_collection/color_glyph/traversal.rs --artifact plans/worth-ui/milestone-3.14.1-evidence/p4-color-font-admission-01.json,0,not-run,plans/worth-ui/milestone-3.14.1-evidence/p4-color-font-admission-01.json,not-bound,not-bound,not-bound,not-bound,workspaces/worth-ui/crates/worth-ui-text/src/font_collection/color_glyph.rs;workspaces/worth-ui/crates/worth-ui-text/src/font_collection/phase4_evidence.rs;workspaces/worth-ui/crates/worth-ui-text/src/font_collection/application_color_tests.rs;workspaces/worth-ui/crates/worth-ui-text/src/font_collection/color_glyph/bitmap.rs;workspaces/worth-ui/crates/worth-ui-text/src/font_collection/color_glyph/bitmap/cbdt.rs;workspaces/worth-ui/crates/worth-ui-text/src/font_collection/color_glyph/bitmap/sbix.rs;workspaces/worth-ui/crates/worth-ui-text/src/font_collection/color_glyph/boundedness.rs;workspaces/worth-ui/crates/worth-ui-text/src/font_collection/color_glyph/colr.rs;workspaces/worth-ui/crates/worth-ui-text/src/font_collection/color_glyph/png.rs;workspaces/worth-ui/crates/worth-ui-text/src/font_collection/color_glyph/traversal.rs,worth-ui-global-text-v2,cec6005c5baef6d69ada9c30c02ced25b0f253f80c012784fe925e307935c3f2,worth-ui-windows-dx12-v1,1c937a22f42660267480a055e48256b25decf0c4cd5d4d7b493e5df034c6c65b,harfrust=0.12.0;harfrust-features=std;read-fonts=0.41.0;read-fonts-features=std+experimental_traverse;icu-segmenter=2.2.0;skrifa=0.44.0;skrifa-features=std;kurbo=0.13.1;kurbo-features=default+serde+std;linesweeper=0.4.0;linesweeper-features=none;icu-segmenter-features=compiled_data+auto;unicode-bidi=0.3.18;unicode-bidi-features=std;unicode-segmentation=1.13.3;protocol=5;text-profile=worth-ui-global-text-v2;qualification=closed,color-formats=4,not-applicable,not-applicable,OPEN,supersedes:333f2178939be2044e15de2b7075f46cfcfba1b97b6bd5eb8470e4e08f0b56ee;supersedes:aa344200a86656d2557265c1ad4f1abcb4b2dcd52aa927dc0fdce7351b45430a,false,not-bound
4,P4-CLOSE-01,worth-ui-certification,phase four final source closure,phase-four-ledger-world,1,ledger-closure,worth-ui-ledger-evidence-v3,1f2b06b4612020d4a15d8b8ec02137a01a9a011a756a3233f2a75aa4e2488c38,open-requirement,not-applicable,worth_ui_certification::phase_four_ledger,workspaces/worth-ui/crates/worth-ui-certification/tests/milestone_3141_phase1_ledger.rs::validate_phase_closure,workspaces/worth-ui/crates/worth-ui-certification/tests/milestone_3141_phase1_ledger.rs::phase_four_closure_requires_every_predecessor_and_phase_four_row,family=ledger;case=open-requirement,not-applicable,plans/worth-ui/milestone-3.14.1-evidence/p4-close-01.json,not-applicable,main-tests=1;hostile-controls=1;product-processes=0;compile-sessions=0;courtroom-worlds=0,executed-tests=2;presentations=0,python scripts/ci/run_worth_ui_ledger_test.py --manifest-path workspaces/worth-ui/Cargo.toml --package worth-ui-certification --test topology_contracts --test-name milestone_3141_phase1_ledger::phase_four_closure_requires_every_predecessor_and_phase_four_row --control-package worth-ui-certification --control-test topology_contracts --control-test-name milestone_3141_phase1_ledger::mutation_tests::phase_closure_mode_rejects_open_rows_at_or_before_its_gate --requirement P4-CLOSE-01 --source workspaces/worth-ui/crates/worth-ui-certification/tests/milestone_3141_phase1_ledger.rs --source workspaces/worth-ui/crates/worth-ui-certification/tests/milestone_3141_phase1_ledger/mutation_tests.rs --artifact plans/worth-ui/milestone-3.14.1-evidence/p4-close-01.json,0,not-run,plans/worth-ui/milestone-3.14.1-evidence/p4-close-01.json,not-bound,not-bound,not-bound,not-bound,workspaces/worth-ui/crates/worth-ui-certification/tests/milestone_3141_phase1_ledger.rs;workspaces/worth-ui/crates/worth-ui-certification/tests/milestone_3141_phase1_ledger/mutation_tests.rs,worth-ui-global-text-v2,cec6005c5baef6d69ada9c30c02ced25b0f253f80c012784fe925e307935c3f2,worth-ui-windows-dx12-v1,1c937a22f42660267480a055e48256b25decf0c4cd5d4d7b493e5df034c6c65b,harfrust=0.12.0;harfrust-features=std;read-fonts=0.41.0;read-fonts-features=std+experimental_traverse;icu-segmenter=2.2.0;skrifa=0.44.0;skrifa-features=std;kurbo=0.13.1;kurbo-features=default+serde+std;linesweeper=0.4.0;linesweeper-features=none;icu-segmenter-features=compiled_data+auto;unicode-bidi=0.3.18;unicode-bidi-features=std;unicode-segmentation=1.13.3;protocol=5;text-profile=worth-ui-global-text-v2;qualification=closed,requirements=21,not-applicable,not-applicable,OPEN,supersedes:3cb51cf88fa08ed95ef5f15fee5fbd41fd21a3898a403b997e966d1ee16e923a;supersedes:ac77bddf90a7e73315313e5e240819690913cd78a6571b99a7afb5f63eb7d5dd,false,not-bound
5,P5-PREDECESSOR-01,worth-ui-certification,current Phase 1-4 source handoff,phase-five-ledger-world,1,operational-revalidation,worth-ui-ledger-evidence-v3,233c73d85d363d8085ca27b164406bc1729c59471184f95cf35a736fbe2d0e82,stale-phase-four-source,not-applicable,worth_ui_certification::phase_five_ledger,workspaces/worth-ui/crates/worth-ui-certification/tests/milestone_3141_phase1_ledger/predecessor_artifact.rs::validate,workspaces/worth-ui/crates/worth-ui-certification/tests/milestone_3141_phase1_ledger/predecessor_handoff.rs::phase_five_predecessor_handoff_is_current,family=stale-predecessor;case=stale-phase-four-source,not-applicable,plans/worth-ui/milestone-3.14.1-evidence/p5-predecessor-01.json,not-applicable,main-tests=46;hostile-controls=48;product-processes=6;compile-sessions=2;courtroom-worlds=12,executed-tests=96;presentations=56,python scripts/ci/run_worth_ui_ledger_test.py --manifest-path workspaces/worth-ui/Cargo.toml --package worth-ui-certification --test topology_contracts --test-name milestone_3141_phase1_ledger::predecessor_handoff::phase_five_predecessor_handoff_is_current --control-package worth-ui-certification --control-test topology_contracts --control-test-name milestone_3141_phase1_ledger::predecessor_artifact::tests::phase_five_stale_source_or_missing_row_is_rejected --requirement P5-PREDECESSOR-01 --source workspaces/worth-ui/crates/worth-ui-certification/tests/milestone_3141_phase1_ledger/predecessor_artifact.rs --source workspaces/worth-ui/crates/worth-ui-certification/tests/milestone_3141_phase1_ledger/predecessor_artifact/causal_reuse.rs --source workspaces/worth-ui/crates/worth-ui-certification/tests/milestone_3141_phase1_ledger/predecessor_artifact/mapping_digest.rs --source workspaces/worth-ui/crates/worth-ui-certification/tests/milestone_3141_phase1_ledger/predecessor_handoff.rs --source workspaces/worth-ui/crates/worth-ui-certification/tests/milestone_3141_phase1_ledger/runner_artifact_authentication.rs --source scripts/ci/worth_ui_3141_p5_proofs.py --source scripts/ci/worth_ui_3141_p5_proof_builders.py --source scripts/ci/worth_ui_3141_p5_source_owners.py --source scripts/ci/worth_ui_3141_p5_source_worlds.py --source scripts/ci/worth_ui_predecessor_handoff.py --source scripts/ci/worth_ui_predecessor_causal_refresh.py --source scripts/ci/worth_ui_predecessor_candidate.py --source scripts/ci/worth_ui_predecessor_refresh_order.py --source scripts/ci/worth_ui_ledger_causal_revalidation.py --source scripts/ci/worth_ui_ledger_durable_receipts.py --source scripts/ci/worth_ui_ledger_execution_cache.py --source scripts/ci/worth_ui_ledger_governed_snapshot.py --source scripts/ci/worth_ui_ledger_portfolio_snapshot.py --source scripts/ci/worth_ui_ledger_row_cache.py --source scripts/ci/worth_ui_ledger_runner_authentication.py --source scripts/ci/verify_worth_ui_3141_ledger.py --source scripts/ci/worth_ui_ledger_operational_successors.py --source scripts/ci/worth_ui_ledger_phase_five_portfolio.py --source scripts/ci/worth_ui_ledger_portfolio_row.py --source scripts/ci/worth_ui_ledger_source_state.py --source plans/worth-ui/milestone-3.14.1-evidence/p5-predecessor-handoff.json --artifact plans/worth-ui/milestone-3.14.1-evidence/p5-predecessor-01.json,0,not-run,plans/worth-ui/milestone-3.14.1-evidence/p5-predecessor-01.json,not-bound,not-bound,not-bound,not-bound,workspaces/worth-ui/crates/worth-ui-certification/tests/milestone_3141_phase1_ledger/predecessor_artifact.rs;workspaces/worth-ui/crates/worth-ui-certification/tests/milestone_3141_phase1_ledger/predecessor_artifact/causal_reuse.rs;workspaces/worth-ui/crates/worth-ui-certification/tests/milestone_3141_phase1_ledger/predecessor_artifact/mapping_digest.rs;workspaces/worth-ui/crates/worth-ui-certification/tests/milestone_3141_phase1_ledger/predecessor_handoff.rs;workspaces/worth-ui/crates/worth-ui-certification/tests/milestone_3141_phase1_ledger/runner_artifact_authentication.rs;scripts/ci/worth_ui_3141_p5_proofs.py;scripts/ci/worth_ui_3141_p5_proof_builders.py;scripts/ci/worth_ui_3141_p5_source_owners.py;scripts/ci/worth_ui_3141_p5_source_worlds.py;scripts/ci/worth_ui_predecessor_handoff.py;scripts/ci/worth_ui_predecessor_causal_refresh.py;scripts/ci/worth_ui_predecessor_candidate.py;scripts/ci/worth_ui_predecessor_refresh_order.py;scripts/ci/worth_ui_ledger_causal_revalidation.py;scripts/ci/worth_ui_ledger_durable_receipts.py;scripts/ci/worth_ui_ledger_execution_cache.py;scripts/ci/worth_ui_ledger_governed_snapshot.py;scripts/ci/worth_ui_ledger_portfolio_snapshot.py;scripts/ci/worth_ui_ledger_row_cache.py;scripts/ci/worth_ui_ledger_runner_authentication.py;scripts/ci/verify_worth_ui_3141_ledger.py;scripts/ci/worth_ui_ledger_operational_successors.py;scripts/ci/worth_ui_ledger_phase_five_portfolio.py;scripts/ci/worth_ui_ledger_portfolio_row.py;scripts/ci/worth_ui_ledger_source_state.py;plans/worth-ui/milestone-3.14.1-evidence/p5-predecessor-handoff.json,worth-ui-global-text-v2,cec6005c5baef6d69ada9c30c02ced25b0f253f80c012784fe925e307935c3f2,worth-ui-windows-dx12-v1,1c937a22f42660267480a055e48256b25decf0c4cd5d4d7b493e5df034c6c65b,harfrust=0.12.0;harfrust-features=std;read-fonts=0.41.0;read-fonts-features=std+experimental_traverse;icu-segmenter=2.2.0;skrifa=0.44.0;skrifa-features=std;kurbo=0.13.1;kurbo-features=default+serde+std;linesweeper=0.4.0;linesweeper-features=none;icu-segmenter-features=compiled_data+auto;unicode-bidi=0.3.18;unicode-bidi-features=std;unicode-segmentation=1.13.3;protocol=5;text-profile=worth-ui-global-text-v2;qualification=closed,requirements=68,not-applicable,not-applicable,OPEN,supersedes:f02589cfcc3db47fc78f112f82389b91f17a78a7be61fd12290bc65a4b69a404,false,not-bound
5,P5-GLYPH-RASTER-01,worth-ui-text,typed alpha and color glyph raster batches,qualified-text-world,1,raster-oracle,worth-ui-ledger-evidence-v3,83ed0d66bd3764243490c166cd1d3b252b31f47ee7b30675cf76cb74022e2f89,consumer-reshape-or-system-font,not-applicable,worth_ui_text::raster,workspaces/worth-ui/crates/worth-ui-text/src/raster/demand/derivation.rs::derive_glyph_raster_demand,workspaces/worth-ui/crates/worth-ui-text/src/phase5_ledger_evidence.rs::qualified_alpha_and_color_raster_cross_exact_production_authority,family=raster-authority;case=consumer-reshape-or-system-font,before-effects,plans/worth-ui/milestone-3.14.1-evidence/p5-glyph-raster-01.json,not-applicable,main-tests=1;hostile-controls=1;product-processes=0;compile-sessions=0;courtroom-worlds=0,executed-tests=2;presentations=0,python scripts/ci/run_worth_ui_ledger_test.py --manifest-path workspaces/worth-ui/Cargo.toml --package worth-ui-text --lib --test-name phase5_ledger_evidence::qualified_alpha_and_color_raster_cross_exact_production_authority --control-package worth-ui-certification --control-test topology_contracts --control-test-name milestone_3141_phase1_topology::phase_five_raster_authority::consumer_raster_authority_mutants_are_rejected --requirement P5-GLYPH-RASTER-01 --source workspaces/worth-ui/crates/worth-ui-text/src/lib.rs --source workspaces/worth-ui/crates/worth-ui-text/src/phase5_ledger_evidence.rs --source workspaces/worth-ui/crates/worth-ui-text/src/layout.rs --source workspaces/worth-ui/crates/worth-ui-text/src/layout_artifact.rs --source workspaces/worth-ui/crates/worth-ui-text/src/qualification.rs --source workspaces/worth-ui/crates/worth-ui-text/src/font_collection.rs --source workspaces/worth-ui/crates/worth-ui-text/src/font_collection/admission.rs --source workspaces/worth-ui/crates/worth-ui-text/src/font_collection/application_pack.rs --source workspaces/worth-ui/crates/worth-ui-text/src/font_collection/application_pack/qualification.rs --source workspaces/worth-ui/crates/worth-ui-text/src/font_collection/face.rs --source workspaces/worth-ui/crates/worth-ui-text/src/font_collection/lifecycle.rs --source workspaces/worth-ui/crates/worth-ui-text/src/font_collection/profile_data.rs --source workspaces/worth-ui/crates/worth-ui-text/src/font_collection/application_alpha_raster_controls.rs --source workspaces/worth-ui/crates/worth-ui-text/src/font_collection/application_selection_tests.rs --source workspaces/worth-ui/crates/worth-ui-text/src/font_collection/application_test_world.rs --source workspaces/worth-ui/crates/worth-ui-text/src/font_collection/phase5_raster_evidence.rs --source workspaces/worth-ui/crates/worth-ui-text/src/raster/mod.rs --source workspaces/worth-ui/crates/worth-ui-text/src/raster/phase5_evidence.rs --source workspaces/worth-ui/crates/worth-ui-text/src/raster/alpha.rs --source workspaces/worth-ui/crates/worth-ui-text/src/raster/alpha_admission.rs --source workspaces/worth-ui/crates/worth-ui-text/src/raster/alpha_record.rs --source workspaces/worth-ui/crates/worth-ui-text/src/raster/alpha_transaction_admission.rs --source workspaces/worth-ui/crates/worth-ui-text/src/raster/alpha_transaction_completion.rs --source workspaces/worth-ui/crates/worth-ui-text/src/raster/alpha_transaction_tests.rs --source workspaces/worth-ui/crates/worth-ui-text/src/raster/batch.rs --source workspaces/worth-ui/crates/worth-ui-text/src/raster/capacity.rs --source workspaces/worth-ui/crates/worth-ui-text/src/raster/cost.rs --source workspaces/worth-ui/crates/worth-ui-text/src/raster/demand.rs --source workspaces/worth-ui/crates/worth-ui-text/src/raster/demand/derivation.rs --source workspaces/worth-ui/crates/worth-ui-text/src/raster/demand_alpha_tests.rs --source workspaces/worth-ui/crates/worth-ui-text/src/raster/demand_candidate.rs --source workspaces/worth-ui/crates/worth-ui-text/src/raster/demand_geometry.rs --source workspaces/worth-ui/crates/worth-ui-text/src/raster/demand_identity.rs --source workspaces/worth-ui/crates/worth-ui-text/src/raster/denial.rs --source workspaces/worth-ui/crates/worth-ui-text/src/raster/key.rs --source workspaces/worth-ui/crates/worth-ui-text/src/raster/placement.rs --source workspaces/worth-ui/crates/worth-ui-text/src/raster/planning_geometry.rs --source workspaces/worth-ui/crates/worth-ui-text/src/raster/qualified_raster_admission.rs --source workspaces/worth-ui/crates/worth-ui-text/src/raster/source.rs --source workspaces/worth-ui/crates/worth-ui-text/src/raster/color/mod.rs --source workspaces/worth-ui/crates/worth-ui-text/src/raster/color/phase5_evidence.rs --source workspaces/worth-ui/crates/worth-ui-text/src/raster/color/tests.rs --source workspaces/worth-ui/crates/worth-ui-text/src/raster/color/transaction_tests.rs --source workspaces/worth-ui/crates/worth-ui-text/build.rs --source workspaces/worth-ui/crates/worth-ui-text/build/profile_tables.rs --source workspaces/worth-ui/profiles/worth-ui-global-text-v2/manifest.toml --source workspaces/worth-ui/profiles/worth-ui-global-text-v2/artifact-inventory.toml --source workspaces/worth-ui/profiles/worth-ui-global-text-v2/fonts/NotoSans-VF.ttf --source workspaces/worth-ui/profiles/worth-ui-global-text-v2/fonts/NotoColorEmoji.ttf --source workspaces/worth-ui/profiles/worth-ui-global-text-v2/fonts/LastResort-Regular.ttf --source workspaces/worth-ui/crates/worth-ui-text/src/font_collection/color_glyph.rs --source workspaces/worth-ui/crates/worth-ui-text/src/font_collection/color_glyph/bitmap.rs --source workspaces/worth-ui/crates/worth-ui-text/src/font_collection/color_glyph/bitmap/cbdt.rs --source workspaces/worth-ui/crates/worth-ui-text/src/font_collection/color_glyph/bitmap/sbix.rs --source workspaces/worth-ui/crates/worth-ui-text/src/font_collection/color_glyph/bitmap_selection.rs --source workspaces/worth-ui/crates/worth-ui-text/src/font_collection/color_glyph/boundedness.rs --source workspaces/worth-ui/crates/worth-ui-text/src/font_collection/color_glyph/colr.rs --source workspaces/worth-ui/crates/worth-ui-text/src/font_collection/color_glyph/path.rs --source workspaces/worth-ui/crates/worth-ui-text/src/font_collection/color_glyph/png.rs --source workspaces/worth-ui/crates/worth-ui-text/src/font_collection/color_glyph/traversal.rs --source workspaces/worth-ui/crates/worth-ui-text/src/raster/color/admission.rs --source workspaces/worth-ui/crates/worth-ui-text/src/raster/color/bitmap.rs --source workspaces/worth-ui/crates/worth-ui-text/src/raster/color/bitmap/composite.rs --source workspaces/worth-ui/crates/worth-ui-text/src/raster/color/bitmap/decode.rs --source workspaces/worth-ui/crates/worth-ui-text/src/raster/color/colr.rs --source workspaces/worth-ui/crates/worth-ui-text/src/raster/color/colr/brush.rs --source workspaces/worth-ui/crates/worth-ui-text/src/raster/color/completion.rs --source workspaces/worth-ui/crates/worth-ui-text/src/raster/color/compositing.rs --source workspaces/worth-ui/crates/worth-ui-text/src/raster/color/image.rs --source workspaces/worth-ui/crates/worth-ui-text/src/raster/color/pixels.rs --source workspaces/worth-ui/crates/worth-ui-text/src/raster/color/transform.rs --source scripts/ci/worth_ui_3141_case_contracts.py --source scripts/ci/worth_ui_3141_p5_case_contracts.py --source workspaces/worth-ui/crates/worth-ui-certification/tests/milestone_3141_phase1_ledger/phase_five_case_contract.rs --source workspaces/worth-ui/crates/worth-ui-certification/tests/milestone_3141_phase1_ledger/result_artifact.rs --source workspaces/worth-ui/crates/worth-ui-certification/tests/milestone_3141_phase1_topology/phase_five_raster_authority.rs --artifact plans/worth-ui/milestone-3.14.1-evidence/p5-glyph-raster-01.json,0,not-run,plans/worth-ui/milestone-3.14.1-evidence/p5-glyph-raster-01.json,not-bound,not-bound,not-bound,not-bound,workspaces/worth-ui/crates/worth-ui-text/src/lib.rs;workspaces/worth-ui/crates/worth-ui-text/src/phase5_ledger_evidence.rs;workspaces/worth-ui/crates/worth-ui-text/src/layout.rs;workspaces/worth-ui/crates/worth-ui-text/src/layout_artifact.rs;workspaces/worth-ui/crates/worth-ui-text/src/qualification.rs;workspaces/worth-ui/crates/worth-ui-text/src/font_collection.rs;workspaces/worth-ui/crates/worth-ui-text/src/font_collection/admission.rs;workspaces/worth-ui/crates/worth-ui-text/src/font_collection/application_pack.rs;workspaces/worth-ui/crates/worth-ui-text/src/font_collection/application_pack/qualification.rs;workspaces/worth-ui/crates/worth-ui-text/src/font_collection/face.rs;workspaces/worth-ui/crates/worth-ui-text/src/font_collection/lifecycle.rs;workspaces/worth-ui/crates/worth-ui-text/src/font_collection/profile_data.rs;workspaces/worth-ui/crates/worth-ui-text/src/font_collection/application_alpha_raster_controls.rs;workspaces/worth-ui/crates/worth-ui-text/src/font_collection/application_selection_tests.rs;workspaces/worth-ui/crates/worth-ui-text/src/font_collection/application_test_world.rs;workspaces/worth-ui/crates/worth-ui-text/src/font_collection/phase5_raster_evidence.rs;workspaces/worth-ui/crates/worth-ui-text/src/raster/mod.rs;workspaces/worth-ui/crates/worth-ui-text/src/raster/phase5_evidence.rs;workspaces/worth-ui/crates/worth-ui-text/src/raster/alpha.rs;workspaces/worth-ui/crates/worth-ui-text/src/raster/alpha_admission.rs;workspaces/worth-ui/crates/worth-ui-text/src/raster/alpha_record.rs;workspaces/worth-ui/crates/worth-ui-text/src/raster/alpha_transaction_admission.rs;workspaces/worth-ui/crates/worth-ui-text/src/raster/alpha_transaction_completion.rs;workspaces/worth-ui/crates/worth-ui-text/src/raster/alpha_transaction_tests.rs;workspaces/worth-ui/crates/worth-ui-text/src/raster/batch.rs;workspaces/worth-ui/crates/worth-ui-text/src/raster/capacity.rs;workspaces/worth-ui/crates/worth-ui-text/src/raster/cost.rs;workspaces/worth-ui/crates/worth-ui-text/src/raster/demand.rs;workspaces/worth-ui/crates/worth-ui-text/src/raster/demand/derivation.rs;workspaces/worth-ui/crates/worth-ui-text/src/raster/demand_alpha_tests.rs;workspaces/worth-ui/crates/worth-ui-text/src/raster/demand_candidate.rs;workspaces/worth-ui/crates/worth-ui-text/src/raster/demand_geometry.rs;workspaces/worth-ui/crates/worth-ui-text/src/raster/demand_identity.rs;workspaces/worth-ui/crates/worth-ui-text/src/raster/denial.rs;workspaces/worth-ui/crates/worth-ui-text/src/raster/key.rs;workspaces/worth-ui/crates/worth-ui-text/src/raster/placement.rs;workspaces/worth-ui/crates/worth-ui-text/src/raster/planning_geometry.rs;workspaces/worth-ui/crates/worth-ui-text/src/raster/qualified_raster_admission.rs;workspaces/worth-ui/crates/worth-ui-text/src/raster/source.rs;workspaces/worth-ui/crates/worth-ui-text/src/raster/color/mod.rs;workspaces/worth-ui/crates/worth-ui-text/src/raster/color/phase5_evidence.rs;workspaces/worth-ui/crates/worth-ui-text/src/raster/color/tests.rs;workspaces/worth-ui/crates/worth-ui-text/src/raster/color/transaction_tests.rs;workspaces/worth-ui/crates/worth-ui-text/build.rs;workspaces/worth-ui/crates/worth-ui-text/build/profile_tables.rs;workspaces/worth-ui/profiles/worth-ui-global-text-v2/manifest.toml;workspaces/worth-ui/profiles/worth-ui-global-text-v2/artifact-inventory.toml;workspaces/worth-ui/profiles/worth-ui-global-text-v2/fonts/NotoSans-VF.ttf;workspaces/worth-ui/profiles/worth-ui-global-text-v2/fonts/NotoColorEmoji.ttf;workspaces/worth-ui/profiles/worth-ui-global-text-v2/fonts/LastResort-Regular.ttf;workspaces/worth-ui/crates/worth-ui-text/src/font_collection/color_glyph.rs;workspaces/worth-ui/crates/worth-ui-text/src/font_collection/color_glyph/bitmap.rs;workspaces/worth-ui/crates/worth-ui-text/src/font_collection/color_glyph/bitmap/cbdt.rs;workspaces/worth-ui/crates/worth-ui-text/src/font_collection/color_glyph/bitmap/sbix.rs;workspaces/worth-ui/crates/worth-ui-text/src/font_collection/color_glyph/bitmap_selection.rs;workspaces/worth-ui/crates/worth-ui-text/src/font_collection/color_glyph/boundedness.rs;workspaces/worth-ui/crates/worth-ui-text/src/font_collection/color_glyph/colr.rs;workspaces/worth-ui/crates/worth-ui-text/src/font_collection/color_glyph/path.rs;workspaces/worth-ui/crates/worth-ui-text/src/font_collection/color_glyph/png.rs;workspaces/worth-ui/crates/worth-ui-text/src/font_collection/color_glyph/traversal.rs;workspaces/worth-ui/crates/worth-ui-text/src/raster/color/admission.rs;workspaces/worth-ui/crates/worth-ui-text/src/raster/color/bitmap.rs;workspaces/worth-ui/crates/worth-ui-text/src/raster/color/bitmap/composite.rs;workspaces/worth-ui/crates/worth-ui-text/src/raster/color/bitmap/decode.rs;workspaces/worth-ui/crates/worth-ui-text/src/raster/color/colr.rs;workspaces/worth-ui/crates/worth-ui-text/src/raster/color/colr/brush.rs;workspaces/worth-ui/crates/worth-ui-text/src/raster/color/completion.rs;workspaces/worth-ui/crates/worth-ui-text/src/raster/color/compositing.rs;workspaces/worth-ui/crates/worth-ui-text/src/raster/color/image.rs;workspaces/worth-ui/crates/worth-ui-text/src/raster/color/pixels.rs;workspaces/worth-ui/crates/worth-ui-text/src/raster/color/transform.rs;scripts/ci/worth_ui_3141_case_contracts.py;scripts/ci/worth_ui_3141_p5_case_contracts.py;workspaces/worth-ui/crates/worth-ui-certification/tests/milestone_3141_phase1_ledger/phase_five_case_contract.rs;workspaces/worth-ui/crates/worth-ui-certification/tests/milestone_3141_phase1_ledger/result_artifact.rs;workspaces/worth-ui/crates/worth-ui-certification/tests/milestone_3141_phase1_topology/phase_five_raster_authority.rs,worth-ui-global-text-v2,cec6005c5baef6d69ada9c30c02ced25b0f253f80c012784fe925e307935c3f2,worth-ui-windows-dx12-v1,1c937a22f42660267480a055e48256b25decf0c4cd5d4d7b493e5df034c6c65b,harfrust=0.12.0;harfrust-features=std;read-fonts=0.41.0;read-fonts-features=std+experimental_traverse;icu-segmenter=2.2.0;skrifa=0.44.0;skrifa-features=std;kurbo=0.13.1;kurbo-features=default+serde+std;linesweeper=0.4.0;linesweeper-features=none;icu-segmenter-features=compiled_data+auto;unicode-bidi=0.3.18;unicode-bidi-features=std;unicode-segmentation=1.13.3;protocol=5;text-profile=worth-ui-global-text-v2;qualification=closed,raster-batches=2,not-applicable,not-applicable,OPEN,supersedes:f753692adc9ffc094f47560ab8a878b086ad549b465db6ecabdb613b0c0fa795,false,not-bound
5,P5-COLOR-EMOJI-01,worth-ui-text,intrinsic color emoji raster without cluster split,qualified-text-world,1,emoji-conformance,worth-ui-ledger-evidence-v3,87381715f777aa5e76a7329e914c0616c9414c1ba313681ebd20f08da602b88f,emoji-tint-or-split,not-applicable,worth_ui_text::raster::color,workspaces/worth-ui/crates/worth-ui-text/src/raster/color/mod.rs::rasterize_intrinsic_color,workspaces/worth-ui/crates/worth-ui-text/src/phase5_ledger_evidence.rs::every_qualified_color_source_and_rgi_sequence_crosses_production_raster,family=color-layer-drop;case=emoji-tint-or-split,before-effects,plans/worth-ui/milestone-3.14.1-evidence/p5-color-emoji-01.json,not-applicable,main-tests=1;hostile-controls=1;product-processes=0;compile-sessions=0;courtroom-worlds=0,executed-tests=2;presentations=0,python scripts/ci/run_worth_ui_ledger_test.py --manifest-path workspaces/worth-ui/Cargo.toml --package worth-ui-text --lib --test-name phase5_ledger_evidence::every_qualified_color_source_and_rgi_sequence_crosses_production_raster --control-package worth-ui-text --control-lib --control-test-name phase5_ledger_evidence::emoji_tint_split_and_unqualified_color_sources_are_rejected --requirement P5-COLOR-EMOJI-01 --source workspaces/worth-ui/crates/worth-ui-text/src/lib.rs --source workspaces/worth-ui/crates/worth-ui-text/src/phase5_ledger_evidence.rs --source workspaces/worth-ui/crates/worth-ui-text/src/layout.rs --source workspaces/worth-ui/crates/worth-ui-text/src/layout_artifact.rs --source workspaces/worth-ui/crates/worth-ui-text/src/qualification.rs --source workspaces/worth-ui/crates/worth-ui-text/src/font_collection.rs --source workspaces/worth-ui/crates/worth-ui-text/src/font_collection/admission.rs --source workspaces/worth-ui/crates/worth-ui-text/src/font_collection/application_pack.rs --source workspaces/worth-ui/crates/worth-ui-text/src/font_collection/application_pack/qualification.rs --source workspaces/worth-ui/crates/worth-ui-text/src/font_collection/face.rs --source workspaces/worth-ui/crates/worth-ui-text/src/font_collection/lifecycle.rs --source workspaces/worth-ui/crates/worth-ui-text/src/font_collection/profile_data.rs --source workspaces/worth-ui/crates/worth-ui-text/src/font_collection/application_alpha_raster_controls.rs --source workspaces/worth-ui/crates/worth-ui-text/src/font_collection/application_selection_tests.rs --source workspaces/worth-ui/crates/worth-ui-text/src/font_collection/application_test_world.rs --source workspaces/worth-ui/crates/worth-ui-text/src/font_collection/phase5_raster_evidence.rs --source workspaces/worth-ui/crates/worth-ui-text/src/raster/mod.rs --source workspaces/worth-ui/crates/worth-ui-text/src/raster/phase5_evidence.rs --source workspaces/worth-ui/crates/worth-ui-text/src/raster/alpha.rs --source workspaces/worth-ui/crates/worth-ui-text/src/raster/alpha_admission.rs --source workspaces/worth-ui/crates/worth-ui-text/src/raster/alpha_record.rs --source workspaces/worth-ui/crates/worth-ui-text/src/raster/alpha_transaction_admission.rs --source workspaces/worth-ui/crates/worth-ui-text/src/raster/alpha_transaction_completion.rs --source workspaces/worth-ui/crates/worth-ui-text/src/raster/alpha_transaction_tests.rs --source workspaces/worth-ui/crates/worth-ui-text/src/raster/batch.rs --source workspaces/worth-ui/crates/worth-ui-text/src/raster/capacity.rs --source workspaces/worth-ui/crates/worth-ui-text/src/raster/cost.rs --source workspaces/worth-ui/crates/worth-ui-text/src/raster/demand.rs --source workspaces/worth-ui/crates/worth-ui-text/src/raster/demand/derivation.rs --source workspaces/worth-ui/crates/worth-ui-text/src/raster/demand_alpha_tests.rs --source workspaces/worth-ui/crates/worth-ui-text/src/raster/demand_candidate.rs --source workspaces/worth-ui/crates/worth-ui-text/src/raster/demand_geometry.rs --source workspaces/worth-ui/crates/worth-ui-text/src/raster/demand_identity.rs --source workspaces/worth-ui/crates/worth-ui-text/src/raster/denial.rs --source workspaces/worth-ui/crates/worth-ui-text/src/raster/key.rs --source workspaces/worth-ui/crates/worth-ui-text/src/raster/placement.rs --source workspaces/worth-ui/crates/worth-ui-text/src/raster/planning_geometry.rs --source workspaces/worth-ui/crates/worth-ui-text/src/raster/qualified_raster_admission.rs --source workspaces/worth-ui/crates/worth-ui-text/src/raster/source.rs --source workspaces/worth-ui/crates/worth-ui-text/src/raster/color/mod.rs --source workspaces/worth-ui/crates/worth-ui-text/src/raster/color/phase5_evidence.rs --source workspaces/worth-ui/crates/worth-ui-text/src/raster/color/tests.rs --source workspaces/worth-ui/crates/worth-ui-text/src/raster/color/transaction_tests.rs --source workspaces/worth-ui/crates/worth-ui-text/build.rs --source workspaces/worth-ui/crates/worth-ui-text/build/profile_tables.rs --source workspaces/worth-ui/profiles/worth-ui-global-text-v2/manifest.toml --source workspaces/worth-ui/profiles/worth-ui-global-text-v2/artifact-inventory.toml --source workspaces/worth-ui/profiles/worth-ui-global-text-v2/fonts/NotoSans-VF.ttf --source workspaces/worth-ui/profiles/worth-ui-global-text-v2/fonts/NotoColorEmoji.ttf --source workspaces/worth-ui/profiles/worth-ui-global-text-v2/fonts/LastResort-Regular.ttf --source workspaces/worth-ui/crates/worth-ui-text/src/font_collection/color_glyph.rs --source workspaces/worth-ui/crates/worth-ui-text/src/font_collection/color_glyph/bitmap.rs --source workspaces/worth-ui/crates/worth-ui-text/src/font_collection/color_glyph/bitmap/cbdt.rs --source workspaces/worth-ui/crates/worth-ui-text/src/font_collection/color_glyph/bitmap/sbix.rs --source workspaces/worth-ui/crates/worth-ui-text/src/font_collection/color_glyph/bitmap_selection.rs --source workspaces/worth-ui/crates/worth-ui-text/src/font_collection/color_glyph/boundedness.rs --source workspaces/worth-ui/crates/worth-ui-text/src/font_collection/color_glyph/colr.rs --source workspaces/worth-ui/crates/worth-ui-text/src/font_collection/color_glyph/path.rs --source workspaces/worth-ui/crates/worth-ui-text/src/font_collection/color_glyph/png.rs --source workspaces/worth-ui/crates/worth-ui-text/src/font_collection/color_glyph/traversal.rs --source workspaces/worth-ui/crates/worth-ui-text/src/raster/color/admission.rs --source workspaces/worth-ui/crates/worth-ui-text/src/raster/color/bitmap.rs --source workspaces/worth-ui/crates/worth-ui-text/src/raster/color/bitmap/composite.rs --source workspaces/worth-ui/crates/worth-ui-text/src/raster/color/bitmap/decode.rs --source workspaces/worth-ui/crates/worth-ui-text/src/raster/color/colr.rs --source workspaces/worth-ui/crates/worth-ui-text/src/raster/color/colr/brush.rs --source workspaces/worth-ui/crates/worth-ui-text/src/raster/color/completion.rs --source workspaces/worth-ui/crates/worth-ui-text/src/raster/color/compositing.rs --source workspaces/worth-ui/crates/worth-ui-text/src/raster/color/image.rs --source workspaces/worth-ui/crates/worth-ui-text/src/raster/color/pixels.rs --source workspaces/worth-ui/crates/worth-ui-text/src/raster/color/transform.rs --source workspaces/worth-ui/crates/worth-ui-text/src/font_collection/application_color_fixtures.rs --source workspaces/worth-ui/crates/worth-ui-text/src/font_collection/application_color_graph_controls.rs --source workspaces/worth-ui/crates/worth-ui-text/src/font_collection/application_color_graph_fixtures.rs --source workspaces/worth-ui/crates/worth-ui-text/src/font_collection/application_color_raster_controls.rs --source workspaces/worth-ui/crates/worth-ui-text/src/font_collection/application_color_tests.rs --source workspaces/worth-ui/profiles/worth-ui-global-text-v2/unicode/emoji/emoji-sequences.txt --source workspaces/worth-ui/profiles/worth-ui-global-text-v2/unicode/emoji/emoji-zwj-sequences.txt --source workspaces/worth-ui/profiles/worth-ui-global-text-v2/unicode/emoji/emoji-test.txt --source scripts/ci/worth_ui_3141_case_contracts.py --source scripts/ci/worth_ui_3141_p5_case_contracts.py --source workspaces/worth-ui/crates/worth-ui-certification/tests/milestone_3141_phase1_ledger/phase_five_case_contract.rs --source workspaces/worth-ui/crates/worth-ui-certification/tests/milestone_3141_phase1_ledger/result_artifact.rs --artifact plans/worth-ui/milestone-3.14.1-evidence/p5-color-emoji-01.json,0,not-run,plans/worth-ui/milestone-3.14.1-evidence/p5-color-emoji-01.json,not-bound,not-bound,not-bound,not-bound,workspaces/worth-ui/crates/worth-ui-text/src/lib.rs;workspaces/worth-ui/crates/worth-ui-text/src/phase5_ledger_evidence.rs;workspaces/worth-ui/crates/worth-ui-text/src/layout.rs;workspaces/worth-ui/crates/worth-ui-text/src/layout_artifact.rs;workspaces/worth-ui/crates/worth-ui-text/src/qualification.rs;workspaces/worth-ui/crates/worth-ui-text/src/font_collection.rs;workspaces/worth-ui/crates/worth-ui-text/src/font_collection/admission.rs;workspaces/worth-ui/crates/worth-ui-text/src/font_collection/application_pack.rs;workspaces/worth-ui/crates/worth-ui-text/src/font_collection/application_pack/qualification.rs;workspaces/worth-ui/crates/worth-ui-text/src/font_collection/face.rs;workspaces/worth-ui/crates/worth-ui-text/src/font_collection/lifecycle.rs;workspaces/worth-ui/crates/worth-ui-text/src/font_collection/profile_data.rs;workspaces/worth-ui/crates/worth-ui-text/src/font_collection/application_alpha_raster_controls.rs;workspaces/worth-ui/crates/worth-ui-text/src/font_collection/application_selection_tests.rs;workspaces/worth-ui/crates/worth-ui-text/src/font_collection/application_test_world.rs;workspaces/worth-ui/crates/worth-ui-text/src/font_collection/phase5_raster_evidence.rs;workspaces/worth-ui/crates/worth-ui-text/src/raster/mod.rs;workspaces/worth-ui/crates/worth-ui-text/src/raster/phase5_evidence.rs;workspaces/worth-ui/crates/worth-ui-text/src/raster/alpha.rs;workspaces/worth-ui/crates/worth-ui-text/src/raster/alpha_admission.rs;workspaces/worth-ui/crates/worth-ui-text/src/raster/alpha_record.rs;workspaces/worth-ui/crates/worth-ui-text/src/raster/alpha_transaction_admission.rs;workspaces/worth-ui/crates/worth-ui-text/src/raster/alpha_transaction_completion.rs;workspaces/worth-ui/crates/worth-ui-text/src/raster/alpha_transaction_tests.rs;workspaces/worth-ui/crates/worth-ui-text/src/raster/batch.rs;workspaces/worth-ui/crates/worth-ui-text/src/raster/capacity.rs;workspaces/worth-ui/crates/worth-ui-text/src/raster/cost.rs;workspaces/worth-ui/crates/worth-ui-text/src/raster/demand.rs;workspaces/worth-ui/crates/worth-ui-text/src/raster/demand/derivation.rs;workspaces/worth-ui/crates/worth-ui-text/src/raster/demand_alpha_tests.rs;workspaces/worth-ui/crates/worth-ui-text/src/raster/demand_candidate.rs;workspaces/worth-ui/crates/worth-ui-text/src/raster/demand_geometry.rs;workspaces/worth-ui/crates/worth-ui-text/src/raster/demand_identity.rs;workspaces/worth-ui/crates/worth-ui-text/src/raster/denial.rs;workspaces/worth-ui/crates/worth-ui-text/src/raster/key.rs;workspaces/worth-ui/crates/worth-ui-text/src/raster/placement.rs;workspaces/worth-ui/crates/worth-ui-text/src/raster/planning_geometry.rs;workspaces/worth-ui/crates/worth-ui-text/src/raster/qualified_raster_admission.rs;workspaces/worth-ui/crates/worth-ui-text/src/raster/source.rs;workspaces/worth-ui/crates/worth-ui-text/src/raster/color/mod.rs;workspaces/worth-ui/crates/worth-ui-text/src/raster/color/phase5_evidence.rs;workspaces/worth-ui/crates/worth-ui-text/src/raster/color/tests.rs;workspaces/worth-ui/crates/worth-ui-text/src/raster/color/transaction_tests.rs;workspaces/worth-ui/crates/worth-ui-text/build.rs;workspaces/worth-ui/crates/worth-ui-text/build/profile_tables.rs;workspaces/worth-ui/profiles/worth-ui-global-text-v2/manifest.toml;workspaces/worth-ui/profiles/worth-ui-global-text-v2/artifact-inventory.toml;workspaces/worth-ui/profiles/worth-ui-global-text-v2/fonts/NotoSans-VF.ttf;workspaces/worth-ui/profiles/worth-ui-global-text-v2/fonts/NotoColorEmoji.ttf;workspaces/worth-ui/profiles/worth-ui-global-text-v2/fonts/LastResort-Regular.ttf;workspaces/worth-ui/crates/worth-ui-text/src/font_collection/color_glyph.rs;workspaces/worth-ui/crates/worth-ui-text/src/font_collection/color_glyph/bitmap.rs;workspaces/worth-ui/crates/worth-ui-text/src/font_collection/color_glyph/bitmap/cbdt.rs;workspaces/worth-ui/crates/worth-ui-text/src/font_collection/color_glyph/bitmap/sbix.rs;workspaces/worth-ui/crates/worth-ui-text/src/font_collection/color_glyph/bitmap_selection.rs;workspaces/worth-ui/crates/worth-ui-text/src/font_collection/color_glyph/boundedness.rs;workspaces/worth-ui/crates/worth-ui-text/src/font_collection/color_glyph/colr.rs;workspaces/worth-ui/crates/worth-ui-text/src/font_collection/color_glyph/path.rs;workspaces/worth-ui/crates/worth-ui-text/src/font_collection/color_glyph/png.rs;workspaces/worth-ui/crates/worth-ui-text/src/font_collection/color_glyph/traversal.rs;workspaces/worth-ui/crates/worth-ui-text/src/raster/color/admission.rs;workspaces/worth-ui/crates/worth-ui-text/src/raster/color/bitmap.rs;workspaces/worth-ui/crates/worth-ui-text/src/raster/color/bitmap/composite.rs;workspaces/worth-ui/crates/worth-ui-text/src/raster/color/bitmap/decode.rs;workspaces/worth-ui/crates/worth-ui-text/src/raster/color/colr.rs;workspaces/worth-ui/crates/worth-ui-text/src/raster/color/colr/brush.rs;workspaces/worth-ui/crates/worth-ui-text/src/raster/color/completion.rs;workspaces/worth-ui/crates/worth-ui-text/src/raster/color/compositing.rs;workspaces/worth-ui/crates/worth-ui-text/src/raster/color/image.rs;workspaces/worth-ui/crates/worth-ui-text/src/raster/color/pixels.rs;workspaces/worth-ui/crates/worth-ui-text/src/raster/color/transform.rs;workspaces/worth-ui/crates/worth-ui-text/src/font_collection/application_color_fixtures.rs;workspaces/worth-ui/crates/worth-ui-text/src/font_collection/application_color_graph_controls.rs;workspaces/worth-ui/crates/worth-ui-text/src/font_collection/application_color_graph_fixtures.rs;workspaces/worth-ui/crates/worth-ui-text/src/font_collection/application_color_raster_controls.rs;workspaces/worth-ui/crates/worth-ui-text/src/font_collection/application_color_tests.rs;workspaces/worth-ui/profiles/worth-ui-global-text-v2/unicode/emoji/emoji-sequences.txt;workspaces/worth-ui/profiles/worth-ui-global-text-v2/unicode/emoji/emoji-zwj-sequences.txt;workspaces/worth-ui/profiles/worth-ui-global-text-v2/unicode/emoji/emoji-test.txt;scripts/ci/worth_ui_3141_case_contracts.py;scripts/ci/worth_ui_3141_p5_case_contracts.py;workspaces/worth-ui/crates/worth-ui-certification/tests/milestone_3141_phase1_ledger/phase_five_case_contract.rs;workspaces/worth-ui/crates/worth-ui-certification/tests/milestone_3141_phase1_ledger/result_artifact.rs,worth-ui-global-text-v2,cec6005c5baef6d69ada9c30c02ced25b0f253f80c012784fe925e307935c3f2,worth-ui-windows-dx12-v1,1c937a22f42660267480a055e48256b25decf0c4cd5d4d7b493e5df034c6c65b,harfrust=0.12.0;harfrust-features=std;read-fonts=0.41.0;read-fonts-features=std+experimental_traverse;icu-segmenter=2.2.0;skrifa=0.44.0;skrifa-features=std;kurbo=0.13.1;kurbo-features=default+serde+std;linesweeper=0.4.0;linesweeper-features=none;icu-segmenter-features=compiled_data+auto;unicode-bidi=0.3.18;unicode-bidi-features=std;unicode-segmentation=1.13.3;protocol=5;text-profile=worth-ui-global-text-v2;qualification=closed,rgi-sequences=3953,not-applicable,not-applicable,OPEN,supersedes:08cbfdb383fb9c4bca5f2749eeea198df6a75dda59561de749870d5bf233d2ea,false,not-bound
5,P5-ATLAS-01,worth-ui-host-native,bounded alpha/color atlas and physical Signal lifecycle,qualified-text-world,1,atlas-lifecycle,worth-ui-ledger-evidence-v3,b05f69a5862fe09d73f63f75bb42a1354098917fb073273bd69f6102c7c8cf73,host-atlas-escape,not-applicable,worth_ui_host_native::native::physical_work_signal,workspaces/worth-ui/crates/worth-ui-host-native/src/native/mechanics_adapter/text_atlas_transaction.rs::perform,workspaces/worth-ui/crates/worth-ui-host-native/src/native/mechanics_adapter/text_atlas_gate_d_evidence.rs::real_dx12_signal_transaction_matches_the_independent_atlas_model_and_closes_exactly,family=atlas-lifecycle;case=host-atlas-escape,before-effects,plans/worth-ui/milestone-3.14.1-evidence/p5-atlas-01.json,not-applicable,main-tests=1;hostile-controls=1;product-processes=0;compile-sessions=0;courtroom-worlds=0,executed-tests=2;presentations=0,python scripts/ci/run_worth_ui_ledger_test.py --manifest-path workspaces/worth-ui/Cargo.toml --package worth-ui-host-native --lib --test-name native::mechanics_adapter::text_atlas::tests::gate_d_evidence::real_dx12_signal_transaction_matches_the_independent_atlas_model_and_closes_exactly --control-package worth-ui-host-native --control-lib --control-test-name native::mechanics_adapter::text_atlas::tests::gate_d_evidence::host_atlas_escape_and_lifecycle_faults_are_causally_rejected --requirement P5-ATLAS-01 --source workspaces/worth-ui/crates/worth-ui-host-native/src/native/physical_work_signal/mod.rs --source workspaces/worth-ui/crates/worth-ui-host-native/src/native/physical_work_signal/completion_reconciliation.rs --source workspaces/worth-ui/crates/worth-ui-host-native/src/native/physical_work_signal/construction.rs --source workspaces/worth-ui/crates/worth-ui-host-native/src/native/physical_work_signal/counters.rs --source workspaces/worth-ui/crates/worth-ui-host-native/src/native/physical_work_signal/declarations/mod.rs --source workspaces/worth-ui/crates/worth-ui-host-native/src/native/physical_work_signal/declarations/aspects.rs --source workspaces/worth-ui/crates/worth-ui-host-native/src/native/physical_work_signal/declarations/resources.rs --source workspaces/worth-ui/crates/worth-ui-host-native/src/native/physical_work_signal/identity.rs --source workspaces/worth-ui/crates/worth-ui-host-native/src/native/physical_work_signal/lifecycle_observation.rs --source workspaces/worth-ui/crates/worth-ui-host-native/src/native/physical_work_signal/locality.rs --source workspaces/worth-ui/crates/worth-ui-host-native/src/native/physical_work_signal/observation.rs --source workspaces/worth-ui/crates/worth-ui-host-native/src/native/physical_work_signal/readiness_handoff.rs --source workspaces/worth-ui/crates/worth-ui-host-native/src/native/physical_work_signal/routing/mod.rs --source workspaces/worth-ui/crates/worth-ui-host-native/src/native/physical_work_signal/routing/progression.rs --source workspaces/worth-ui/crates/worth-ui-host-native/src/native/physical_work_signal/routing/request.rs --source workspaces/worth-ui/crates/worth-ui-host-native/src/native/physical_work_signal/routing/external_observation.rs --source workspaces/worth-ui/crates/worth-ui-host-native/src/native/physical_work_signal/shutdown.rs --source workspaces/worth-ui/crates/worth-ui-host-native/src/native/physical_work_signal/temporal_progression.rs --source workspaces/worth-ui/crates/worth-ui-host-native/src/native/physical_work_signal/transition_observation.rs --source workspaces/worth-ui/crates/worth-ui-host-native/src/native/physical_work_signal/wake_delivery.rs --source workspaces/worth-ui/crates/worth-ui-host-native/src/native/physical_work_signal/worker.rs --source workspaces/worth-ui/crates/worth-ui-host-native/src/native/physical_work_signal/worker_graph.rs --source workspaces/worth-ui/crates/worth-ui-host-native/src/native/physical_work_signal/tests.rs --source workspaces/worth-ui/crates/worth-ui-host-native/src/native/physical_work_signal/tests/request_locality.rs --source scripts/ci/worth_ui_3141_case_contracts.py --source scripts/ci/worth_ui_3141_p5_case_contracts.py --source workspaces/worth-ui/crates/worth-ui-certification/tests/milestone_3141_phase1_ledger/phase_five_case_contract.rs --source workspaces/worth-ui/crates/worth-ui-certification/tests/milestone_3141_phase1_ledger/result_artifact.rs --source workspaces/worth-ui/crates/worth-ui-host-native/src/native/host_state.rs --source workspaces/worth-ui/crates/worth-ui-host-native/src/native/host_state/text_atlas_commit.rs --source workspaces/worth-ui/crates/worth-ui-host-native/src/native/host_state/text_atlas_lifecycle.rs --source workspaces/worth-ui/crates/worth-ui-host-native/src/native/mechanics_adapter.rs --source workspaces/worth-ui/crates/worth-ui-host-native/src/native/readiness.rs --source workspaces/worth-ui/crates/worth-ui-host-native/src/native/resource_census.rs --source workspaces/worth-ui/crates/worth-ui-host-native/src/native/resource_ownership.rs --source workspaces/worth-ui/crates/worth-ui-host-native/src/native/resource_registry.rs --source workspaces/worth-ui/crates/worth-ui-host-native/src/native/mechanics_adapter/text_atlas.rs --source workspaces/worth-ui/crates/worth-ui-host-native/src/native/mechanics_adapter/text_atlas_admission.rs --source workspaces/worth-ui/crates/worth-ui-host-native/src/native/mechanics_adapter/text_atlas_gate_d_evidence.rs --source workspaces/worth-ui/crates/worth-ui-host-native/src/native/mechanics_adapter/text_atlas_dx12_upload_port.rs --source workspaces/worth-ui/crates/worth-ui-host-native/src/native/mechanics_adapter/text_atlas_retry_correlation_tests.rs --source workspaces/worth-ui/crates/worth-ui-host-native/src/native/mechanics_adapter/text_atlas_rasterization.rs --source workspaces/worth-ui/crates/worth-ui-host-native/src/native/mechanics_adapter/text_atlas_settlement.rs --source workspaces/worth-ui/crates/worth-ui-host-native/src/native/mechanics_adapter/text_atlas_transaction.rs --source workspaces/worth-ui/crates/worth-ui-host-native/src/native/mechanics_adapter/text_atlas_upload.rs --source workspaces/worth-ui/crates/worth-ui-host-native/src/native/mechanics_adapter/text_atlas_physical_ownership.rs --source workspaces/worth-ui/crates/worth-ui-host-native/src/native/mechanics_adapter/text_atlas_upload_tests.rs --source workspaces/worth-ui/crates/worth-ui-host-native/src/native/mechanics_adapter/text_atlas_upload_sink.rs --source workspaces/worth-ui/crates/worth-ui-host-native/src/native/mechanics_adapter/text_atlas_signal_failure_tests.rs --source workspaces/worth-ui/crates/worth-ui-host-native/src/native/mechanics_adapter/text_atlas_tests.rs --source workspaces/worth-ui/crates/worth-ui-host-native/src/native/mechanics_adapter/presentation.rs --source workspaces/worth-ui/crates/worth-ui-host-native/src/native/mechanics_adapter/presentation/text_atlas.rs --source workspaces/worth-ui/crates/worth-ui-host-native/src/native/mechanics_adapter/presentation/text_atlas_tests.rs --source workspaces/worth-ui/crates/worth-ui-host-native/src/native/graphics/adapter_selection.rs --source workspaces/worth-ui/crates/worth-ui-host-native/src/native/text_atlas/mod.rs --source workspaces/worth-ui/crates/worth-ui-host-native/src/native/text_atlas/admission.rs --source workspaces/worth-ui/crates/worth-ui-host-native/src/native/text_atlas/alpha.rs --source workspaces/worth-ui/crates/worth-ui-host-native/src/native/text_atlas/boundary_tests.rs --source workspaces/worth-ui/crates/worth-ui-host-native/src/native/text_atlas/candidate_store.rs --source workspaces/worth-ui/crates/worth-ui-host-native/src/native/text_atlas/capacity.rs --source workspaces/worth-ui/crates/worth-ui-host-native/src/native/text_atlas/census.rs --source workspaces/worth-ui/crates/worth-ui-host-native/src/native/text_atlas/cleanup.rs --source workspaces/worth-ui/crates/worth-ui-host-native/src/native/text_atlas/color.rs --source workspaces/worth-ui/crates/worth-ui-host-native/src/native/text_atlas/content_extent_tests.rs --source workspaces/worth-ui/crates/worth-ui-host-native/src/native/text_atlas/demand.rs --source workspaces/worth-ui/crates/worth-ui-host-native/src/native/text_atlas/demand_admission.rs --source workspaces/worth-ui/crates/worth-ui-host-native/src/native/text_atlas/entry.rs --source workspaces/worth-ui/crates/worth-ui-host-native/src/native/text_atlas/eviction.rs --source workspaces/worth-ui/crates/worth-ui-host-native/src/native/text_atlas/eviction_tests.rs --source workspaces/worth-ui/crates/worth-ui-host-native/src/native/text_atlas/gate_d_model_evidence.rs --source workspaces/worth-ui/crates/worth-ui-host-native/src/native/text_atlas/in_flight.rs --source workspaces/worth-ui/crates/worth-ui-host-native/src/native/text_atlas/key.rs --source workspaces/worth-ui/crates/worth-ui-host-native/src/native/text_atlas/model_key.rs --source workspaces/worth-ui/crates/worth-ui-host-native/src/native/text_atlas/model_oracle.rs --source workspaces/worth-ui/crates/worth-ui-host-native/src/native/text_atlas/model_placement.rs --source workspaces/worth-ui/crates/worth-ui-host-native/src/native/text_atlas/model_records.rs --source workspaces/worth-ui/crates/worth-ui-host-native/src/native/text_atlas/ownership.rs --source workspaces/worth-ui/crates/worth-ui-host-native/src/native/text_atlas/ownership_tests.rs --source workspaces/worth-ui/crates/worth-ui-host-native/src/native/text_atlas/pinning.rs --source workspaces/worth-ui/crates/worth-ui-host-native/src/native/text_atlas/placement.rs --source workspaces/worth-ui/crates/worth-ui-host-native/src/native/text_atlas/placement_model_tests.rs --source workspaces/worth-ui/crates/worth-ui-host-native/src/native/text_atlas/pinning_capacity_tests.rs --source workspaces/worth-ui/crates/worth-ui-host-native/src/native/text_atlas/planning.rs --source workspaces/worth-ui/crates/worth-ui-host-native/src/native/text_atlas/recovery.rs --source workspaces/worth-ui/crates/worth-ui-host-native/src/native/text_atlas/recovery_identity_tests.rs --source workspaces/worth-ui/crates/worth-ui-host-native/src/native/text_atlas/raster_upload.rs --source workspaces/worth-ui/crates/worth-ui-host-native/src/native/text_atlas/settlement.rs --source workspaces/worth-ui/crates/worth-ui-host-native/src/native/text_atlas/settling.rs --source workspaces/worth-ui/crates/worth-ui-host-native/src/native/text_atlas/test_device_tests.rs --source workspaces/worth-ui/crates/worth-ui-host-native/src/native/text_atlas/transaction.rs --source workspaces/worth-ui/crates/worth-ui-host-native/src/native/text_atlas/transaction_plan_snapshot.rs --source workspaces/worth-ui/crates/worth-ui-host-native/src/native/text_atlas/upload.rs --source workspaces/worth-ui/crates/worth-ui-host-native/src/native/text_atlas/upload/correlation.rs --source workspaces/worth-ui/crates/worth-ui-host-native/src/native/text_atlas/upload_batch.rs --source workspaces/worth-ui/crates/worth-ui-host-native/src/native/text_atlas/upload_staging.rs --artifact plans/worth-ui/milestone-3.14.1-evidence/p5-atlas-01.json,0,not-run,plans/worth-ui/milestone-3.14.1-evidence/p5-atlas-01.json,not-bound,not-bound,not-bound,not-bound,workspaces/worth-ui/crates/worth-ui-host-native/src/native/physical_work_signal/mod.rs;workspaces/worth-ui/crates/worth-ui-host-native/src/native/physical_work_signal/completion_reconciliation.rs;workspaces/worth-ui/crates/worth-ui-host-native/src/native/physical_work_signal/construction.rs;workspaces/worth-ui/crates/worth-ui-host-native/src/native/physical_work_signal/counters.rs;workspaces/worth-ui/crates/worth-ui-host-native/src/native/physical_work_signal/declarations/mod.rs;workspaces/worth-ui/crates/worth-ui-host-native/src/native/physical_work_signal/declarations/aspects.rs;workspaces/worth-ui/crates/worth-ui-host-native/src/native/physical_work_signal/declarations/resources.rs;workspaces/worth-ui/crates/worth-ui-host-native/src/native/physical_work_signal/identity.rs;workspaces/worth-ui/crates/worth-ui-host-native/src/native/physical_work_signal/lifecycle_observation.rs;workspaces/worth-ui/crates/worth-ui-host-native/src/native/physical_work_signal/locality.rs;workspaces/worth-ui/crates/worth-ui-host-native/src/native/physical_work_signal/observation.rs;workspaces/worth-ui/crates/worth-ui-host-native/src/native/physical_work_signal/readiness_handoff.rs;workspaces/worth-ui/crates/worth-ui-host-native/src/native/physical_work_signal/routing/mod.rs;workspaces/worth-ui/crates/worth-ui-host-native/src/native/physical_work_signal/routing/progression.rs;workspaces/worth-ui/crates/worth-ui-host-native/src/native/physical_work_signal/routing/request.rs;workspaces/worth-ui/crates/worth-ui-host-native/src/native/physical_work_signal/routing/external_observation.rs;workspaces/worth-ui/crates/worth-ui-host-native/src/native/physical_work_signal/shutdown.rs;workspaces/worth-ui/crates/worth-ui-host-native/src/native/physical_work_signal/temporal_progression.rs;workspaces/worth-ui/crates/worth-ui-host-native/src/native/physical_work_signal/transition_observation.rs;workspaces/worth-ui/crates/worth-ui-host-native/src/native/physical_work_signal/wake_delivery.rs;workspaces/worth-ui/crates/worth-ui-host-native/src/native/physical_work_signal/worker.rs;workspaces/worth-ui/crates/worth-ui-host-native/src/native/physical_work_signal/worker_graph.rs;workspaces/worth-ui/crates/worth-ui-host-native/src/native/physical_work_signal/tests.rs;workspaces/worth-ui/crates/worth-ui-host-native/src/native/physical_work_signal/tests/request_locality.rs;scripts/ci/worth_ui_3141_case_contracts.py;scripts/ci/worth_ui_3141_p5_case_contracts.py;workspaces/worth-ui/crates/worth-ui-certification/tests/milestone_3141_phase1_ledger/phase_five_case_contract.rs;workspaces/worth-ui/crates/worth-ui-certification/tests/milestone_3141_phase1_ledger/result_artifact.rs;workspaces/worth-ui/crates/worth-ui-host-native/src/native/host_state.rs;workspaces/worth-ui/crates/worth-ui-host-native/src/native/host_state/text_atlas_commit.rs;workspaces/worth-ui/crates/worth-ui-host-native/src/native/host_state/text_atlas_lifecycle.rs;workspaces/worth-ui/crates/worth-ui-host-native/src/native/mechanics_adapter.rs;workspaces/worth-ui/crates/worth-ui-host-native/src/native/readiness.rs;workspaces/worth-ui/crates/worth-ui-host-native/src/native/resource_census.rs;workspaces/worth-ui/crates/worth-ui-host-native/src/native/resource_ownership.rs;workspaces/worth-ui/crates/worth-ui-host-native/src/native/resource_registry.rs;workspaces/worth-ui/crates/worth-ui-host-native/src/native/mechanics_adapter/text_atlas.rs;workspaces/worth-ui/crates/worth-ui-host-native/src/native/mechanics_adapter/text_atlas_admission.rs;workspaces/worth-ui/crates/worth-ui-host-native/src/native/mechanics_adapter/text_atlas_gate_d_evidence.rs;workspaces/worth-ui/crates/worth-ui-host-native/src/native/mechanics_adapter/text_atlas_dx12_upload_port.rs;workspaces/worth-ui/crates/worth-ui-host-native/src/native/mechanics_adapter/text_atlas_retry_correlation_tests.rs;workspaces/worth-ui/crates/worth-ui-host-native/src/native/mechanics_adapter/text_atlas_rasterization.rs;workspaces/worth-ui/crates/worth-ui-host-native/src/native/mechanics_adapter/text_atlas_settlement.rs;workspaces/worth-ui/crates/worth-ui-host-native/src/native/mechanics_adapter/text_atlas_transaction.rs;workspaces/worth-ui/crates/worth-ui-host-native/src/native/mechanics_adapter/text_atlas_upload.rs;workspaces/worth-ui/crates/worth-ui-host-native/src/native/mechanics_adapter/text_atlas_physical_ownership.rs;workspaces/worth-ui/crates/worth-ui-host-native/src/native/mechanics_adapter/text_atlas_upload_tests.rs;workspaces/worth-ui/crates/worth-ui-host-native/src/native/mechanics_adapter/text_atlas_upload_sink.rs;workspaces/worth-ui/crates/worth-ui-host-native/src/native/mechanics_adapter/text_atlas_signal_failure_tests.rs;workspaces/worth-ui/crates/worth-ui-host-native/src/native/mechanics_adapter/text_atlas_tests.rs;workspaces/worth-ui/crates/worth-ui-host-native/src/native/mechanics_adapter/presentation.rs;workspaces/worth-ui/crates/worth-ui-host-native/src/native/mechanics_adapter/presentation/text_atlas.rs;workspaces/worth-ui/crates/worth-ui-host-native/src/native/mechanics_adapter/presentation/text_atlas_tests.rs;workspaces/worth-ui/crates/worth-ui-host-native/src/native/graphics/adapter_selection.rs;workspaces/worth-ui/crates/worth-ui-host-native/src/native/text_atlas/mod.rs;workspaces/worth-ui/crates/worth-ui-host-native/src/native/text_atlas/admission.rs;workspaces/worth-ui/crates/worth-ui-host-native/src/native/text_atlas/alpha.rs;workspaces/worth-ui/crates/worth-ui-host-native/src/native/text_atlas/boundary_tests.rs;workspaces/worth-ui/crates/worth-ui-host-native/src/native/text_atlas/candidate_store.rs;workspaces/worth-ui/crates/worth-ui-host-native/src/native/text_atlas/capacity.rs;workspaces/worth-ui/crates/worth-ui-host-native/src/native/text_atlas/census.rs;workspaces/worth-ui/crates/worth-ui-host-native/src/native/text_atlas/cleanup.rs;workspaces/worth-ui/crates/worth-ui-host-native/src/native/text_atlas/color.rs;workspaces/worth-ui/crates/worth-ui-host-native/src/native/text_atlas/content_extent_tests.rs;workspaces/worth-ui/crates/worth-ui-host-native/src/native/text_atlas/demand.rs;workspaces/worth-ui/crates/worth-ui-host-native/src/native/text_atlas/demand_admission.rs;workspaces/worth-ui/crates/worth-ui-host-native/src/native/text_atlas/entry.rs;workspaces/worth-ui/crates/worth-ui-host-native/src/native/text_atlas/eviction.rs;workspaces/worth-ui/crates/worth-ui-host-native/src/native/text_atlas/eviction_tests.rs;workspaces/worth-ui/crates/worth-ui-host-native/src/native/text_atlas/gate_d_model_evidence.rs;workspaces/worth-ui/crates/worth-ui-host-native/src/native/text_atlas/in_flight.rs;workspaces/worth-ui/crates/worth-ui-host-native/src/native/text_atlas/key.rs;workspaces/worth-ui/crates/worth-ui-host-native/src/native/text_atlas/model_key.rs;workspaces/worth-ui/crates/worth-ui-host-native/src/native/text_atlas/model_oracle.rs;workspaces/worth-ui/crates/worth-ui-host-native/src/native/text_atlas/model_placement.rs;workspaces/worth-ui/crates/worth-ui-host-native/src/native/text_atlas/model_records.rs;workspaces/worth-ui/crates/worth-ui-host-native/src/native/text_atlas/ownership.rs;workspaces/worth-ui/crates/worth-ui-host-native/src/native/text_atlas/ownership_tests.rs;workspaces/worth-ui/crates/worth-ui-host-native/src/native/text_atlas/pinning.rs;workspaces/worth-ui/crates/worth-ui-host-native/src/native/text_atlas/placement.rs;workspaces/worth-ui/crates/worth-ui-host-native/src/native/text_atlas/placement_model_tests.rs;workspaces/worth-ui/crates/worth-ui-host-native/src/native/text_atlas/pinning_capacity_tests.rs;workspaces/worth-ui/crates/worth-ui-host-native/src/native/text_atlas/planning.rs;workspaces/worth-ui/crates/worth-ui-host-native/src/native/text_atlas/recovery.rs;workspaces/worth-ui/crates/worth-ui-host-native/src/native/text_atlas/recovery_identity_tests.rs;workspaces/worth-ui/crates/worth-ui-host-native/src/native/text_atlas/raster_upload.rs;workspaces/worth-ui/crates/worth-ui-host-native/src/native/text_atlas/settlement.rs;workspaces/worth-ui/crates/worth-ui-host-native/src/native/text_atlas/settling.rs;workspaces/worth-ui/crates/worth-ui-host-native/src/native/text_atlas/test_device_tests.rs;workspaces/worth-ui/crates/worth-ui-host-native/src/native/text_atlas/transaction.rs;workspaces/worth-ui/crates/worth-ui-host-native/src/native/text_atlas/transaction_plan_snapshot.rs;workspaces/worth-ui/crates/worth-ui-host-native/src/native/text_atlas/upload.rs;workspaces/worth-ui/crates/worth-ui-host-native/src/native/text_atlas/upload/correlation.rs;workspaces/worth-ui/crates/worth-ui-host-native/src/native/text_atlas/upload_batch.rs;workspaces/worth-ui/crates/worth-ui-host-native/src/native/text_atlas/upload_staging.rs,worth-ui-global-text-v2,cec6005c5baef6d69ada9c30c02ced25b0f253f80c012784fe925e307935c3f2,worth-ui-windows-dx12-v1,1c937a22f42660267480a055e48256b25decf0c4cd5d4d7b493e5df034c6c65b,harfrust=0.12.0;harfrust-features=std;read-fonts=0.41.0;read-fonts-features=std+experimental_traverse;icu-segmenter=2.2.0;skrifa=0.44.0;skrifa-features=std;kurbo=0.13.1;kurbo-features=default+serde+std;linesweeper=0.4.0;linesweeper-features=none;icu-segmenter-features=compiled_data+auto;unicode-bidi=0.3.18;unicode-bidi-features=std;unicode-segmentation=1.13.3;protocol=5;text-profile=worth-ui-global-text-v2;qualification=closed,physical-signal-runtimes=1,not-applicable,not-applicable,OPEN,supersedes:594623aa7f0daa9d922031a184fb5366d5d35c70ee3289ec1a0bc82d77ecbeb2,false,not-bound
5,P5-ATLAS-PINNING-01,worth-ui-host-native,live-layout atlas pinning and deterministic eviction,qualified-text-world,1,atlas-pinning,worth-ui-ledger-evidence-v3,cbc280d3a05ea3a18f91e463da77e41fcf98d7004e1605b20e702a1d89a03849,live-layout-unpin,not-applicable,worth_ui_host_native::atlas::pinning,workspaces/worth-ui/apps/platform-pulse/src/main.rs::run_native_gate_d_pin_world,workspaces/worth-ui/apps/platform-pulse/tests/executable_world/courtroom/native_gate_d_pin.rs::live_layout_pins_cross_runtime_native_signal_and_release_at_last_owner,family=pin-eviction;case=live-layout-unpin,before-effects,plans/worth-ui/milestone-3.14.1-evidence/p5-atlas-pinning-01.json,not-applicable,main-tests=1;hostile-controls=1;product-processes=1;compile-sessions=0;courtroom-worlds=1,executed-tests=2;presentations=4;atlas-transactions=4,python scripts/ci/run_worth_ui_ledger_test.py --manifest-path workspaces/worth-ui/Cargo.toml --package worth-ui-platform-pulse --test executable_world --features executable-world --test-name courtroom::native_gate_d_pin::live_layout_pins_cross_runtime_native_signal_and_release_at_last_owner --control-package worth-ui-runtime --control-lib --control-test-name mounting::presentation::coordinator::text_pins::tests::shared_pins_release_only_after_the_last_binding_is_deregistered --requirement P5-ATLAS-PINNING-01 --source workspaces/worth-ui/crates/worth-ui-host-native/src/native/physical_work_signal/mod.rs --source workspaces/worth-ui/crates/worth-ui-host-native/src/native/physical_work_signal/completion_reconciliation.rs --source workspaces/worth-ui/crates/worth-ui-host-native/src/native/physical_work_signal/construction.rs --source workspaces/worth-ui/crates/worth-ui-host-native/src/native/physical_work_signal/counters.rs --source workspaces/worth-ui/crates/worth-ui-host-native/src/native/physical_work_signal/declarations/mod.rs --source workspaces/worth-ui/crates/worth-ui-host-native/src/native/physical_work_signal/declarations/aspects.rs --source workspaces/worth-ui/crates/worth-ui-host-native/src/native/physical_work_signal/declarations/resources.rs --source workspaces/worth-ui/crates/worth-ui-host-native/src/native/physical_work_signal/identity.rs --source workspaces/worth-ui/crates/worth-ui-host-native/src/native/physical_work_signal/lifecycle_observation.rs --source workspaces/worth-ui/crates/worth-ui-host-native/src/native/physical_work_signal/locality.rs --source workspaces/worth-ui/crates/worth-ui-host-native/src/native/physical_work_signal/observation.rs --source workspaces/worth-ui/crates/worth-ui-host-native/src/native/physical_work_signal/readiness_handoff.rs --source workspaces/worth-ui/crates/worth-ui-host-native/src/native/physical_work_signal/routing/mod.rs --source workspaces/worth-ui/crates/worth-ui-host-native/src/native/physical_work_signal/routing/progression.rs --source workspaces/worth-ui/crates/worth-ui-host-native/src/native/physical_work_signal/routing/request.rs --source workspaces/worth-ui/crates/worth-ui-host-native/src/native/physical_work_signal/routing/external_observation.rs --source workspaces/worth-ui/crates/worth-ui-host-native/src/native/physical_work_signal/shutdown.rs --source workspaces/worth-ui/crates/worth-ui-host-native/src/native/physical_work_signal/temporal_progression.rs --source workspaces/worth-ui/crates/worth-ui-host-native/src/native/physical_work_signal/transition_observation.rs --source workspaces/worth-ui/crates/worth-ui-host-native/src/native/physical_work_signal/wake_delivery.rs --source workspaces/worth-ui/crates/worth-ui-host-native/src/native/physical_work_signal/worker.rs --source workspaces/worth-ui/crates/worth-ui-host-native/src/native/physical_work_signal/worker_graph.rs --source workspaces/worth-ui/crates/worth-ui-host-native/src/native/physical_work_signal/tests.rs --source workspaces/worth-ui/crates/worth-ui-host-native/src/native/physical_work_signal/tests/request_locality.rs --source scripts/ci/worth_ui_3141_case_contracts.py --source scripts/ci/worth_ui_3141_p5_case_contracts.py --source workspaces/worth-ui/crates/worth-ui-certification/tests/milestone_3141_phase1_ledger/phase_five_case_contract.rs --source workspaces/worth-ui/crates/worth-ui-certification/tests/milestone_3141_phase1_ledger/result_artifact.rs --source workspaces/worth-ui/crates/worth-ui-host-native/src/native/host_state.rs --source workspaces/worth-ui/crates/worth-ui-host-native/src/native/host_state/text_atlas_commit.rs --source workspaces/worth-ui/crates/worth-ui-host-native/src/native/host_state/text_atlas_lifecycle.rs --source workspaces/worth-ui/crates/worth-ui-host-native/src/native/mechanics_adapter.rs --source workspaces/worth-ui/crates/worth-ui-host-native/src/native/readiness.rs --source workspaces/worth-ui/crates/worth-ui-host-native/src/native/resource_census.rs --source workspaces/worth-ui/crates/worth-ui-host-native/src/native/resource_ownership.rs --source workspaces/worth-ui/crates/worth-ui-host-native/src/native/resource_registry.rs --source workspaces/worth-ui/crates/worth-ui-host-native/src/native/mechanics_adapter/text_atlas.rs --source workspaces/worth-ui/crates/worth-ui-host-native/src/native/mechanics_adapter/text_atlas_admission.rs --source workspaces/worth-ui/crates/worth-ui-host-native/src/native/mechanics_adapter/text_atlas_gate_d_evidence.rs --source workspaces/worth-ui/crates/worth-ui-host-native/src/native/mechanics_adapter/text_atlas_dx12_upload_port.rs --source workspaces/worth-ui/crates/worth-ui-host-native/src/native/mechanics_adapter/text_atlas_retry_correlation_tests.rs --source workspaces/worth-ui/crates/worth-ui-host-native/src/native/mechanics_adapter/text_atlas_rasterization.rs --source workspaces/worth-ui/crates/worth-ui-host-native/src/native/mechanics_adapter/text_atlas_settlement.rs --source workspaces/worth-ui/crates/worth-ui-host-native/src/native/mechanics_adapter/text_atlas_transaction.rs --source workspaces/worth-ui/crates/worth-ui-host-native/src/native/mechanics_adapter/text_atlas_upload.rs --source workspaces/worth-ui/crates/worth-ui-host-native/src/native/mechanics_adapter/text_atlas_physical_ownership.rs --source workspaces/worth-ui/crates/worth-ui-host-native/src/native/mechanics_adapter/text_atlas_upload_tests.rs --source workspaces/worth-ui/crates/worth-ui-host-native/src/native/mechanics_adapter/text_atlas_upload_sink.rs --source workspaces/worth-ui/crates/worth-ui-host-native/src/native/mechanics_adapter/text_atlas_signal_failure_tests.rs --source workspaces/worth-ui/crates/worth-ui-host-native/src/native/mechanics_adapter/text_atlas_tests.rs --source workspaces/worth-ui/crates/worth-ui-host-native/src/native/mechanics_adapter/presentation.rs --source workspaces/worth-ui/crates/worth-ui-host-native/src/native/mechanics_adapter/presentation/text_atlas.rs --source workspaces/worth-ui/crates/worth-ui-host-native/src/native/mechanics_adapter/presentation/text_atlas_tests.rs --source workspaces/worth-ui/crates/worth-ui-host-native/src/native/graphics/adapter_selection.rs --source workspaces/worth-ui/crates/worth-ui-host-native/src/native/text_atlas/mod.rs --source workspaces/worth-ui/crates/worth-ui-host-native/src/native/text_atlas/admission.rs --source workspaces/worth-ui/crates/worth-ui-host-native/src/native/text_atlas/alpha.rs --source workspaces/worth-ui/crates/worth-ui-host-native/src/native/text_atlas/boundary_tests.rs --source workspaces/worth-ui/crates/worth-ui-host-native/src/native/text_atlas/candidate_store.rs --source workspaces/worth-ui/crates/worth-ui-host-native/src/native/text_atlas/capacity.rs --source workspaces/worth-ui/crates/worth-ui-host-native/src/native/text_atlas/census.rs --source workspaces/worth-ui/crates/worth-ui-host-native/src/native/text_atlas/cleanup.rs --source workspaces/worth-ui/crates/worth-ui-host-native/src/native/text_atlas/color.rs --source workspaces/worth-ui/crates/worth-ui-host-native/src/native/text_atlas/content_extent_tests.rs --source workspaces/worth-ui/crates/worth-ui-host-native/src/native/text_atlas/demand.rs --source workspaces/worth-ui/crates/worth-ui-host-native/src/native/text_atlas/demand_admission.rs --source workspaces/worth-ui/crates/worth-ui-host-native/src/native/text_atlas/entry.rs --source workspaces/worth-ui/crates/worth-ui-host-native/src/native/text_atlas/eviction.rs --source workspaces/worth-ui/crates/worth-ui-host-native/src/native/text_atlas/eviction_tests.rs --source workspaces/worth-ui/crates/worth-ui-host-native/src/native/text_atlas/gate_d_model_evidence.rs --source workspaces/worth-ui/crates/worth-ui-host-native/src/native/text_atlas/in_flight.rs --source workspaces/worth-ui/crates/worth-ui-host-native/src/native/text_atlas/key.rs --source workspaces/worth-ui/crates/worth-ui-host-native/src/native/text_atlas/model_key.rs --source workspaces/worth-ui/crates/worth-ui-host-native/src/native/text_atlas/model_oracle.rs --source workspaces/worth-ui/crates/worth-ui-host-native/src/native/text_atlas/model_placement.rs --source workspaces/worth-ui/crates/worth-ui-host-native/src/native/text_atlas/model_records.rs --source workspaces/worth-ui/crates/worth-ui-host-native/src/native/text_atlas/ownership.rs --source workspaces/worth-ui/crates/worth-ui-host-native/src/native/text_atlas/ownership_tests.rs --source workspaces/worth-ui/crates/worth-ui-host-native/src/native/text_atlas/pinning.rs --source workspaces/worth-ui/crates/worth-ui-host-native/src/native/text_atlas/placement.rs --source workspaces/worth-ui/crates/worth-ui-host-native/src/native/text_atlas/placement_model_tests.rs --source workspaces/worth-ui/crates/worth-ui-host-native/src/native/text_atlas/pinning_capacity_tests.rs --source workspaces/worth-ui/crates/worth-ui-host-native/src/native/text_atlas/planning.rs --source workspaces/worth-ui/crates/worth-ui-host-native/src/native/text_atlas/recovery.rs --source workspaces/worth-ui/crates/worth-ui-host-native/src/native/text_atlas/recovery_identity_tests.rs --source workspaces/worth-ui/crates/worth-ui-host-native/src/native/text_atlas/raster_upload.rs --source workspaces/worth-ui/crates/worth-ui-host-native/src/native/text_atlas/settlement.rs --source workspaces/worth-ui/crates/worth-ui-host-native/src/native/text_atlas/settling.rs --source workspaces/worth-ui/crates/worth-ui-host-native/src/native/text_atlas/test_device_tests.rs --source workspaces/worth-ui/crates/worth-ui-host-native/src/native/text_atlas/transaction.rs --source workspaces/worth-ui/crates/worth-ui-host-native/src/native/text_atlas/transaction_plan_snapshot.rs --source workspaces/worth-ui/crates/worth-ui-host-native/src/native/text_atlas/upload.rs --source workspaces/worth-ui/crates/worth-ui-host-native/src/native/text_atlas/upload/correlation.rs --source workspaces/worth-ui/crates/worth-ui-host-native/src/native/text_atlas/upload_batch.rs --source workspaces/worth-ui/crates/worth-ui-host-native/src/native/text_atlas/upload_staging.rs --source workspaces/worth-ui/crates/worth-ui-runtime/src/mounting/presentation/coordinator.rs --source workspaces/worth-ui/crates/worth-ui-runtime/src/mounting/presentation/coordinator/semantic_text_raster.rs --source workspaces/worth-ui/crates/worth-ui-runtime/src/mounting/presentation/coordinator/text_pins.rs --source workspaces/worth-ui/crates/worth-ui-runtime/src/mounting/presentation/coordinator/text_pins_tests.rs --source workspaces/worth-ui/crates/worth-ui-runtime/src/native_platform/text_presentation/mod.rs --source workspaces/worth-ui/crates/worth-ui-runtime/src/native_platform/text_presentation/preparation.rs --source workspaces/worth-ui/crates/worth-ui-runtime/src/native_platform/text_presentation/preparation/demand_join.rs --source workspaces/worth-ui/crates/worth-ui-runtime/src/native_platform/text_presentation/preparation/mounted_work.rs --source workspaces/worth-ui/crates/worth-ui-runtime/src/native_platform/text_presentation/rasterization.rs --source workspaces/worth-ui/crates/worth-ui-runtime/src/native_platform/text_presentation/recovery.rs --source workspaces/worth-ui/crates/worth-ui-runtime/src/native_platform/text_presentation/transaction.rs --source workspaces/worth-ui/crates/worth-ui-host-contract/src/qualified_text/raster_key.rs --source workspaces/worth-ui/crates/worth-ui-host-contract/src/qualified_text/raster_batch_view.rs --source workspaces/worth-ui/crates/worth-ui-host-contract/src/qualified_text/raster_transaction.rs --source scripts/ci/test_worth_ui_phase5_portfolio_dependency.py --source scripts/ci/worth_ui_3141_supporting_world.py --source scripts/ci/worth_ui_3141_p5_contracts.py --source scripts/ci/worth_ui_ledger_dependency.py --source scripts/ci/worth_ui_ledger_hostile_control_evidence.py --source scripts/ci/worth_ui_ledger_observation.py --source scripts/ci/worth_ui_ledger_phase_five_portfolio.py --source scripts/ci/worth_ui_ledger_portfolio_row.py --source scripts/ci/worth_ui_ledger_row_evidence.py --source scripts/ci/worth_ui_ledger_verifier_rebinding.py --source workspaces/worth-ui/crates/worth-ui-certification/tests/milestone_3141_phase1_ledger/dependency_row.rs --source workspaces/worth-ui/crates/worth-ui-certification/tests/milestone_3141_phase1_ledger/execution_posture.rs --source workspaces/worth-ui/crates/worth-ui-certification/tests/milestone_3141_phase1_ledger/result_artifact_cost.rs --source workspaces/worth-ui/crates/worth-ui-certification/tests/milestone_3141_phase1_ledger/result_artifact_gate_d_pin.rs --source workspaces/worth-ui/crates/worth-ui-certification/tests/milestone_3141_phase1_ledger/result_artifact_gate_d_pin_tests.rs --source workspaces/worth-ui/crates/worth-ui-certification/tests/milestone_3141_phase1_ledger/runner_artifact_authentication.rs --source workspaces/worth-ui/crates/worth-ui-certification/tests/milestone_3141_phase1_ledger/supporting_world_artifact.rs --source workspaces/worth-ui/crates/worth-ui-host-contract/src/lib.rs --source workspaces/worth-ui/crates/worth-ui-host-contract/src/mounted_frame/mod.rs --source workspaces/worth-ui/crates/worth-ui-host-contract/src/mounted_frame/surface_stop.rs --source workspaces/worth-ui/crates/worth-ui-host-contract/src/operational_adapter.rs --source workspaces/worth-ui/crates/worth-ui-host-native/src/native/event_loop/cleanup.rs --source workspaces/worth-ui/crates/worth-ui-host-native/src/native/event_loop/contract.rs --source workspaces/worth-ui/crates/worth-ui-host-native/src/native/event_loop.rs --source workspaces/worth-ui/crates/worth-ui-host-native/src/native/event_loop/finish.rs --source workspaces/worth-ui/crates/worth-ui-host-native/src/native/event_loop/physical_clock.rs --source workspaces/worth-ui/crates/worth-ui-host-native/src/native/event_loop/physical_progression.rs --source workspaces/worth-ui/crates/worth-ui-host-native/src/native/event_loop/run.rs --source workspaces/worth-ui/crates/worth-ui-host-native/src/native/event_loop/terminal_cleanup.rs --source workspaces/worth-ui/crates/worth-ui-host-native/src/native/event_loop/thread_posture.rs --source workspaces/worth-ui/crates/worth-ui-host-native/src/native/event_loop/window_port.rs --source workspaces/worth-ui/crates/worth-ui-host-native/src/native/graphics.rs --source workspaces/worth-ui/crates/worth-ui-host-native/src/native/graphics/ownership.rs --source workspaces/worth-ui/crates/worth-ui-host-native/src/native/graphics/port.rs --source workspaces/worth-ui/crates/worth-ui-host-native/src/lib.rs --source workspaces/worth-ui/crates/worth-ui-host-native/src/native/mod.rs --source workspaces/worth-ui/crates/worth-ui-host-native/src/prepared_host.rs --source workspaces/worth-ui/crates/worth-ui-runtime/src/certification_support/mod.rs --source workspaces/worth-ui/crates/worth-ui-runtime/src/certification_support/presentation_mechanics.rs --source workspaces/worth-ui/crates/worth-ui-runtime/src/certification_support/semantic_text_projection.rs --source workspaces/worth-ui/crates/worth-ui-runtime/src/lib.rs --source workspaces/worth-ui/crates/worth-ui-runtime/src/facade/host_session_authority.rs --source workspaces/worth-ui/crates/worth-ui-runtime/src/facade/prepared_application_authority/mod.rs --source workspaces/worth-ui/crates/worth-ui-runtime/src/facade/prepared_application_authority/host_session_plan.rs --source workspaces/worth-ui/crates/worth-ui-runtime/src/host/adapter/mod.rs --source workspaces/worth-ui/crates/worth-ui-runtime/src/host/adapter/operational_contract.rs --source workspaces/worth-ui/crates/worth-ui-runtime/src/host/adapter/session_authority.rs --source workspaces/worth-ui/crates/worth-ui-runtime/src/native_platform/mod.rs --source workspaces/worth-ui/crates/worth-ui-runtime/src/native_platform/platform.rs --source workspaces/worth-ui/crates/worth-ui-runtime/src/native_platform/application_driver.rs --source workspaces/worth-ui/crates/worth-ui-runtime/src/native_platform/native_platform_binding.rs --source workspaces/worth-ui/crates/worth-ui-runtime/src/native_platform/authorized_native_host.rs --source workspaces/worth-ui/crates/worth-ui-runtime/src/native_platform/outcome.rs --source workspaces/worth-ui/crates/worth-ui-runtime/src/native_platform/text_presentation/mounted_coordinator.rs --source workspaces/worth-ui/crates/worth-ui-runtime/src/mounting/qualified_text_test_support.rs --source workspaces/worth-ui/apps/platform-pulse/src/main.rs --source workspaces/worth-ui/apps/platform-pulse/src/native_gate_d_application.rs --source workspaces/worth-ui/apps/platform-pulse/Cargo.toml --source workspaces/worth-ui/crates/worth-ui/src/facade/certification.rs --source workspaces/worth-ui/crates/worth-ui/src/facade/mod.rs --source workspaces/worth-ui/crates/worth-ui/src/lib.rs --source workspaces/worth-ui/apps/platform-pulse/tests/executable_world/courtroom/native_gate_d_pin.rs --source workspaces/worth-ui/apps/platform-pulse/tests/executable_world/product_process/kill_on_close_job.rs --source workspaces/worth-ui/apps/platform-pulse/tests/executable_world/product_process/launch.rs --source workspaces/worth-ui/apps/platform-pulse/tests/executable_world/product_process/mod.rs --source workspaces/worth-ui/apps/platform-pulse/tests/executable_world/product_process/native_desktop_lease.rs --source workspaces/worth-ui/apps/platform-pulse/tests/executable_world/product_process/output_capture.rs --source workspaces/worth-ui/apps/platform-pulse/tests/executable_world/product_process/shutdown.rs --source plans/worth-ui/milestone-3.14.1-evidence/p5-atlas-01.json --artifact plans/worth-ui/milestone-3.14.1-evidence/p5-atlas-pinning-01.json,0,not-run,plans/worth-ui/milestone-3.14.1-evidence/p5-atlas-pinning-01.json,not-bound,not-bound,not-bound,not-bound,workspaces/worth-ui/crates/worth-ui-host-native/src/native/physical_work_signal/mod.rs;workspaces/worth-ui/crates/worth-ui-host-native/src/native/physical_work_signal/completion_reconciliation.rs;workspaces/worth-ui/crates/worth-ui-host-native/src/native/physical_work_signal/construction.rs;workspaces/worth-ui/crates/worth-ui-host-native/src/native/physical_work_signal/counters.rs;workspaces/worth-ui/crates/worth-ui-host-native/src/native/physical_work_signal/declarations/mod.rs;workspaces/worth-ui/crates/worth-ui-host-native/src/native/physical_work_signal/declarations/aspects.rs;workspaces/worth-ui/crates/worth-ui-host-native/src/native/physical_work_signal/declarations/resources.rs;workspaces/worth-ui/crates/worth-ui-host-native/src/native/physical_work_signal/identity.rs;workspaces/worth-ui/crates/worth-ui-host-native/src/native/physical_work_signal/lifecycle_observation.rs;workspaces/worth-ui/crates/worth-ui-host-native/src/native/physical_work_signal/locality.rs;workspaces/worth-ui/crates/worth-ui-host-native/src/native/physical_work_signal/observation.rs;workspaces/worth-ui/crates/worth-ui-host-native/src/native/physical_work_signal/readiness_handoff.rs;workspaces/worth-ui/crates/worth-ui-host-native/src/native/physical_work_signal/routing/mod.rs;workspaces/worth-ui/crates/worth-ui-host-native/src/native/physical_work_signal/routing/progression.rs;workspaces/worth-ui/crates/worth-ui-host-native/src/native/physical_work_signal/routing/request.rs;workspaces/worth-ui/crates/worth-ui-host-native/src/native/physical_work_signal/routing/external_observation.rs;workspaces/worth-ui/crates/worth-ui-host-native/src/native/physical_work_signal/shutdown.rs;workspaces/worth-ui/crates/worth-ui-host-native/src/native/physical_work_signal/temporal_progression.rs;workspaces/worth-ui/crates/worth-ui-host-native/src/native/physical_work_signal/transition_observation.rs;workspaces/worth-ui/crates/worth-ui-host-native/src/native/physical_work_signal/wake_delivery.rs;workspaces/worth-ui/crates/worth-ui-host-native/src/native/physical_work_signal/worker.rs;workspaces/worth-ui/crates/worth-ui-host-native/src/native/physical_work_signal/worker_graph.rs;workspaces/worth-ui/crates/worth-ui-host-native/src/native/physical_work_signal/tests.rs;workspaces/worth-ui/crates/worth-ui-host-native/src/native/physical_work_signal/tests/request_locality.rs;scripts/ci/worth_ui_3141_case_contracts.py;scripts/ci/worth_ui_3141_p5_case_contracts.py;workspaces/worth-ui/crates/worth-ui-certification/tests/milestone_3141_phase1_ledger/phase_five_case_contract.rs;workspaces/worth-ui/crates/worth-ui-certification/tests/milestone_3141_phase1_ledger/result_artifact.rs;workspaces/worth-ui/crates/worth-ui-host-native/src/native/host_state.rs;workspaces/worth-ui/crates/worth-ui-host-native/src/native/host_state/text_atlas_commit.rs;workspaces/worth-ui/crates/worth-ui-host-native/src/native/host_state/text_atlas_lifecycle.rs;workspaces/worth-ui/crates/worth-ui-host-native/src/native/mechanics_adapter.rs;workspaces/worth-ui/crates/worth-ui-host-native/src/native/readiness.rs;workspaces/worth-ui/crates/worth-ui-host-native/src/native/resource_census.rs;workspaces/worth-ui/crates/worth-ui-host-native/src/native/resource_ownership.rs;workspaces/worth-ui/crates/worth-ui-host-native/src/native/resource_registry.rs;workspaces/worth-ui/crates/worth-ui-host-native/src/native/mechanics_adapter/text_atlas.rs;workspaces/worth-ui/crates/worth-ui-host-native/src/native/mechanics_adapter/text_atlas_admission.rs;workspaces/worth-ui/crates/worth-ui-host-native/src/native/mechanics_adapter/text_atlas_gate_d_evidence.rs;workspaces/worth-ui/crates/worth-ui-host-native/src/native/mechanics_adapter/text_atlas_dx12_upload_port.rs;workspaces/worth-ui/crates/worth-ui-host-native/src/native/mechanics_adapter/text_atlas_retry_correlation_tests.rs;workspaces/worth-ui/crates/worth-ui-host-native/src/native/mechanics_adapter/text_atlas_rasterization.rs;workspaces/worth-ui/crates/worth-ui-host-native/src/native/mechanics_adapter/text_atlas_settlement.rs;workspaces/worth-ui/crates/worth-ui-host-native/src/native/mechanics_adapter/text_atlas_transaction.rs;workspaces/worth-ui/crates/worth-ui-host-native/src/native/mechanics_adapter/text_atlas_upload.rs;workspaces/worth-ui/crates/worth-ui-host-native/src/native/mechanics_adapter/text_atlas_physical_ownership.rs;workspaces/worth-ui/crates/worth-ui-host-native/src/native/mechanics_adapter/text_atlas_upload_tests.rs;workspaces/worth-ui/crates/worth-ui-host-native/src/native/mechanics_adapter/text_atlas_upload_sink.rs;workspaces/worth-ui/crates/worth-ui-host-native/src/native/mechanics_adapter/text_atlas_signal_failure_tests.rs;workspaces/worth-ui/crates/worth-ui-host-native/src/native/mechanics_adapter/text_atlas_tests.rs;workspaces/worth-ui/crates/worth-ui-host-native/src/native/mechanics_adapter/presentation.rs;workspaces/worth-ui/crates/worth-ui-host-native/src/native/mechanics_adapter/presentation/text_atlas.rs;workspaces/worth-ui/crates/worth-ui-host-native/src/native/mechanics_adapter/presentation/text_atlas_tests.rs;workspaces/worth-ui/crates/worth-ui-host-native/src/native/graphics/adapter_selection.rs;workspaces/worth-ui/crates/worth-ui-host-native/src/native/text_atlas/mod.rs;workspaces/worth-ui/crates/worth-ui-host-native/src/native/text_atlas/admission.rs;workspaces/worth-ui/crates/worth-ui-host-native/src/native/text_atlas/alpha.rs;workspaces/worth-ui/crates/worth-ui-host-native/src/native/text_atlas/boundary_tests.rs;workspaces/worth-ui/crates/worth-ui-host-native/src/native/text_atlas/candidate_store.rs;workspaces/worth-ui/crates/worth-ui-host-native/src/native/text_atlas/capacity.rs;workspaces/worth-ui/crates/worth-ui-host-native/src/native/text_atlas/census.rs;workspaces/worth-ui/crates/worth-ui-host-native/src/native/text_atlas/cleanup.rs;workspaces/worth-ui/crates/worth-ui-host-native/src/native/text_atlas/color.rs;workspaces/worth-ui/crates/worth-ui-host-native/src/native/text_atlas/content_extent_tests.rs;workspaces/worth-ui/crates/worth-ui-host-native/src/native/text_atlas/demand.rs;workspaces/worth-ui/crates/worth-ui-host-native/src/native/text_atlas/demand_admission.rs;workspaces/worth-ui/crates/worth-ui-host-native/src/native/text_atlas/entry.rs;workspaces/worth-ui/crates/worth-ui-host-native/src/native/text_atlas/eviction.rs;workspaces/worth-ui/crates/worth-ui-host-native/src/native/text_atlas/eviction_tests.rs;workspaces/worth-ui/crates/worth-ui-host-native/src/native/text_atlas/gate_d_model_evidence.rs;workspaces/worth-ui/crates/worth-ui-host-native/src/native/text_atlas/in_flight.rs;workspaces/worth-ui/crates/worth-ui-host-native/src/native/text_atlas/key.rs;workspaces/worth-ui/crates/worth-ui-host-native/src/native/text_atlas/model_key.rs;workspaces/worth-ui/crates/worth-ui-host-native/src/native/text_atlas/model_oracle.rs;workspaces/worth-ui/crates/worth-ui-host-native/src/native/text_atlas/model_placement.rs;workspaces/worth-ui/crates/worth-ui-host-native/src/native/text_atlas/model_records.rs;workspaces/worth-ui/crates/worth-ui-host-native/src/native/text_atlas/ownership.rs;workspaces/worth-ui/crates/worth-ui-host-native/src/native/text_atlas/ownership_tests.rs;workspaces/worth-ui/crates/worth-ui-host-native/src/native/text_atlas/pinning.rs;workspaces/worth-ui/crates/worth-ui-host-native/src/native/text_atlas/placement.rs;workspaces/worth-ui/crates/worth-ui-host-native/src/native/text_atlas/placement_model_tests.rs;workspaces/worth-ui/crates/worth-ui-host-native/src/native/text_atlas/pinning_capacity_tests.rs;workspaces/worth-ui/crates/worth-ui-host-native/src/native/text_atlas/planning.rs;workspaces/worth-ui/crates/worth-ui-host-native/src/native/text_atlas/recovery.rs;workspaces/worth-ui/crates/worth-ui-host-native/src/native/text_atlas/recovery_identity_tests.rs;workspaces/worth-ui/crates/worth-ui-host-native/src/native/text_atlas/raster_upload.rs;workspaces/worth-ui/crates/worth-ui-host-native/src/native/text_atlas/settlement.rs;workspaces/worth-ui/crates/worth-ui-host-native/src/native/text_atlas/settling.rs;workspaces/worth-ui/crates/worth-ui-host-native/src/native/text_atlas/test_device_tests.rs;workspaces/worth-ui/crates/worth-ui-host-native/src/native/text_atlas/transaction.rs;workspaces/worth-ui/crates/worth-ui-host-native/src/native/text_atlas/transaction_plan_snapshot.rs;workspaces/worth-ui/crates/worth-ui-host-native/src/native/text_atlas/upload.rs;workspaces/worth-ui/crates/worth-ui-host-native/src/native/text_atlas/upload/correlation.rs;workspaces/worth-ui/crates/worth-ui-host-native/src/native/text_atlas/upload_batch.rs;workspaces/worth-ui/crates/worth-ui-host-native/src/native/text_atlas/upload_staging.rs;workspaces/worth-ui/crates/worth-ui-runtime/src/mounting/presentation/coordinator.rs;workspaces/worth-ui/crates/worth-ui-runtime/src/mounting/presentation/coordinator/semantic_text_raster.rs;workspaces/worth-ui/crates/worth-ui-runtime/src/mounting/presentation/coordinator/text_pins.rs;workspaces/worth-ui/crates/worth-ui-runtime/src/mounting/presentation/coordinator/text_pins_tests.rs;workspaces/worth-ui/crates/worth-ui-runtime/src/native_platform/text_presentation/mod.rs;workspaces/worth-ui/crates/worth-ui-runtime/src/native_platform/text_presentation/preparation.rs;workspaces/worth-ui/crates/worth-ui-runtime/src/native_platform/text_presentation/preparation/demand_join.rs;workspaces/worth-ui/crates/worth-ui-runtime/src/native_platform/text_presentation/preparation/mounted_work.rs;workspaces/worth-ui/crates/worth-ui-runtime/src/native_platform/text_presentation/rasterization.rs;workspaces/worth-ui/crates/worth-ui-runtime/src/native_platform/text_presentation/recovery.rs;workspaces/worth-ui/crates/worth-ui-runtime/src/native_platform/text_presentation/transaction.rs;workspaces/worth-ui/crates/worth-ui-host-contract/src/qualified_text/raster_key.rs;workspaces/worth-ui/crates/worth-ui-host-contract/src/qualified_text/raster_batch_view.rs;workspaces/worth-ui/crates/worth-ui-host-contract/src/qualified_text/raster_transaction.rs;scripts/ci/test_worth_ui_phase5_portfolio_dependency.py;scripts/ci/worth_ui_3141_supporting_world.py;scripts/ci/worth_ui_3141_p5_contracts.py;scripts/ci/worth_ui_ledger_dependency.py;scripts/ci/worth_ui_ledger_hostile_control_evidence.py;scripts/ci/worth_ui_ledger_observation.py;scripts/ci/worth_ui_ledger_phase_five_portfolio.py;scripts/ci/worth_ui_ledger_portfolio_row.py;scripts/ci/worth_ui_ledger_row_evidence.py;scripts/ci/worth_ui_ledger_verifier_rebinding.py;workspaces/worth-ui/crates/worth-ui-certification/tests/milestone_3141_phase1_ledger/dependency_row.rs;workspaces/worth-ui/crates/worth-ui-certification/tests/milestone_3141_phase1_ledger/execution_posture.rs;workspaces/worth-ui/crates/worth-ui-certification/tests/milestone_3141_phase1_ledger/result_artifact_cost.rs;workspaces/worth-ui/crates/worth-ui-certification/tests/milestone_3141_phase1_ledger/result_artifact_gate_d_pin.rs;workspaces/worth-ui/crates/worth-ui-certification/tests/milestone_3141_phase1_ledger/result_artifact_gate_d_pin_tests.rs;workspaces/worth-ui/crates/worth-ui-certification/tests/milestone_3141_phase1_ledger/runner_artifact_authentication.rs;workspaces/worth-ui/crates/worth-ui-certification/tests/milestone_3141_phase1_ledger/supporting_world_artifact.rs;workspaces/worth-ui/crates/worth-ui-host-contract/src/lib.rs;workspaces/worth-ui/crates/worth-ui-host-contract/src/mounted_frame/mod.rs;workspaces/worth-ui/crates/worth-ui-host-contract/src/mounted_frame/surface_stop.rs;workspaces/worth-ui/crates/worth-ui-host-contract/src/operational_adapter.rs;workspaces/worth-ui/crates/worth-ui-host-native/src/native/event_loop/cleanup.rs;workspaces/worth-ui/crates/worth-ui-host-native/src/native/event_loop/contract.rs;workspaces/worth-ui/crates/worth-ui-host-native/src/native/event_loop.rs;workspaces/worth-ui/crates/worth-ui-host-native/src/native/event_loop/finish.rs;workspaces/worth-ui/crates/worth-ui-host-native/src/native/event_loop/physical_clock.rs;workspaces/worth-ui/crates/worth-ui-host-native/src/native/event_loop/physical_progression.rs;workspaces/worth-ui/crates/worth-ui-host-native/src/native/event_loop/run.rs;workspaces/worth-ui/crates/worth-ui-host-native/src/native/event_loop/terminal_cleanup.rs;workspaces/worth-ui/crates/worth-ui-host-native/src/native/event_loop/thread_posture.rs;workspaces/worth-ui/crates/worth-ui-host-native/src/native/event_loop/window_port.rs;workspaces/worth-ui/crates/worth-ui-host-native/src/native/graphics.rs;workspaces/worth-ui/crates/worth-ui-host-native/src/native/graphics/ownership.rs;workspaces/worth-ui/crates/worth-ui-host-native/src/native/graphics/port.rs;workspaces/worth-ui/crates/worth-ui-host-native/src/lib.rs;workspaces/worth-ui/crates/worth-ui-host-native/src/native/mod.rs;workspaces/worth-ui/crates/worth-ui-host-native/src/prepared_host.rs;workspaces/worth-ui/crates/worth-ui-runtime/src/certification_support/mod.rs;workspaces/worth-ui/crates/worth-ui-runtime/src/certification_support/presentation_mechanics.rs;workspaces/worth-ui/crates/worth-ui-runtime/src/certification_support/semantic_text_projection.rs;workspaces/worth-ui/crates/worth-ui-runtime/src/lib.rs;workspaces/worth-ui/crates/worth-ui-runtime/src/facade/host_session_authority.rs;workspaces/worth-ui/crates/worth-ui-runtime/src/facade/prepared_application_authority/mod.rs;workspaces/worth-ui/crates/worth-ui-runtime/src/facade/prepared_application_authority/host_session_plan.rs;workspaces/worth-ui/crates/worth-ui-runtime/src/host/adapter/mod.rs;workspaces/worth-ui/crates/worth-ui-runtime/src/host/adapter/operational_contract.rs;workspaces/worth-ui/crates/worth-ui-runtime/src/host/adapter/session_authority.rs;workspaces/worth-ui/crates/worth-ui-runtime/src/native_platform/mod.rs;workspaces/worth-ui/crates/worth-ui-runtime/src/native_platform/platform.rs;workspaces/worth-ui/crates/worth-ui-runtime/src/native_platform/application_driver.rs;workspaces/worth-ui/crates/worth-ui-runtime/src/native_platform/native_platform_binding.rs;workspaces/worth-ui/crates/worth-ui-runtime/src/native_platform/authorized_native_host.rs;workspaces/worth-ui/crates/worth-ui-runtime/src/native_platform/outcome.rs;workspaces/worth-ui/crates/worth-ui-runtime/src/native_platform/text_presentation/mounted_coordinator.rs;workspaces/worth-ui/crates/worth-ui-runtime/src/mounting/qualified_text_test_support.rs;workspaces/worth-ui/apps/platform-pulse/src/main.rs;workspaces/worth-ui/apps/platform-pulse/src/native_gate_d_application.rs;workspaces/worth-ui/apps/platform-pulse/Cargo.toml;workspaces/worth-ui/crates/worth-ui/src/facade/certification.rs;workspaces/worth-ui/crates/worth-ui/src/facade/mod.rs;workspaces/worth-ui/crates/worth-ui/src/lib.rs;workspaces/worth-ui/apps/platform-pulse/tests/executable_world/courtroom/native_gate_d_pin.rs;workspaces/worth-ui/apps/platform-pulse/tests/executable_world/product_process/kill_on_close_job.rs;workspaces/worth-ui/apps/platform-pulse/tests/executable_world/product_process/launch.rs;workspaces/worth-ui/apps/platform-pulse/tests/executable_world/product_process/mod.rs;workspaces/worth-ui/apps/platform-pulse/tests/executable_world/product_process/native_desktop_lease.rs;workspaces/worth-ui/apps/platform-pulse/tests/executable_world/product_process/output_capture.rs;workspaces/worth-ui/apps/platform-pulse/tests/executable_world/product_process/shutdown.rs;plans/worth-ui/milestone-3.14.1-evidence/p5-atlas-01.json,worth-ui-global-text-v2,cec6005c5baef6d69ada9c30c02ced25b0f253f80c012784fe925e307935c3f2,worth-ui-windows-dx12-v1,1c937a22f42660267480a055e48256b25decf0c4cd5d4d7b493e5df034c6c65b,harfrust=0.12.0;harfrust-features=std;read-fonts=0.41.0;read-fonts-features=std+experimental_traverse;icu-segmenter=2.2.0;skrifa=0.44.0;skrifa-features=std;kurbo=0.13.1;kurbo-features=default+serde+std;linesweeper=0.4.0;linesweeper-features=none;icu-segmenter-features=compiled_data+auto;unicode-bidi=0.3.18;unicode-bidi-features=std;unicode-segmentation=1.13.3;protocol=5;text-profile=worth-ui-global-text-v2;qualification=closed,pinned-layouts=3,not-applicable,not-applicable,OPEN,supersedes:85d24e2e0f5b55c6b784ebbd508191de6999061fe7f10d51d94e1fa443d20b0b,false,not-bound
5,P5-TEXT-DPI-01,worth-ui-text,pure DPI raster replacement without relayout,qualified-text-world,1,dpi-replacement,worth-ui-ledger-evidence-v3,9b1a3d871bbe804a1fd79ad8bd6576849c006a744d694f609ebe8d2b0c7591d4,stale-dpi-raster,not-applicable,worth_ui_text::raster::dpi,workspaces/worth-ui/crates/worth-ui-text/src/raster/demand/derivation.rs::derive_glyph_raster_demand,workspaces/worth-ui/crates/worth-ui-text/src/phase5_ledger_evidence.rs::pure_dpi_replaces_raster_identity_without_relayout,family=dpi-reuse;case=stale-dpi-raster,before-effects,plans/worth-ui/milestone-3.14.1-evidence/p5-text-dpi-01.json,not-applicable,main-tests=1;hostile-controls=1;product-processes=0;compile-sessions=0;courtroom-worlds=0,executed-tests=2;presentations=0,python scripts/ci/run_worth_ui_ledger_test.py --manifest-path workspaces/worth-ui/Cargo.toml --package worth-ui-text --lib --test-name phase5_ledger_evidence::pure_dpi_replaces_raster_identity_without_relayout --control-package worth-ui-text --control-lib --control-test-name phase5_ledger_evidence::stale_dpi_raster_is_rejected_by_complete_successor_keys --requirement P5-TEXT-DPI-01 --source workspaces/worth-ui/crates/worth-ui-text/src/raster/demand.rs --source workspaces/worth-ui/crates/worth-ui-text/src/raster/demand/derivation.rs --source workspaces/worth-ui/crates/worth-ui-text/src/raster/demand_candidate.rs --source workspaces/worth-ui/crates/worth-ui-text/src/raster/demand_identity.rs --source workspaces/worth-ui/crates/worth-ui-text/src/raster/demand_identity_tests.rs --source workspaces/worth-ui/crates/worth-ui-text/src/phase5_ledger_evidence.rs --artifact plans/worth-ui/milestone-3.14.1-evidence/p5-text-dpi-01.json,0,not-run,plans/worth-ui/milestone-3.14.1-evidence/p5-text-dpi-01.json,not-bound,not-bound,not-bound,not-bound,workspaces/worth-ui/crates/worth-ui-text/src/raster/demand.rs;workspaces/worth-ui/crates/worth-ui-text/src/raster/demand/derivation.rs;workspaces/worth-ui/crates/worth-ui-text/src/raster/demand_candidate.rs;workspaces/worth-ui/crates/worth-ui-text/src/raster/demand_identity.rs;workspaces/worth-ui/crates/worth-ui-text/src/raster/demand_identity_tests.rs;workspaces/worth-ui/crates/worth-ui-text/src/phase5_ledger_evidence.rs,worth-ui-global-text-v2,cec6005c5baef6d69ada9c30c02ced25b0f253f80c012784fe925e307935c3f2,worth-ui-windows-dx12-v1,1c937a22f42660267480a055e48256b25decf0c4cd5d4d7b493e5df034c6c65b,harfrust=0.12.0;harfrust-features=std;read-fonts=0.41.0;read-fonts-features=std+experimental_traverse;icu-segmenter=2.2.0;skrifa=0.44.0;skrifa-features=std;kurbo=0.13.1;kurbo-features=default+serde+std;linesweeper=0.4.0;linesweeper-features=none;icu-segmenter-features=compiled_data+auto;unicode-bidi=0.3.18;unicode-bidi-features=std;unicode-segmentation=1.13.3;protocol=5;text-profile=worth-ui-global-text-v2;qualification=closed,dpi-replacements=1,not-applicable,not-applicable,OPEN,supersedes:e5845abe0a315c52a08dcbd564a5cf9fe950c81d9c781d7bcecb8b977de71a4c,false,not-bound
5,P5-TEXT-SPAN-PAINT-01,worth-ui-runtime,paint-span identity and logical foreground RGBA,qualified-text-world,1,paint-span-oracle,worth-ui-ledger-evidence-v3,9892ab5290670869c47e2c93cc8b2c392f2c30e7a47589c1433952eec70f4c1f,single-color-or-visual-order-or-layout-regen,not-applicable,worth_ui_runtime::mounting::text_paint,workspaces/worth-ui/crates/worth-ui-runtime/src/native_platform/text_presentation/preparation/demand_join.rs::prepare_demands,workspaces/worth-ui/crates/worth-ui-runtime/src/native_platform/text_presentation/preparation_tests.rs::mixed_bidi_native_runs_keep_logical_paint_ownership,family=paint-span;case=single-color-or-visual-order-or-layout-regen,before-effects,plans/worth-ui/milestone-3.14.1-evidence/p5-text-span-paint-01.json,not-applicable,main-tests=1;hostile-controls=1;product-processes=0;compile-sessions=0;courtroom-worlds=0,executed-tests=2;presentations=0,python scripts/ci/run_worth_ui_ledger_test.py --manifest-path workspaces/worth-ui/Cargo.toml --package worth-ui-runtime --lib --test-name native_platform::text_presentation::preparation::tests::mixed_bidi_native_runs_keep_logical_paint_ownership --control-package worth-ui-runtime --control-lib --control-test-name native_platform::text_presentation::preparation::tests::single_color_and_logical_order_mutants_disagree_with_native_runs --requirement P5-TEXT-SPAN-PAINT-01 --source workspaces/worth-ui/crates/worth-ui-runtime/src/mounting/projection/frame_storage/mechanic_source.rs --source workspaces/worth-ui/crates/worth-ui-runtime/src/mounting/projection/frame_storage/mechanic_source_tests.rs --source workspaces/worth-ui/crates/worth-ui-runtime/src/mounting/projection/frame_storage/semantic_mechanics/paint_only.rs --source workspaces/worth-ui/crates/worth-ui-runtime/src/native_platform/text_presentation/preparation.rs --source workspaces/worth-ui/crates/worth-ui-runtime/src/native_platform/text_presentation/preparation/demand_join.rs --source workspaces/worth-ui/crates/worth-ui-runtime/src/native_platform/text_presentation/preparation/mounted_work.rs --source workspaces/worth-ui/crates/worth-ui-runtime/src/native_platform/text_presentation/preparation_tests.rs --source workspaces/worth-ui/crates/worth-ui-text/src/raster/demand.rs --source workspaces/worth-ui/crates/worth-ui-text/src/raster/demand/derivation.rs --source workspaces/worth-ui/crates/worth-ui-text/src/raster/demand_candidate.rs --source workspaces/worth-ui/crates/worth-ui-host-contract/src/qualified_text/glyph_run_view.rs --artifact plans/worth-ui/milestone-3.14.1-evidence/p5-text-span-paint-01.json,0,not-run,plans/worth-ui/milestone-3.14.1-evidence/p5-text-span-paint-01.json,not-bound,not-bound,not-bound,not-bound,workspaces/worth-ui/crates/worth-ui-runtime/src/mounting/projection/frame_storage/mechanic_source.rs;workspaces/worth-ui/crates/worth-ui-runtime/src/mounting/projection/frame_storage/mechanic_source_tests.rs;workspaces/worth-ui/crates/worth-ui-runtime/src/mounting/projection/frame_storage/semantic_mechanics/paint_only.rs;workspaces/worth-ui/crates/worth-ui-runtime/src/native_platform/text_presentation/preparation.rs;workspaces/worth-ui/crates/worth-ui-runtime/src/native_platform/text_presentation/preparation/demand_join.rs;workspaces/worth-ui/crates/worth-ui-runtime/src/native_platform/text_presentation/preparation/mounted_work.rs;workspaces/worth-ui/crates/worth-ui-runtime/src/native_platform/text_presentation/preparation_tests.rs;workspaces/worth-ui/crates/worth-ui-text/src/raster/demand.rs;workspaces/worth-ui/crates/worth-ui-text/src/raster/demand/derivation.rs;workspaces/worth-ui/crates/worth-ui-text/src/raster/demand_candidate.rs;workspaces/worth-ui/crates/worth-ui-host-contract/src/qualified_text/glyph_run_view.rs,worth-ui-global-text-v2,cec6005c5baef6d69ada9c30c02ced25b0f253f80c012784fe925e307935c3f2,worth-ui-windows-dx12-v1,1c937a22f42660267480a055e48256b25decf0c4cd5d4d7b493e5df034c6c65b,harfrust=0.12.0;harfrust-features=std;read-fonts=0.41.0;read-fonts-features=std+experimental_traverse;icu-segmenter=2.2.0;skrifa=0.44.0;skrifa-features=std;kurbo=0.13.1;kurbo-features=default+serde+std;linesweeper=0.4.0;linesweeper-features=none;icu-segmenter-features=compiled_data+auto;unicode-bidi=0.3.18;unicode-bidi-features=std;unicode-segmentation=1.13.3;protocol=5;text-profile=worth-ui-global-text-v2;qualification=closed,paint-spans=2,not-applicable,not-applicable,OPEN,supersedes:efb6b50116a64ad67196379f2006784b4ebef22b6d4505fe4b1e4ea545fd5f87,false,not-bound
5,P5-TEXT-PIXELS-01,worth-ui-host-native,native and headless paint-span pixel identity,qualified-text-world,1,pixel-identity,worth-ui-ledger-evidence-v3,97405a2e39f4744e562641f4fa6300291c0a4f5de4802738e967129bfc887cf7,transcript-pixel-mismatch,not-applicable,worth_ui_host_native::presentation::text,workspaces/worth-ui/crates/worth-ui-host-native/src/native/presentation/port/transaction.rs::present,workspaces/worth-ui/apps/platform-pulse/tests/executable_world/courtroom/native_phase_f.rs::query_async_reconstruction_joins_exact_transitions_to_external_pixels_and_cleanup,family=pixel-identity;case=transcript-pixel-mismatch,not-applicable,plans/worth-ui/milestone-3.14.1-evidence/p5-text-pixels-01.json,not-applicable,main-tests=1;hostile-controls=1;product-processes=1;compile-sessions=0;courtroom-worlds=1,executed-tests=2;presentations=3,python scripts/ci/run_worth_ui_ledger_test.py --manifest-path workspaces/worth-ui/Cargo.toml --package worth-ui-platform-pulse --test executable_world --features executable-world --test-name courtroom::native_phase_f::query_async_reconstruction_joins_exact_transitions_to_external_pixels_and_cleanup --control-package worth-ui-platform-pulse --control-test executable_world --control-features executable-world --control-test-name courtroom::native_phase_f::pixels::compositor_edges_and_unrelated_bright_pixels_cannot_satisfy_the_authored_text_oracle --requirement P5-TEXT-PIXELS-01 --source workspaces/worth-ui/apps/platform-pulse/Cargo.toml --source workspaces/worth-ui/apps/platform-pulse/src/main.rs --source workspaces/worth-ui/apps/platform-pulse/src/native_phase_f_application.rs --source workspaces/worth-ui/apps/platform-pulse/src/native_phase_f_evidence.rs --source workspaces/worth-ui/apps/platform-pulse/src/native_phase_f_world.rs --source workspaces/worth-ui/apps/platform-pulse/src/native_phase_f_world_evidence.rs --source workspaces/worth-ui/apps/platform-pulse/src/native_phase_f_cancellation_world.rs --source workspaces/worth-ui/apps/platform-pulse/src/query_source/installation.rs --source workspaces/worth-ui/apps/platform-pulse/tests/executable_world/courtroom/native_phase_f.rs --source workspaces/worth-ui/apps/platform-pulse/tests/executable_world/courtroom/native_phase_f/authored_pixel_contract.rs --source workspaces/worth-ui/apps/platform-pulse/tests/executable_world/courtroom/native_phase_f/pixels.rs --source workspaces/worth-ui/apps/platform-pulse/tests/executable_world/courtroom/native_phase_f/lineage.rs --source workspaces/worth-ui/apps/platform-pulse/tests/executable_world/courtroom/native_phase_f/retained_paint.rs --source workspaces/worth-ui/apps/platform-pulse/tests/executable_world/courtroom/native_phase_f/physical_trace.rs --source workspaces/worth-ui/apps/platform-pulse/tests/executable_world/native_platform/contract.rs --source workspaces/worth-ui/apps/platform-pulse/tests/executable_world/native_platform/windows.rs --source workspaces/worth-ui/apps/platform-pulse/tests/executable_world/native_platform/windows/observation_readiness.rs --source workspaces/worth-ui/apps/platform-pulse/tests/executable_world/product_process/launch.rs --source workspaces/worth-ui/apps/platform-pulse/tests/executable_world/product_process/output_capture.rs --source workspaces/worth-ui/crates/worth-ui-host-native/src/native/presentation/port/transaction.rs --source workspaces/worth-ui/crates/worth-ui-host-native/src/native/presentation/pending_wgpu_readback.rs --source workspaces/worth-ui/crates/worth-ui-host-native/src/native/presentation/qualified_external_obligation.rs --source workspaces/worth-ui/crates/worth-ui-host-native/src/native/presentation.rs --source workspaces/worth-ui/crates/worth-ui-host-native/src/native/presentation/glyph_observation.rs --source workspaces/worth-ui/crates/worth-ui-host-native/src/native/presentation/pending_settlement.rs --source workspaces/worth-ui/crates/worth-ui-host-native/src/native/presentation/retained_draw_list.rs --source workspaces/worth-ui/crates/worth-ui-host-native/src/native/mechanics_adapter/presentation.rs --source workspaces/worth-ui/crates/worth-ui-host-native/src/native/mechanics_adapter/presentation/retained_frame.rs --source workspaces/worth-ui/crates/worth-ui-host-native/src/native/observation.rs --source workspaces/worth-ui/crates/worth-ui-host-native/src/native/mod.rs --source workspaces/worth-ui/crates/worth-ui-host-native/src/native/host_state.rs --source workspaces/worth-ui/crates/worth-ui-host-native/src/native/event_loop/finish.rs --source workspaces/worth-ui/crates/worth-ui-host-native/src/native/event_loop/run.rs --source workspaces/worth-ui/crates/worth-ui-host-native/src/native/event_loop/thread_posture.rs --source workspaces/worth-ui/crates/worth-ui-host-native/src/lib.rs --source workspaces/worth-ui/crates/worth-ui-host-native/src/qualification.rs --source workspaces/worth-ui/crates/worth-ui-host-native/src/prepared_host.rs --source workspaces/worth-ui/crates/worth-ui-host-native/src/native/host_state/qualification.rs --source workspaces/worth-ui/crates/worth-ui-host-native/src/native/host_state/presentation_lifecycle.rs --source workspaces/worth-ui/crates/worth-ui-host-native/src/native/event_loop/physical_progression.rs --source workspaces/worth-ui/crates/worth-ui-host-native/src/native/event_loop/contract/client_shutdown.rs --source workspaces/worth-ui/crates/worth-ui-host-native/src/native/event_loop/contract/client_shutdown/text_presentation_work.rs --source workspaces/worth-ui/crates/worth-ui-host-native/src/native/resource_census.rs --source workspaces/worth-ui/crates/worth-ui-runtime/src/mounting/presentation/coordinator/pending_completion.rs --source workspaces/worth-ui/crates/worth-ui-runtime/src/mounting/presentation/coordinator/presentation_attempt.rs --source workspaces/worth-ui/crates/worth-ui-runtime/src/facade/entry/native_application_program.rs --source workspaces/worth-ui/crates/worth-ui-runtime/src/native_platform/application_driver/program_progress.rs --source workspaces/worth-ui/crates/worth-ui-runtime/src/facade/entry/native_application_shell.rs --source workspaces/worth-ui/crates/worth-ui-runtime/src/native_platform/application_driver/program_progress/physical_progress.rs --source workspaces/worth-ui/crates/worth-ui-runtime/src/native_platform/application_driver/shutdown_observation.rs --source workspaces/worth-ui/crates/worth-ui-runtime/src/native_platform/outcome.rs --source workspaces/worth-ui/crates/worth-ui-runtime/src/native_platform/mod.rs --source workspaces/worth-ui/crates/worth-ui-runtime/src/native_platform/text_presentation/work_observation.rs --source workspaces/worth-ui/crates/worth-ui-runtime/src/native_platform/text_presentation/work_observation/transcript.rs --source workspaces/worth-ui/crates/worth-ui-host-contract/src/qualified_text/glyph_run_view.rs --source workspaces/worth-ui/crates/worth-ui-native-platform/src/lib.rs --source workspaces/worth-ui/crates/worth-ui-query-binding/src/presentation_async/host_owner/settlement.rs --source workspaces/worth-ui/crates/worth-ui-query-binding/src/presentation_async/host_owner/unresolved.rs --source workspaces/worth-ui/crates/worth-ui-host-contract/src/mounted_frame/presentation.rs --source workspaces/worth-ui/crates/worth-ui/src/facade/app.rs --source workspaces/worth-ui/crates/worth-ui/tests/ui/facade/app_journey_pass/mounted_frame_uses_app_surface.rs --source workspaces/worth-ui/crates/worth-ui-host-native/src/native/event_loop.rs --source workspaces/worth-ui/crates/worth-ui-host-native/src/native/event_loop/callback_thread.rs --source workspaces/worth-ui/crates/worth-ui-host-native/src/native/event_loop/close_request.rs --source workspaces/worth-ui/crates/worth-ui-host-native/src/native/event_loop/readiness_progress.rs --source workspaces/worth-ui/crates/worth-ui-host-native/src/native/event_loop/contract.rs --source workspaces/worth-ui/crates/worth-ui-host-native/src/native/event_loop/window_port.rs --source workspaces/worth-ui/crates/worth-ui-host-native/src/native/host_state/presentation_lifecycle/owner_poll.rs --source workspaces/worth-ui/crates/worth-ui-host-native/src/native/host_state/presentation_lifecycle/ready_token.rs --source workspaces/worth-ui/crates/worth-ui-host-native/src/native/host_state/presentation_lifecycle/settlement.rs --source workspaces/worth-ui/crates/worth-ui-host-native/src/native/mechanics_adapter/presentation/pending_completion.rs --source workspaces/worth-ui/crates/worth-ui-host-native/src/native/presentation/port.rs --source workspaces/worth-ui/crates/worth-ui-host-native/src/native/presentation/transaction_state.rs --source workspaces/worth-ui/crates/worth-ui-host-native/src/native/physical_work_signal/completion_reconciliation.rs --source workspaces/worth-ui/crates/worth-ui-host-native/src/native/physical_work_signal/transition_observation.rs --source workspaces/worth-ui/crates/worth-ui-host-native/src/native/physical_work_signal/worker.rs --source workspaces/worth-ui/crates/worth-ui-runtime/src/facade/entry/mounted_frame_execution.rs --source workspaces/worth-ui/crates/worth-ui-runtime/src/runtime/presentation_state.rs --source workspaces/worth-ui/crates/worth-ui-runtime/src/runtime/presentation_state_tests.rs --source workspaces/worth-ui/crates/worth-ui-runtime/src/facade/entry/active_framework_turn/mounted_projection.rs --source workspaces/worth-ui/crates/worth-ui-runtime/src/facade/mounted.rs --source workspaces/worth-ui/crates/worth-ui-runtime/src/mounting/presentation/coordinator.rs --source workspaces/worth-ui/crates/worth-ui-runtime/src/mounting/presentation/coordinator/duplicate_observation.rs --source workspaces/worth-ui/crates/worth-ui-runtime/src/mounting/presentation/coordinator/pending_completion/presented.rs --source workspaces/worth-ui/crates/worth-ui-runtime/src/mounting/presentation/coordinator/presentation_outcome.rs --source workspaces/worth-ui/crates/worth-ui-runtime/src/mounting/presentation/coordinator/presented_semantic_settlement.rs --source workspaces/worth-ui/crates/worth-ui-runtime/src/mounting/presentation/coordinator/settlement.rs --source workspaces/worth-ui/crates/worth-ui-runtime/src/mounting/presentation/coordinator/surface_uncertainty.rs --source workspaces/worth-ui/crates/worth-ui-runtime/src/mounting/presentation/coordinator/presented.rs --source workspaces/worth-ui/crates/worth-ui-runtime/src/mounting/presentation/coordinator/superseding_admission.rs --source workspaces/worth-ui/crates/worth-ui-runtime/src/mounting/presentation/outcome.rs --source workspaces/worth-ui/crates/worth-ui-runtime/src/mounting/presentation/state.rs --source workspaces/worth-ui/crates/worth-ui-runtime/src/mounting/publication.rs --source workspaces/worth-ui/crates/worth-ui-runtime/src/mounting/retention/authority.rs --source workspaces/worth-ui/crates/worth-ui-runtime/src/mounting/retention/budget.rs --source workspaces/worth-ui/crates/worth-ui-runtime/src/mounting/retention/coordinator.rs --source workspaces/worth-ui/crates/worth-ui-runtime/src/mounting/retention/reservation.rs --source workspaces/worth-ui/crates/worth-ui-runtime/src/mounting/retention/successor_admission.rs --source workspaces/worth-ui/crates/worth-ui-runtime/src/mounting/session_state/publication.rs --source workspaces/worth-ui/crates/worth-ui-runtime/src/native_platform/application_driver.rs --source workspaces/worth-ui/crates/worth-ui-runtime/src/native_platform/application_driver/program_progress/physical_progress/pending_completion.rs --source workspaces/worth-ui/crates/worth-ui-runtime/src/native_platform/application_driver/program_progress/physical_progress/recovery_progress.rs --source workspaces/worth-ui/crates/worth-ui-runtime/src/native_platform/application_driver/program_progress/physical_progress/settlement_progress.rs --source workspaces/worth-ui/crates/worth-ui-runtime/src/native_platform/application_driver/program_progress/superseding_pair.rs --source workspaces/worth-ui/crates/worth-ui-runtime/src/native_platform/text_presentation/async_correspondence.rs --source scripts/ci/worth_ui_3141_case_contracts.py --source scripts/ci/worth_ui_3141_p5_case_contracts.py --source workspaces/worth-ui/crates/worth-ui-certification/tests/milestone_3141_phase1_ledger/phase_five_case_contract.rs --source workspaces/worth-ui/crates/worth-ui-certification/tests/milestone_3141_phase1_ledger/result_artifact.rs --artifact plans/worth-ui/milestone-3.14.1-evidence/p5-text-pixels-01.json,0,not-run,plans/worth-ui/milestone-3.14.1-evidence/p5-text-pixels-01.json,not-bound,not-bound,not-bound,not-bound,workspaces/worth-ui/apps/platform-pulse/Cargo.toml;workspaces/worth-ui/apps/platform-pulse/src/main.rs;workspaces/worth-ui/apps/platform-pulse/src/native_phase_f_application.rs;workspaces/worth-ui/apps/platform-pulse/src/native_phase_f_evidence.rs;workspaces/worth-ui/apps/platform-pulse/src/native_phase_f_world.rs;workspaces/worth-ui/apps/platform-pulse/src/native_phase_f_world_evidence.rs;workspaces/worth-ui/apps/platform-pulse/src/native_phase_f_cancellation_world.rs;workspaces/worth-ui/apps/platform-pulse/src/query_source/installation.rs;workspaces/worth-ui/apps/platform-pulse/tests/executable_world/courtroom/native_phase_f.rs;workspaces/worth-ui/apps/platform-pulse/tests/executable_world/courtroom/native_phase_f/authored_pixel_contract.rs;workspaces/worth-ui/apps/platform-pulse/tests/executable_world/courtroom/native_phase_f/pixels.rs;workspaces/worth-ui/apps/platform-pulse/tests/executable_world/courtroom/native_phase_f/lineage.rs;workspaces/worth-ui/apps/platform-pulse/tests/executable_world/courtroom/native_phase_f/retained_paint.rs;workspaces/worth-ui/apps/platform-pulse/tests/executable_world/courtroom/native_phase_f/physical_trace.rs;workspaces/worth-ui/apps/platform-pulse/tests/executable_world/native_platform/contract.rs;workspaces/worth-ui/apps/platform-pulse/tests/executable_world/native_platform/windows.rs;workspaces/worth-ui/apps/platform-pulse/tests/executable_world/native_platform/windows/observation_readiness.rs;workspaces/worth-ui/apps/platform-pulse/tests/executable_world/product_process/launch.rs;workspaces/worth-ui/apps/platform-pulse/tests/executable_world/product_process/output_capture.rs;workspaces/worth-ui/crates/worth-ui-host-native/src/native/presentation/port/transaction.rs;workspaces/worth-ui/crates/worth-ui-host-native/src/native/presentation/pending_wgpu_readback.rs;workspaces/worth-ui/crates/worth-ui-host-native/src/native/presentation/qualified_external_obligation.rs;workspaces/worth-ui/crates/worth-ui-host-native/src/native/presentation.rs;workspaces/worth-ui/crates/worth-ui-host-native/src/native/presentation/glyph_observation.rs;workspaces/worth-ui/crates/worth-ui-host-native/src/native/presentation/pending_settlement.rs;workspaces/worth-ui/crates/worth-ui-host-native/src/native/presentation/retained_draw_list.rs;workspaces/worth-ui/crates/worth-ui-host-native/src/native/mechanics_adapter/presentation.rs;workspaces/worth-ui/crates/worth-ui-host-native/src/native/mechanics_adapter/presentation/retained_frame.rs;workspaces/worth-ui/crates/worth-ui-host-native/src/native/observation.rs;workspaces/worth-ui/crates/worth-ui-host-native/src/native/mod.rs;workspaces/worth-ui/crates/worth-ui-host-native/src/native/host_state.rs;workspaces/worth-ui/crates/worth-ui-host-native/src/native/event_loop/finish.rs;workspaces/worth-ui/crates/worth-ui-host-native/src/native/event_loop/run.rs;workspaces/worth-ui/crates/worth-ui-host-native/src/native/event_loop/thread_posture.rs;workspaces/worth-ui/crates/worth-ui-host-native/src/lib.rs;workspaces/worth-ui/crates/worth-ui-host-native/src/qualification.rs;workspaces/worth-ui/crates/worth-ui-host-native/src/prepared_host.rs;workspaces/worth-ui/crates/worth-ui-host-native/src/native/host_state/qualification.rs;workspaces/worth-ui/crates/worth-ui-host-native/src/native/host_state/presentation_lifecycle.rs;workspaces/worth-ui/crates/worth-ui-host-native/src/native/event_loop/physical_progression.rs;workspaces/worth-ui/crates/worth-ui-host-native/src/native/event_loop/contract/client_shutdown.rs;workspaces/worth-ui/crates/worth-ui-host-native/src/native/event_loop/contract/client_shutdown/text_presentation_work.rs;workspaces/worth-ui/crates/worth-ui-host-native/src/native/resource_census.rs;workspaces/worth-ui/crates/worth-ui-runtime/src/mounting/presentation/coordinator/pending_completion.rs;workspaces/worth-ui/crates/worth-ui-runtime/src/mounting/presentation/coordinator/presentation_attempt.rs;workspaces/worth-ui/crates/worth-ui-runtime/src/facade/entry/native_application_program.rs;workspaces/worth-ui/crates/worth-ui-runtime/src/native_platform/application_driver/program_progress.rs;workspaces/worth-ui/crates/worth-ui-runtime/src/facade/entry/native_application_shell.rs;workspaces/worth-ui/crates/worth-ui-runtime/src/native_platform/application_driver/program_progress/physical_progress.rs;workspaces/worth-ui/crates/worth-ui-runtime/src/native_platform/application_driver/shutdown_observation.rs;workspaces/worth-ui/crates/worth-ui-runtime/src/native_platform/outcome.rs;workspaces/worth-ui/crates/worth-ui-runtime/src/native_platform/mod.rs;workspaces/worth-ui/crates/worth-ui-runtime/src/native_platform/text_presentation/work_observation.rs;workspaces/worth-ui/crates/worth-ui-runtime/src/native_platform/text_presentation/work_observation/transcript.rs;workspaces/worth-ui/crates/worth-ui-host-contract/src/qualified_text/glyph_run_view.rs;workspaces/worth-ui/crates/worth-ui-native-platform/src/lib.rs;workspaces/worth-ui/crates/worth-ui-query-binding/src/presentation_async/host_owner/settlement.rs;workspaces/worth-ui/crates/worth-ui-query-binding/src/presentation_async/host_owner/unresolved.rs;workspaces/worth-ui/crates/worth-ui-host-contract/src/mounted_frame/presentation.rs;workspaces/worth-ui/crates/worth-ui/src/facade/app.rs;workspaces/worth-ui/crates/worth-ui/tests/ui/facade/app_journey_pass/mounted_frame_uses_app_surface.rs;workspaces/worth-ui/crates/worth-ui-host-native/src/native/event_loop.rs;workspaces/worth-ui/crates/worth-ui-host-native/src/native/event_loop/callback_thread.rs;workspaces/worth-ui/crates/worth-ui-host-native/src/native/event_loop/close_request.rs;workspaces/worth-ui/crates/worth-ui-host-native/src/native/event_loop/readiness_progress.rs;workspaces/worth-ui/crates/worth-ui-host-native/src/native/event_loop/contract.rs;workspaces/worth-ui/crates/worth-ui-host-native/src/native/event_loop/window_port.rs;workspaces/worth-ui/crates/worth-ui-host-native/src/native/host_state/presentation_lifecycle/owner_poll.rs;workspaces/worth-ui/crates/worth-ui-host-native/src/native/host_state/presentation_lifecycle/ready_token.rs;workspaces/worth-ui/crates/worth-ui-host-native/src/native/host_state/presentation_lifecycle/settlement.rs;workspaces/worth-ui/crates/worth-ui-host-native/src/native/mechanics_adapter/presentation/pending_completion.rs;workspaces/worth-ui/crates/worth-ui-host-native/src/native/presentation/port.rs;workspaces/worth-ui/crates/worth-ui-host-native/src/native/presentation/transaction_state.rs;workspaces/worth-ui/crates/worth-ui-host-native/src/native/physical_work_signal/completion_reconciliation.rs;workspaces/worth-ui/crates/worth-ui-host-native/src/native/physical_work_signal/transition_observation.rs;workspaces/worth-ui/crates/worth-ui-host-native/src/native/physical_work_signal/worker.rs;workspaces/worth-ui/crates/worth-ui-runtime/src/facade/entry/mounted_frame_execution.rs;workspaces/worth-ui/crates/worth-ui-runtime/src/runtime/presentation_state.rs;workspaces/worth-ui/crates/worth-ui-runtime/src/runtime/presentation_state_tests.rs;workspaces/worth-ui/crates/worth-ui-runtime/src/facade/entry/active_framework_turn/mounted_projection.rs;workspaces/worth-ui/crates/worth-ui-runtime/src/facade/mounted.rs;workspaces/worth-ui/crates/worth-ui-runtime/src/mounting/presentation/coordinator.rs;workspaces/worth-ui/crates/worth-ui-runtime/src/mounting/presentation/coordinator/duplicate_observation.rs;workspaces/worth-ui/crates/worth-ui-runtime/src/mounting/presentation/coordinator/pending_completion/presented.rs;workspaces/worth-ui/crates/worth-ui-runtime/src/mounting/presentation/coordinator/presentation_outcome.rs;workspaces/worth-ui/crates/worth-ui-runtime/src/mounting/presentation/coordinator/presented_semantic_settlement.rs;workspaces/worth-ui/crates/worth-ui-runtime/src/mounting/presentation/coordinator/settlement.rs;workspaces/worth-ui/crates/worth-ui-runtime/src/mounting/presentation/coordinator/surface_uncertainty.rs;workspaces/worth-ui/crates/worth-ui-runtime/src/mounting/presentation/coordinator/presented.rs;workspaces/worth-ui/crates/worth-ui-runtime/src/mounting/presentation/coordinator/superseding_admission.rs;workspaces/worth-ui/crates/worth-ui-runtime/src/mounting/presentation/outcome.rs;workspaces/worth-ui/crates/worth-ui-runtime/src/mounting/presentation/state.rs;workspaces/worth-ui/crates/worth-ui-runtime/src/mounting/publication.rs;workspaces/worth-ui/crates/worth-ui-runtime/src/mounting/retention/authority.rs;workspaces/worth-ui/crates/worth-ui-runtime/src/mounting/retention/budget.rs;workspaces/worth-ui/crates/worth-ui-runtime/src/mounting/retention/coordinator.rs;workspaces/worth-ui/crates/worth-ui-runtime/src/mounting/retention/reservation.rs;workspaces/worth-ui/crates/worth-ui-runtime/src/mounting/retention/successor_admission.rs;workspaces/worth-ui/crates/worth-ui-runtime/src/mounting/session_state/publication.rs;workspaces/worth-ui/crates/worth-ui-runtime/src/native_platform/application_driver.rs;workspaces/worth-ui/crates/worth-ui-runtime/src/native_platform/application_driver/program_progress/physical_progress/pending_completion.rs;workspaces/worth-ui/crates/worth-ui-runtime/src/native_platform/application_driver/program_progress/physical_progress/recovery_progress.rs;workspaces/worth-ui/crates/worth-ui-runtime/src/native_platform/application_driver/program_progress/physical_progress/settlement_progress.rs;workspaces/worth-ui/crates/worth-ui-runtime/src/native_platform/application_driver/program_progress/superseding_pair.rs;workspaces/worth-ui/crates/worth-ui-runtime/src/native_platform/text_presentation/async_correspondence.rs;scripts/ci/worth_ui_3141_case_contracts.py;scripts/ci/worth_ui_3141_p5_case_contracts.py;workspaces/worth-ui/crates/worth-ui-certification/tests/milestone_3141_phase1_ledger/phase_five_case_contract.rs;workspaces/worth-ui/crates/worth-ui-certification/tests/milestone_3141_phase1_ledger/result_artifact.rs,worth-ui-global-text-v2,cec6005c5baef6d69ada9c30c02ced25b0f253f80c012784fe925e307935c3f2,worth-ui-windows-dx12-v1,1c937a22f42660267480a055e48256b25decf0c4cd5d4d7b493e5df034c6c65b,harfrust=0.12.0;harfrust-features=std;read-fonts=0.41.0;read-fonts-features=std+experimental_traverse;icu-segmenter=2.2.0;skrifa=0.44.0;skrifa-features=std;kurbo=0.13.1;kurbo-features=default+serde+std;linesweeper=0.4.0;linesweeper-features=none;icu-segmenter-features=compiled_data+auto;unicode-bidi=0.3.18;unicode-bidi-features=std;unicode-segmentation=1.13.3;protocol=5;text-profile=worth-ui-global-text-v2;qualification=closed,pixel-observations=2,not-applicable,not-applicable,OPEN,supersedes:17d2290cf544589d094d8107f7e03cba8f209de74adbe298ce231fb393b557d8,false,not-bound
5,P5-TEXT-RECONSTRUCTION-01,worth-ui-runtime,layout raster and atlas reconstruction from mounted authority,qualified-text-world,1,reconstruction,worth-ui-ledger-evidence-v3,08bd904919f7fddbdf11b73ba65c3a539030f44956bdbf9434ce22547631c7dc,stale-raster-reuse,not-applicable,worth_ui_runtime::mounting::text,workspaces/worth-ui/crates/worth-ui-runtime/src/facade/entry/native_application_shell/presentation_recovery.rs::reconstruct_current_presentation,workspaces/worth-ui/apps/platform-pulse/tests/executable_world/courtroom/native_phase_f_reconstruction.rs::every_derived_state_reconstructs_in_a_fresh_product_world,family=derived-state-reuse;case=stale-raster-reuse,not-applicable,plans/worth-ui/milestone-3.14.1-evidence/p5-text-reconstruction-01.json,not-applicable,main-tests=1;hostile-controls=1;product-processes=7;compile-sessions=0;courtroom-worlds=7,executed-tests=2;presentations=21,python scripts/ci/run_worth_ui_ledger_test.py --manifest-path workspaces/worth-ui/Cargo.toml --package worth-ui-platform-pulse --test executable_world --features executable-world --test-name courtroom::native_phase_f_reconstruction::every_derived_state_reconstructs_in_a_fresh_product_world --control-package worth-ui-host-native --control-lib --control-test-name native::presentation::retained_draw_list::tests::reconstruction_tests::cold_reconstruction_rebuilds_every_index_then_next_delta_remains_local --requirement P5-TEXT-RECONSTRUCTION-01 --source workspaces/worth-ui/apps/platform-pulse/Cargo.toml --source workspaces/worth-ui/apps/platform-pulse/src/main.rs --source workspaces/worth-ui/apps/platform-pulse/src/native_phase_f_application.rs --source workspaces/worth-ui/apps/platform-pulse/src/native_phase_f_evidence.rs --source workspaces/worth-ui/apps/platform-pulse/src/native_phase_f_world.rs --source workspaces/worth-ui/apps/platform-pulse/src/native_phase_f_world_evidence.rs --source workspaces/worth-ui/apps/platform-pulse/src/native_phase_f_cancellation_world.rs --source workspaces/worth-ui/apps/platform-pulse/src/query_source/installation.rs --source workspaces/worth-ui/apps/platform-pulse/tests/executable_world/courtroom/native_phase_f.rs --source workspaces/worth-ui/apps/platform-pulse/tests/executable_world/courtroom/native_phase_f/authored_pixel_contract.rs --source workspaces/worth-ui/apps/platform-pulse/tests/executable_world/courtroom/native_phase_f/pixels.rs --source workspaces/worth-ui/apps/platform-pulse/tests/executable_world/courtroom/native_phase_f/lineage.rs --source workspaces/worth-ui/apps/platform-pulse/tests/executable_world/courtroom/native_phase_f/retained_paint.rs --source workspaces/worth-ui/apps/platform-pulse/tests/executable_world/courtroom/native_phase_f/physical_trace.rs --source workspaces/worth-ui/apps/platform-pulse/tests/executable_world/native_platform/contract.rs --source workspaces/worth-ui/apps/platform-pulse/tests/executable_world/native_platform/windows.rs --source workspaces/worth-ui/apps/platform-pulse/tests/executable_world/native_platform/windows/observation_readiness.rs --source workspaces/worth-ui/apps/platform-pulse/tests/executable_world/product_process/launch.rs --source workspaces/worth-ui/apps/platform-pulse/tests/executable_world/product_process/output_capture.rs --source workspaces/worth-ui/crates/worth-ui-host-native/src/native/presentation/port/transaction.rs --source workspaces/worth-ui/crates/worth-ui-host-native/src/native/presentation/pending_wgpu_readback.rs --source workspaces/worth-ui/crates/worth-ui-host-native/src/native/presentation/qualified_external_obligation.rs --source workspaces/worth-ui/crates/worth-ui-host-native/src/native/presentation.rs --source workspaces/worth-ui/crates/worth-ui-host-native/src/native/presentation/glyph_observation.rs --source workspaces/worth-ui/crates/worth-ui-host-native/src/native/presentation/pending_settlement.rs --source workspaces/worth-ui/crates/worth-ui-host-native/src/native/presentation/retained_draw_list.rs --source workspaces/worth-ui/crates/worth-ui-host-native/src/native/mechanics_adapter/presentation.rs --source workspaces/worth-ui/crates/worth-ui-host-native/src/native/mechanics_adapter/presentation/retained_frame.rs --source workspaces/worth-ui/crates/worth-ui-host-native/src/native/observation.rs --source workspaces/worth-ui/crates/worth-ui-host-native/src/native/mod.rs --source workspaces/worth-ui/crates/worth-ui-host-native/src/native/host_state.rs --source workspaces/worth-ui/crates/worth-ui-host-native/src/native/event_loop/finish.rs --source workspaces/worth-ui/crates/worth-ui-host-native/src/native/event_loop/run.rs --source workspaces/worth-ui/crates/worth-ui-host-native/src/native/event_loop/thread_posture.rs --source workspaces/worth-ui/crates/worth-ui-host-native/src/lib.rs --source workspaces/worth-ui/crates/worth-ui-host-native/src/qualification.rs --source workspaces/worth-ui/crates/worth-ui-host-native/src/prepared_host.rs --source workspaces/worth-ui/crates/worth-ui-host-native/src/native/host_state/qualification.rs --source workspaces/worth-ui/crates/worth-ui-host-native/src/native/host_state/presentation_lifecycle.rs --source workspaces/worth-ui/crates/worth-ui-host-native/src/native/event_loop/physical_progression.rs --source workspaces/worth-ui/crates/worth-ui-host-native/src/native/event_loop/contract/client_shutdown.rs --source workspaces/worth-ui/crates/worth-ui-host-native/src/native/event_loop/contract/client_shutdown/text_presentation_work.rs --source workspaces/worth-ui/crates/worth-ui-host-native/src/native/resource_census.rs --source workspaces/worth-ui/crates/worth-ui-runtime/src/mounting/presentation/coordinator/pending_completion.rs --source workspaces/worth-ui/crates/worth-ui-runtime/src/mounting/presentation/coordinator/presentation_attempt.rs --source workspaces/worth-ui/crates/worth-ui-runtime/src/facade/entry/native_application_program.rs --source workspaces/worth-ui/crates/worth-ui-runtime/src/native_platform/application_driver/program_progress.rs --source workspaces/worth-ui/crates/worth-ui-runtime/src/facade/entry/native_application_shell.rs --source workspaces/worth-ui/crates/worth-ui-runtime/src/native_platform/application_driver/program_progress/physical_progress.rs --source workspaces/worth-ui/crates/worth-ui-runtime/src/native_platform/application_driver/shutdown_observation.rs --source workspaces/worth-ui/crates/worth-ui-runtime/src/native_platform/outcome.rs --source workspaces/worth-ui/crates/worth-ui-runtime/src/native_platform/mod.rs --source workspaces/worth-ui/crates/worth-ui-runtime/src/native_platform/text_presentation/work_observation.rs --source workspaces/worth-ui/crates/worth-ui-runtime/src/native_platform/text_presentation/work_observation/transcript.rs --source workspaces/worth-ui/crates/worth-ui-host-contract/src/qualified_text/glyph_run_view.rs --source workspaces/worth-ui/crates/worth-ui-native-platform/src/lib.rs --source workspaces/worth-ui/crates/worth-ui-query-binding/src/presentation_async/host_owner/settlement.rs --source workspaces/worth-ui/crates/worth-ui-query-binding/src/presentation_async/host_owner/unresolved.rs --source workspaces/worth-ui/crates/worth-ui-host-contract/src/mounted_frame/presentation.rs --source workspaces/worth-ui/crates/worth-ui/src/facade/app.rs --source workspaces/worth-ui/crates/worth-ui/tests/ui/facade/app_journey_pass/mounted_frame_uses_app_surface.rs --source workspaces/worth-ui/crates/worth-ui-host-native/src/native/event_loop.rs --source workspaces/worth-ui/crates/worth-ui-host-native/src/native/event_loop/callback_thread.rs --source workspaces/worth-ui/crates/worth-ui-host-native/src/native/event_loop/close_request.rs --source workspaces/worth-ui/crates/worth-ui-host-native/src/native/event_loop/readiness_progress.rs --source workspaces/worth-ui/crates/worth-ui-host-native/src/native/event_loop/contract.rs --source workspaces/worth-ui/crates/worth-ui-host-native/src/native/event_loop/window_port.rs --source workspaces/worth-ui/crates/worth-ui-host-native/src/native/host_state/presentation_lifecycle/owner_poll.rs --source workspaces/worth-ui/crates/worth-ui-host-native/src/native/host_state/presentation_lifecycle/ready_token.rs --source workspaces/worth-ui/crates/worth-ui-host-native/src/native/host_state/presentation_lifecycle/settlement.rs --source workspaces/worth-ui/crates/worth-ui-host-native/src/native/mechanics_adapter/presentation/pending_completion.rs --source workspaces/worth-ui/crates/worth-ui-host-native/src/native/presentation/port.rs --source workspaces/worth-ui/crates/worth-ui-host-native/src/native/presentation/transaction_state.rs --source workspaces/worth-ui/crates/worth-ui-host-native/src/native/physical_work_signal/completion_reconciliation.rs --source workspaces/worth-ui/crates/worth-ui-host-native/src/native/physical_work_signal/transition_observation.rs --source workspaces/worth-ui/crates/worth-ui-host-native/src/native/physical_work_signal/worker.rs --source workspaces/worth-ui/crates/worth-ui-runtime/src/facade/entry/mounted_frame_execution.rs --source workspaces/worth-ui/crates/worth-ui-runtime/src/runtime/presentation_state.rs --source workspaces/worth-ui/crates/worth-ui-runtime/src/runtime/presentation_state_tests.rs --source workspaces/worth-ui/crates/worth-ui-runtime/src/facade/entry/active_framework_turn/mounted_projection.rs --source workspaces/worth-ui/crates/worth-ui-runtime/src/facade/mounted.rs --source workspaces/worth-ui/crates/worth-ui-runtime/src/mounting/presentation/coordinator.rs --source workspaces/worth-ui/crates/worth-ui-runtime/src/mounting/presentation/coordinator/duplicate_observation.rs --source workspaces/worth-ui/crates/worth-ui-runtime/src/mounting/presentation/coordinator/pending_completion/presented.rs --source workspaces/worth-ui/crates/worth-ui-runtime/src/mounting/presentation/coordinator/presentation_outcome.rs --source workspaces/worth-ui/crates/worth-ui-runtime/src/mounting/presentation/coordinator/presented_semantic_settlement.rs --source workspaces/worth-ui/crates/worth-ui-runtime/src/mounting/presentation/coordinator/settlement.rs --source workspaces/worth-ui/crates/worth-ui-runtime/src/mounting/presentation/coordinator/surface_uncertainty.rs --source workspaces/worth-ui/crates/worth-ui-runtime/src/mounting/presentation/coordinator/presented.rs --source workspaces/worth-ui/crates/worth-ui-runtime/src/mounting/presentation/coordinator/superseding_admission.rs --source workspaces/worth-ui/crates/worth-ui-runtime/src/mounting/presentation/outcome.rs --source workspaces/worth-ui/crates/worth-ui-runtime/src/mounting/presentation/state.rs --source workspaces/worth-ui/crates/worth-ui-runtime/src/mounting/publication.rs --source workspaces/worth-ui/crates/worth-ui-runtime/src/mounting/retention/authority.rs --source workspaces/worth-ui/crates/worth-ui-runtime/src/mounting/retention/budget.rs --source workspaces/worth-ui/crates/worth-ui-runtime/src/mounting/retention/coordinator.rs --source workspaces/worth-ui/crates/worth-ui-runtime/src/mounting/retention/reservation.rs --source workspaces/worth-ui/crates/worth-ui-runtime/src/mounting/retention/successor_admission.rs --source workspaces/worth-ui/crates/worth-ui-runtime/src/mounting/session_state/publication.rs --source workspaces/worth-ui/crates/worth-ui-runtime/src/native_platform/application_driver.rs --source workspaces/worth-ui/crates/worth-ui-runtime/src/native_platform/application_driver/program_progress/physical_progress/pending_completion.rs --source workspaces/worth-ui/crates/worth-ui-runtime/src/native_platform/application_driver/program_progress/physical_progress/recovery_progress.rs --source workspaces/worth-ui/crates/worth-ui-runtime/src/native_platform/application_driver/program_progress/physical_progress/settlement_progress.rs --source workspaces/worth-ui/crates/worth-ui-runtime/src/native_platform/application_driver/program_progress/superseding_pair.rs --source workspaces/worth-ui/crates/worth-ui-runtime/src/native_platform/text_presentation/async_correspondence.rs --source workspaces/worth-ui/apps/platform-pulse/src/native_phase_f_reconstruction_world.rs --source workspaces/worth-ui/apps/platform-pulse/src/native_phase_f_reconstruction_world/exact_reconstruction.rs --source workspaces/worth-ui/apps/platform-pulse/tests/executable_world/courtroom/native_phase_f_reconstruction.rs --source workspaces/worth-ui/crates/worth-ui-host-native/src/native/derived_state_reconstruction.rs --source workspaces/worth-ui/crates/worth-ui-host-native/src/native/host_state/derived_state_loss.rs --source workspaces/worth-ui/crates/worth-ui-host-native/src/native/presentation/reconstruction.rs --source workspaces/worth-ui/crates/worth-ui-host-native/src/native/presentation/retained_draw_list/reconstruction_tests.rs --source workspaces/worth-ui/crates/worth-ui-runtime/src/facade/entry/native_application_shell/presentation_recovery.rs --source workspaces/worth-ui/crates/worth-ui-runtime/src/mounting/identity_state/layout_reconstruction.rs --source workspaces/worth-ui/crates/worth-ui-runtime/src/mounting/presentation/coordinator/raster_cache_reconstruction.rs --source workspaces/worth-ui/crates/worth-ui-runtime/src/native_platform/application_driver/program_reconstruction.rs --source scripts/ci/worth_ui_3141_case_contracts.py --source scripts/ci/worth_ui_3141_p5_case_contracts.py --source workspaces/worth-ui/crates/worth-ui-certification/tests/milestone_3141_phase1_ledger/phase_five_case_contract.rs --source workspaces/worth-ui/crates/worth-ui-certification/tests/milestone_3141_phase1_ledger/result_artifact.rs --artifact plans/worth-ui/milestone-3.14.1-evidence/p5-text-reconstruction-01.json,0,not-run,plans/worth-ui/milestone-3.14.1-evidence/p5-text-reconstruction-01.json,not-bound,not-bound,not-bound,not-bound,workspaces/worth-ui/apps/platform-pulse/Cargo.toml;workspaces/worth-ui/apps/platform-pulse/src/main.rs;workspaces/worth-ui/apps/platform-pulse/src/native_phase_f_application.rs;workspaces/worth-ui/apps/platform-pulse/src/native_phase_f_evidence.rs;workspaces/worth-ui/apps/platform-pulse/src/native_phase_f_world.rs;workspaces/worth-ui/apps/platform-pulse/src/native_phase_f_world_evidence.rs;workspaces/worth-ui/apps/platform-pulse/src/native_phase_f_cancellation_world.rs;workspaces/worth-ui/apps/platform-pulse/src/query_source/installation.rs;workspaces/worth-ui/apps/platform-pulse/tests/executable_world/courtroom/native_phase_f.rs;workspaces/worth-ui/apps/platform-pulse/tests/executable_world/courtroom/native_phase_f/authored_pixel_contract.rs;workspaces/worth-ui/apps/platform-pulse/tests/executable_world/courtroom/native_phase_f/pixels.rs;workspaces/worth-ui/apps/platform-pulse/tests/executable_world/courtroom/native_phase_f/lineage.rs;workspaces/worth-ui/apps/platform-pulse/tests/executable_world/courtroom/native_phase_f/retained_paint.rs;workspaces/worth-ui/apps/platform-pulse/tests/executable_world/courtroom/native_phase_f/physical_trace.rs;workspaces/worth-ui/apps/platform-pulse/tests/executable_world/native_platform/contract.rs;workspaces/worth-ui/apps/platform-pulse/tests/executable_world/native_platform/windows.rs;workspaces/worth-ui/apps/platform-pulse/tests/executable_world/native_platform/windows/observation_readiness.rs;workspaces/worth-ui/apps/platform-pulse/tests/executable_world/product_process/launch.rs;workspaces/worth-ui/apps/platform-pulse/tests/executable_world/product_process/output_capture.rs;workspaces/worth-ui/crates/worth-ui-host-native/src/native/presentation/port/transaction.rs;workspaces/worth-ui/crates/worth-ui-host-native/src/native/presentation/pending_wgpu_readback.rs;workspaces/worth-ui/crates/worth-ui-host-native/src/native/presentation/qualified_external_obligation.rs;workspaces/worth-ui/crates/worth-ui-host-native/src/native/presentation.rs;workspaces/worth-ui/crates/worth-ui-host-native/src/native/presentation/glyph_observation.rs;workspaces/worth-ui/crates/worth-ui-host-native/src/native/presentation/pending_settlement.rs;workspaces/worth-ui/crates/worth-ui-host-native/src/native/presentation/retained_draw_list.rs;workspaces/worth-ui/crates/worth-ui-host-native/src/native/mechanics_adapter/presentation.rs;workspaces/worth-ui/crates/worth-ui-host-native/src/native/mechanics_adapter/presentation/retained_frame.rs;workspaces/worth-ui/crates/worth-ui-host-native/src/native/observation.rs;workspaces/worth-ui/crates/worth-ui-host-native/src/native/mod.rs;workspaces/worth-ui/crates/worth-ui-host-native/src/native/host_state.rs;workspaces/worth-ui/crates/worth-ui-host-native/src/native/event_loop/finish.rs;workspaces/worth-ui/crates/worth-ui-host-native/src/native/event_loop/run.rs;workspaces/worth-ui/crates/worth-ui-host-native/src/native/event_loop/thread_posture.rs;workspaces/worth-ui/crates/worth-ui-host-native/src/lib.rs;workspaces/worth-ui/crates/worth-ui-host-native/src/qualification.rs;workspaces/worth-ui/crates/worth-ui-host-native/src/prepared_host.rs;workspaces/worth-ui/crates/worth-ui-host-native/src/native/host_state/qualification.rs;workspaces/worth-ui/crates/worth-ui-host-native/src/native/host_state/presentation_lifecycle.rs;workspaces/worth-ui/crates/worth-ui-host-native/src/native/event_loop/physical_progression.rs;workspaces/worth-ui/crates/worth-ui-host-native/src/native/event_loop/contract/client_shutdown.rs;workspaces/worth-ui/crates/worth-ui-host-native/src/native/event_loop/contract/client_shutdown/text_presentation_work.rs;workspaces/worth-ui/crates/worth-ui-host-native/src/native/resource_census.rs;workspaces/worth-ui/crates/worth-ui-runtime/src/mounting/presentation/coordinator/pending_completion.rs;workspaces/worth-ui/crates/worth-ui-runtime/src/mounting/presentation/coordinator/presentation_attempt.rs;workspaces/worth-ui/crates/worth-ui-runtime/src/facade/entry/native_application_program.rs;workspaces/worth-ui/crates/worth-ui-runtime/src/native_platform/application_driver/program_progress.rs;workspaces/worth-ui/crates/worth-ui-runtime/src/facade/entry/native_application_shell.rs;workspaces/worth-ui/crates/worth-ui-runtime/src/native_platform/application_driver/program_progress/physical_progress.rs;workspaces/worth-ui/crates/worth-ui-runtime/src/native_platform/application_driver/shutdown_observation.rs;workspaces/worth-ui/crates/worth-ui-runtime/src/native_platform/outcome.rs;workspaces/worth-ui/crates/worth-ui-runtime/src/native_platform/mod.rs;workspaces/worth-ui/crates/worth-ui-runtime/src/native_platform/text_presentation/work_observation.rs;workspaces/worth-ui/crates/worth-ui-runtime/src/native_platform/text_presentation/work_observation/transcript.rs;workspaces/worth-ui/crates/worth-ui-host-contract/src/qualified_text/glyph_run_view.rs;workspaces/worth-ui/crates/worth-ui-native-platform/src/lib.rs;workspaces/worth-ui/crates/worth-ui-query-binding/src/presentation_async/host_owner/settlement.rs;workspaces/worth-ui/crates/worth-ui-query-binding/src/presentation_async/host_owner/unresolved.rs;workspaces/worth-ui/crates/worth-ui-host-contract/src/mounted_frame/presentation.rs;workspaces/worth-ui/crates/worth-ui/src/facade/app.rs;workspaces/worth-ui/crates/worth-ui/tests/ui/facade/app_journey_pass/mounted_frame_uses_app_surface.rs;workspaces/worth-ui/crates/worth-ui-host-native/src/native/event_loop.rs;workspaces/worth-ui/crates/worth-ui-host-native/src/native/event_loop/callback_thread.rs;workspaces/worth-ui/crates/worth-ui-host-native/src/native/event_loop/close_request.rs;workspaces/worth-ui/crates/worth-ui-host-native/src/native/event_loop/readiness_progress.rs;workspaces/worth-ui/crates/worth-ui-host-native/src/native/event_loop/contract.rs;workspaces/worth-ui/crates/worth-ui-host-native/src/native/event_loop/window_port.rs;workspaces/worth-ui/crates/worth-ui-host-native/src/native/host_state/presentation_lifecycle/owner_poll.rs;workspaces/worth-ui/crates/worth-ui-host-native/src/native/host_state/presentation_lifecycle/ready_token.rs;workspaces/worth-ui/crates/worth-ui-host-native/src/native/host_state/presentation_lifecycle/settlement.rs;workspaces/worth-ui/crates/worth-ui-host-native/src/native/mechanics_adapter/presentation/pending_completion.rs;workspaces/worth-ui/crates/worth-ui-host-native/src/native/presentation/port.rs;workspaces/worth-ui/crates/worth-ui-host-native/src/native/presentation/transaction_state.rs;workspaces/worth-ui/crates/worth-ui-host-native/src/native/physical_work_signal/completion_reconciliation.rs;workspaces/worth-ui/crates/worth-ui-host-native/src/native/physical_work_signal/transition_observation.rs;workspaces/worth-ui/crates/worth-ui-host-native/src/native/physical_work_signal/worker.rs;workspaces/worth-ui/crates/worth-ui-runtime/src/facade/entry/mounted_frame_execution.rs;workspaces/worth-ui/crates/worth-ui-runtime/src/runtime/presentation_state.rs;workspaces/worth-ui/crates/worth-ui-runtime/src/runtime/presentation_state_tests.rs;workspaces/worth-ui/crates/worth-ui-runtime/src/facade/entry/active_framework_turn/mounted_projection.rs;workspaces/worth-ui/crates/worth-ui-runtime/src/facade/mounted.rs;workspaces/worth-ui/crates/worth-ui-runtime/src/mounting/presentation/coordinator.rs;workspaces/worth-ui/crates/worth-ui-runtime/src/mounting/presentation/coordinator/duplicate_observation.rs;workspaces/worth-ui/crates/worth-ui-runtime/src/mounting/presentation/coordinator/pending_completion/presented.rs;workspaces/worth-ui/crates/worth-ui-runtime/src/mounting/presentation/coordinator/presentation_outcome.rs;workspaces/worth-ui/crates/worth-ui-runtime/src/mounting/presentation/coordinator/presented_semantic_settlement.rs;workspaces/worth-ui/crates/worth-ui-runtime/src/mounting/presentation/coordinator/settlement.rs;workspaces/worth-ui/crates/worth-ui-runtime/src/mounting/presentation/coordinator/surface_uncertainty.rs;workspaces/worth-ui/crates/worth-ui-runtime/src/mounting/presentation/coordinator/presented.rs;workspaces/worth-ui/crates/worth-ui-runtime/src/mounting/presentation/coordinator/superseding_admission.rs;workspaces/worth-ui/crates/worth-ui-runtime/src/mounting/presentation/outcome.rs;workspaces/worth-ui/crates/worth-ui-runtime/src/mounting/presentation/state.rs;workspaces/worth-ui/crates/worth-ui-runtime/src/mounting/publication.rs;workspaces/worth-ui/crates/worth-ui-runtime/src/mounting/retention/authority.rs;workspaces/worth-ui/crates/worth-ui-runtime/src/mounting/retention/budget.rs;workspaces/worth-ui/crates/worth-ui-runtime/src/mounting/retention/coordinator.rs;workspaces/worth-ui/crates/worth-ui-runtime/src/mounting/retention/reservation.rs;workspaces/worth-ui/crates/worth-ui-runtime/src/mounting/retention/successor_admission.rs;workspaces/worth-ui/crates/worth-ui-runtime/src/mounting/session_state/publication.rs;workspaces/worth-ui/crates/worth-ui-runtime/src/native_platform/application_driver.rs;workspaces/worth-ui/crates/worth-ui-runtime/src/native_platform/application_driver/program_progress/physical_progress/pending_completion.rs;workspaces/worth-ui/crates/worth-ui-runtime/src/native_platform/application_driver/program_progress/physical_progress/recovery_progress.rs;workspaces/worth-ui/crates/worth-ui-runtime/src/native_platform/application_driver/program_progress/physical_progress/settlement_progress.rs;workspaces/worth-ui/crates/worth-ui-runtime/src/native_platform/application_driver/program_progress/superseding_pair.rs;workspaces/worth-ui/crates/worth-ui-runtime/src/native_platform/text_presentation/async_correspondence.rs;workspaces/worth-ui/apps/platform-pulse/src/native_phase_f_reconstruction_world.rs;workspaces/worth-ui/apps/platform-pulse/src/native_phase_f_reconstruction_world/exact_reconstruction.rs;workspaces/worth-ui/apps/platform-pulse/tests/executable_world/courtroom/native_phase_f_reconstruction.rs;workspaces/worth-ui/crates/worth-ui-host-native/src/native/derived_state_reconstruction.rs;workspaces/worth-ui/crates/worth-ui-host-native/src/native/host_state/derived_state_loss.rs;workspaces/worth-ui/crates/worth-ui-host-native/src/native/presentation/reconstruction.rs;workspaces/worth-ui/crates/worth-ui-host-native/src/native/presentation/retained_draw_list/reconstruction_tests.rs;workspaces/worth-ui/crates/worth-ui-runtime/src/facade/entry/native_application_shell/presentation_recovery.rs;workspaces/worth-ui/crates/worth-ui-runtime/src/mounting/identity_state/layout_reconstruction.rs;workspaces/worth-ui/crates/worth-ui-runtime/src/mounting/presentation/coordinator/raster_cache_reconstruction.rs;workspaces/worth-ui/crates/worth-ui-runtime/src/native_platform/application_driver/program_reconstruction.rs;scripts/ci/worth_ui_3141_case_contracts.py;scripts/ci/worth_ui_3141_p5_case_contracts.py;workspaces/worth-ui/crates/worth-ui-certification/tests/milestone_3141_phase1_ledger/phase_five_case_contract.rs;workspaces/worth-ui/crates/worth-ui-certification/tests/milestone_3141_phase1_ledger/result_artifact.rs,worth-ui-global-text-v2,cec6005c5baef6d69ada9c30c02ced25b0f253f80c012784fe925e307935c3f2,worth-ui-windows-dx12-v1,1c937a22f42660267480a055e48256b25decf0c4cd5d4d7b493e5df034c6c65b,harfrust=0.12.0;harfrust-features=std;read-fonts=0.41.0;read-fonts-features=std+experimental_traverse;icu-segmenter=2.2.0;skrifa=0.44.0;skrifa-features=std;kurbo=0.13.1;kurbo-features=default+serde+std;linesweeper=0.4.0;linesweeper-features=none;icu-segmenter-features=compiled_data+auto;unicode-bidi=0.3.18;unicode-bidi-features=std;unicode-segmentation=1.13.3;protocol=5;text-profile=worth-ui-global-text-v2;qualification=closed,reconstructed-derived-states=7,not-applicable,not-applicable,OPEN,supersedes:a99c4930aa663814a625d89c56d0ade46fec6b8a1c32d9f03868968d20f46b10,false,not-bound
5,P5-TEXT-COST-01,worth-ui-certification,realized semantic and physical Signal UI frontier cost,qualified-text-world,1,slope-model,worth-ui-ledger-evidence-v3,b38e9dc8cfe9bc2b6fdfae0959aeccc1e45801974d0d3b51a932ef2ea8016f25,complete-document-rescan,not-applicable,worth_ui_certification::phase_five::text_frontier_cost,workspaces/worth-ui/crates/worth-ui-runtime/src/mounting/presentation/coordinator/semantic_text_raster.rs::present,workspaces/worth-ui/crates/worth-ui-certification/tests/application_contracts/phase5_locality_closure.rs::all_32_fresh_native_locality_worlds_retain_owner_issued_evidence,family=retained-scan;case=complete-document-rescan,not-applicable,plans/worth-ui/milestone-3.14.1-evidence/p5-text-cost-01.json,not-applicable,main-tests=1;hostile-controls=1;product-processes=32;compile-sessions=0;courtroom-worlds=32,executed-tests=2;presentations=64,python scripts/ci/run_worth_ui_ledger_test.py --manifest-path workspaces/worth-ui/Cargo.toml --package worth-ui-certification --test application_contracts --test-name phase5_locality_closure::all_32_fresh_native_locality_worlds_retain_owner_issued_evidence --control-package worth-ui-certification --control-test application_contracts --control-test-name phase5_locality_hostile_control::exact_owner_cost_mutants_are_convicted_by_performed_small_worlds --requirement P5-TEXT-COST-01 --source workspaces/worth-ui/crates/worth-ui-certification/src/scenario/phase5_locality_matrix.rs --source workspaces/worth-ui/crates/worth-ui-certification/src/scenario/phase5_locality_matrix/application.rs --source workspaces/worth-ui/crates/worth-ui-certification/src/scenario/phase5_locality_matrix/case.rs --source workspaces/worth-ui/crates/worth-ui-certification/src/scenario/phase5_locality_matrix/dependency_model.rs --source workspaces/worth-ui/crates/worth-ui-certification/src/scenario/phase5_locality_matrix/execution.rs --source workspaces/worth-ui/crates/worth-ui-certification/src/scenario/phase5_locality_matrix/execution_mode.rs --source workspaces/worth-ui/crates/worth-ui-certification/src/scenario/phase5_locality_matrix/hostile_cost_model.rs --source workspaces/worth-ui/crates/worth-ui-certification/src/scenario/phase5_locality_matrix/hostile_cost_model/mutant_execution.rs --source workspaces/worth-ui/crates/worth-ui-certification/src/scenario/phase5_locality_matrix/hostile_cost_model/performed_basis.rs --source workspaces/worth-ui/crates/worth-ui-certification/src/scenario/phase5_locality_matrix/joined_rows.rs --source workspaces/worth-ui/crates/worth-ui-certification/src/scenario/phase5_locality_matrix/oracle.rs --source workspaces/worth-ui/crates/worth-ui-certification/src/scenario/phase5_locality_matrix/oracle/evidence_row.rs --source workspaces/worth-ui/crates/worth-ui-certification/src/scenario/phase5_locality_matrix/oracle/semantic_frontier.rs --source workspaces/worth-ui/crates/worth-ui-certification/src/scenario/phase5_locality_matrix/oracle/semantic_frontier/fixture_identity.rs --source workspaces/worth-ui/crates/worth-ui-certification/src/scenario/phase5_locality_matrix/oracle/semantic_frontier/identity_model.rs --source workspaces/worth-ui/crates/worth-ui-certification/src/scenario/phase5_locality_matrix/oracle/semantic_frontier/mechanic_evidence.rs --source workspaces/worth-ui/crates/worth-ui-certification/src/scenario/phase5_locality_matrix/presentation_cost_model.rs --source workspaces/worth-ui/crates/worth-ui-certification/src/scenario/phase5_locality_matrix/report_join.rs --source workspaces/worth-ui/crates/worth-ui-certification/src/scenario/phase5_locality_matrix/retained_order_reference.rs --source workspaces/worth-ui/crates/worth-ui-certification/src/scenario/phase5_locality_matrix/process_execution.rs --source workspaces/worth-ui/crates/worth-ui-certification/src/scenario/phase5_locality_matrix/shard_admission.rs --source workspaces/worth-ui/crates/worth-ui-certification/src/scenario/phase5_locality_matrix/shard_contract.rs --source workspaces/worth-ui/crates/worth-ui-certification/src/scenario/phase5_locality_matrix/shard_orchestration.rs --source workspaces/worth-ui/crates/worth-ui-certification/src/scenario/phase5_locality_matrix/timings.rs --source workspaces/worth-ui/crates/worth-ui-certification/tests/application_contracts/phase5_locality_closure.rs --source workspaces/worth-ui/crates/worth-ui-certification/tests/application_contracts/phase5_locality_hostile_control.rs --source workspaces/worth-ui/crates/worth-ui-certification/tests/application_contracts/phase5_locality_worker.rs --source workspaces/worth-ui/crates/worth-ui-certification/tests/suites/application_contracts.rs --source workspaces/worth-ui/crates/worth-ui-host-native/src/qualification.rs --source workspaces/worth-ui/crates/worth-ui-host-native/src/prepared_host.rs --source workspaces/worth-ui/crates/worth-ui-host-native/src/native/event_loop/thread_posture.rs --source workspaces/worth-ui/crates/worth-ui-host-native/src/native/event_loop/run.rs --source workspaces/worth-ui/crates/worth-ui-host-native/src/native/event_loop/finish.rs --source workspaces/worth-ui/crates/worth-ui-host-native/src/native/event_loop/contract.rs --source workspaces/worth-ui/crates/worth-ui-runtime/src/native_platform/outcome.rs --source workspaces/worth-ui/crates/worth-ui-certification/tests/milestone_3141_phase1_ledger/result_artifact_cost.rs --source workspaces/worth-ui/crates/worth-ui-certification/tests/milestone_3141_phase1_ledger/result_artifact_phase_five_cost_tests.rs --source workspaces/worth-ui/crates/worth-ui-runtime/src/mounting/presentation/coordinator/semantic_text_raster.rs --source workspaces/worth-ui/crates/worth-ui-runtime/src/native_platform/application_driver/shutdown_observation.rs --source workspaces/worth-ui/crates/worth-ui-runtime/src/native_platform/application_driver.rs --source workspaces/worth-ui/crates/worth-ui-runtime/src/native_platform/mod.rs --source workspaces/worth-ui/crates/worth-ui-runtime/src/facade/entry/native_application_shell/component_presence.rs --source workspaces/worth-ui/crates/worth-ui-runtime/src/facade/entry/native_application_shell/launch.rs --source workspaces/worth-ui/crates/worth-ui-runtime/src/facade/entry/native_application_shell/query_close.rs --source workspaces/worth-ui/crates/worth-ui-runtime/src/facade/entry/native_application_shell/shutdown.rs --source workspaces/worth-ui/crates/worth-ui-runtime/src/mounting/presentation/work_producer_tests/producer_slope.rs --source workspaces/worth-ui/crates/worth-ui-host-native/src/native/event_loop/contract/client_shutdown.rs --source workspaces/worth-ui/crates/worth-ui-host-native/src/native/event_loop/contract/client_shutdown/mounted_identity.rs --source workspaces/worth-ui/crates/worth-ui-host-native/src/native/mod.rs --source workspaces/worth-ui/crates/worth-ui-host-native/src/lib.rs --source workspaces/worth-ui/crates/worth-ui-native-platform/src/lib.rs --source workspaces/worth-ui/crates/worth-ui-query-binding/src/presentation_async/host_owner.rs --source workspaces/worth-ui/crates/worth-ui-query-binding/src/presentation_async/host_owner/settlement.rs --source workspaces/worth-ui/crates/worth-ui-query-binding/src/presentation_async/semantic_registry.rs --source workspaces/worth-ui/crates/worth-ui-query-binding/src/presentation_async/semantic_registry/partitions.rs --source workspaces/worth-ui/crates/worth-ui-query-binding/src/presentation_async/semantic_registry/partitions/evidence_digest.rs --source workspaces/worth-ui/crates/worth-ui-query-binding/src/presentation_async/semantic_registry/partitions/subscriber_identity.rs --source workspaces/worth-ui/crates/worth-ui-query-binding/src/presentation_async/semantic_registry/partition_scope.rs --source workspaces/worth-ui/crates/worth-ui-query-binding/src/presentation_async/semantic_registry/subscriber_index.rs --source workspaces/worth-ui/crates/worth-ui-host-native/src/native/physical_work_signal/identity.rs --source workspaces/worth-ui/crates/worth-ui-host-native/src/native/physical_work_signal/transition_observation.rs --source .github/workflows/ci.yml --source scripts/ci/worth_ui_3141_case_contracts.py --source scripts/ci/worth_ui_3141_p5_case_contracts.py --source workspaces/worth-ui/crates/worth-ui-certification/tests/milestone_3141_phase1_ledger/phase_five_case_contract.rs --source workspaces/worth-ui/crates/worth-ui-certification/tests/milestone_3141_phase1_ledger/result_artifact.rs --artifact plans/worth-ui/milestone-3.14.1-evidence/p5-text-cost-01.json,0,not-run,plans/worth-ui/milestone-3.14.1-evidence/p5-text-cost-01.json,not-bound,not-bound,not-bound,not-bound,workspaces/worth-ui/crates/worth-ui-certification/src/scenario/phase5_locality_matrix.rs;workspaces/worth-ui/crates/worth-ui-certification/src/scenario/phase5_locality_matrix/application.rs;workspaces/worth-ui/crates/worth-ui-certification/src/scenario/phase5_locality_matrix/case.rs;workspaces/worth-ui/crates/worth-ui-certification/src/scenario/phase5_locality_matrix/dependency_model.rs;workspaces/worth-ui/crates/worth-ui-certification/src/scenario/phase5_locality_matrix/execution.rs;workspaces/worth-ui/crates/worth-ui-certification/src/scenario/phase5_locality_matrix/execution_mode.rs;workspaces/worth-ui/crates/worth-ui-certification/src/scenario/phase5_locality_matrix/hostile_cost_model.rs;workspaces/worth-ui/crates/worth-ui-certification/src/scenario/phase5_locality_matrix/hostile_cost_model/mutant_execution.rs;workspaces/worth-ui/crates/worth-ui-certification/src/scenario/phase5_locality_matrix/hostile_cost_model/performed_basis.rs;workspaces/worth-ui/crates/worth-ui-certification/src/scenario/phase5_locality_matrix/joined_rows.rs;workspaces/worth-ui/crates/worth-ui-certification/src/scenario/phase5_locality_matrix/oracle.rs;workspaces/worth-ui/crates/worth-ui-certification/src/scenario/phase5_locality_matrix/oracle/evidence_row.rs;workspaces/worth-ui/crates/worth-ui-certification/src/scenario/phase5_locality_matrix/oracle/semantic_frontier.rs;workspaces/worth-ui/crates/worth-ui-certification/src/scenario/phase5_locality_matrix/oracle/semantic_frontier/fixture_identity.rs;workspaces/worth-ui/crates/worth-ui-certification/src/scenario/phase5_locality_matrix/oracle/semantic_frontier/identity_model.rs;workspaces/worth-ui/crates/worth-ui-certification/src/scenario/phase5_locality_matrix/oracle/semantic_frontier/mechanic_evidence.rs;workspaces/worth-ui/crates/worth-ui-certification/src/scenario/phase5_locality_matrix/presentation_cost_model.rs;workspaces/worth-ui/crates/worth-ui-certification/src/scenario/phase5_locality_matrix/report_join.rs;workspaces/worth-ui/crates/worth-ui-certification/src/scenario/phase5_locality_matrix/retained_order_reference.rs;workspaces/worth-ui/crates/worth-ui-certification/src/scenario/phase5_locality_matrix/process_execution.rs;workspaces/worth-ui/crates/worth-ui-certification/src/scenario/phase5_locality_matrix/shard_admission.rs;workspaces/worth-ui/crates/worth-ui-certification/src/scenario/phase5_locality_matrix/shard_contract.rs;workspaces/worth-ui/crates/worth-ui-certification/src/scenario/phase5_locality_matrix/shard_orchestration.rs;workspaces/worth-ui/crates/worth-ui-certification/src/scenario/phase5_locality_matrix/timings.rs;workspaces/worth-ui/crates/worth-ui-certification/tests/application_contracts/phase5_locality_closure.rs;workspaces/worth-ui/crates/worth-ui-certification/tests/application_contracts/phase5_locality_hostile_control.rs;workspaces/worth-ui/crates/worth-ui-certification/tests/application_contracts/phase5_locality_worker.rs;workspaces/worth-ui/crates/worth-ui-certification/tests/suites/application_contracts.rs;workspaces/worth-ui/crates/worth-ui-host-native/src/qualification.rs;workspaces/worth-ui/crates/worth-ui-host-native/src/prepared_host.rs;workspaces/worth-ui/crates/worth-ui-host-native/src/native/event_loop/thread_posture.rs;workspaces/worth-ui/crates/worth-ui-host-native/src/native/event_loop/run.rs;workspaces/worth-ui/crates/worth-ui-host-native/src/native/event_loop/finish.rs;workspaces/worth-ui/crates/worth-ui-host-native/src/native/event_loop/contract.rs;workspaces/worth-ui/crates/worth-ui-runtime/src/native_platform/outcome.rs;workspaces/worth-ui/crates/worth-ui-certification/tests/milestone_3141_phase1_ledger/result_artifact_cost.rs;workspaces/worth-ui/crates/worth-ui-certification/tests/milestone_3141_phase1_ledger/result_artifact_phase_five_cost_tests.rs;workspaces/worth-ui/crates/worth-ui-runtime/src/mounting/presentation/coordinator/semantic_text_raster.rs;workspaces/worth-ui/crates/worth-ui-runtime/src/native_platform/application_driver/shutdown_observation.rs;workspaces/worth-ui/crates/worth-ui-runtime/src/native_platform/application_driver.rs;workspaces/worth-ui/crates/worth-ui-runtime/src/native_platform/mod.rs;workspaces/worth-ui/crates/worth-ui-runtime/src/facade/entry/native_application_shell/component_presence.rs;workspaces/worth-ui/crates/worth-ui-runtime/src/facade/entry/native_application_shell/launch.rs;workspaces/worth-ui/crates/worth-ui-runtime/src/facade/entry/native_application_shell/query_close.rs;workspaces/worth-ui/crates/worth-ui-runtime/src/facade/entry/native_application_shell/shutdown.rs;workspaces/worth-ui/crates/worth-ui-runtime/src/mounting/presentation/work_producer_tests/producer_slope.rs;workspaces/worth-ui/crates/worth-ui-host-native/src/native/event_loop/contract/client_shutdown.rs;workspaces/worth-ui/crates/worth-ui-host-native/src/native/event_loop/contract/client_shutdown/mounted_identity.rs;workspaces/worth-ui/crates/worth-ui-host-native/src/native/mod.rs;workspaces/worth-ui/crates/worth-ui-host-native/src/lib.rs;workspaces/worth-ui/crates/worth-ui-native-platform/src/lib.rs;workspaces/worth-ui/crates/worth-ui-query-binding/src/presentation_async/host_owner.rs;workspaces/worth-ui/crates/worth-ui-query-binding/src/presentation_async/host_owner/settlement.rs;workspaces/worth-ui/crates/worth-ui-query-binding/src/presentation_async/semantic_registry.rs;workspaces/worth-ui/crates/worth-ui-query-binding/src/presentation_async/semantic_registry/partitions.rs;workspaces/worth-ui/crates/worth-ui-query-binding/src/presentation_async/semantic_registry/partitions/evidence_digest.rs;workspaces/worth-ui/crates/worth-ui-query-binding/src/presentation_async/semantic_registry/partitions/subscriber_identity.rs;workspaces/worth-ui/crates/worth-ui-query-binding/src/presentation_async/semantic_registry/partition_scope.rs;workspaces/worth-ui/crates/worth-ui-query-binding/src/presentation_async/semantic_registry/subscriber_index.rs;workspaces/worth-ui/crates/worth-ui-host-native/src/native/physical_work_signal/identity.rs;workspaces/worth-ui/crates/worth-ui-host-native/src/native/physical_work_signal/transition_observation.rs;.github/workflows/ci.yml;scripts/ci/worth_ui_3141_case_contracts.py;scripts/ci/worth_ui_3141_p5_case_contracts.py;workspaces/worth-ui/crates/worth-ui-certification/tests/milestone_3141_phase1_ledger/phase_five_case_contract.rs;workspaces/worth-ui/crates/worth-ui-certification/tests/milestone_3141_phase1_ledger/result_artifact.rs,worth-ui-global-text-v2,cec6005c5baef6d69ada9c30c02ced25b0f253f80c012784fe925e307935c3f2,worth-ui-windows-dx12-v1,1c937a22f42660267480a055e48256b25decf0c4cd5d4d7b493e5df034c6c65b,harfrust=0.12.0;harfrust-features=std;read-fonts=0.41.0;read-fonts-features=std+experimental_traverse;icu-segmenter=2.2.0;skrifa=0.44.0;skrifa-features=std;kurbo=0.13.1;kurbo-features=default+serde+std;linesweeper=0.4.0;linesweeper-features=none;icu-segmenter-features=compiled_data+auto;unicode-bidi=0.3.18;unicode-bidi-features=std;unicode-segmentation=1.13.3;protocol=5;text-profile=worth-ui-global-text-v2;qualification=closed,ui-locality-worlds=32,not-applicable,not-applicable,OPEN,supersedes:f10ac3e9ae71ff9fad1c36cf3a6ef00a3eb428e5e940aea8985ee2e929d5cc69,false,not-bound
5,P5-TEXT-ASYNC-PRESENTATION-01,worth-ui-query-binding,Query-owned native text presentation async result,qualified-text-world,1,async-presentation-lifecycle,worth-ui-ledger-evidence-v3,616464269fead068d2a691b25c4c77237ff4307dbff71a95c13711684023b88e,bypass-query-or-stale-presentation-completion,not-applicable,worth_ui_query_binding::presentation_async,workspaces/worth-ui/crates/worth-ui-query-binding/src/presentation_async/host_owner/settlement.rs::admit_presented,workspaces/worth-ui/apps/platform-pulse/tests/executable_world/courtroom/native_phase_f.rs::query_async_reconstruction_joins_exact_transitions_to_external_pixels_and_cleanup,family=query-presentation-authority;case=bypass-query-or-stale-presentation-completion,after-effects-may-have-begun,plans/worth-ui/milestone-3.14.1-evidence/p5-text-async-presentation-01.json,not-applicable,main-tests=1;hostile-controls=1;product-processes=1;compile-sessions=2;courtroom-worlds=1,executed-tests=2;presentations=3,python scripts/ci/run_worth_ui_ledger_test.py --manifest-path workspaces/worth-ui/Cargo.toml --package worth-ui-platform-pulse --test executable_world --features executable-world --test-name courtroom::native_phase_f::query_async_reconstruction_joins_exact_transitions_to_external_pixels_and_cleanup --control-package worth-ui-query-binding --control-lib --control-test-name presentation_async::host_owner::hostile_control_tests::typed_async_hostile_family_matches_the_independent_transition_adjudicator --requirement P5-TEXT-ASYNC-PRESENTATION-01 --source workspaces/worth-ui/apps/platform-pulse/Cargo.toml --source workspaces/worth-ui/apps/platform-pulse/src/main.rs --source workspaces/worth-ui/apps/platform-pulse/src/native_phase_f_application.rs --source workspaces/worth-ui/apps/platform-pulse/src/native_phase_f_evidence.rs --source workspaces/worth-ui/apps/platform-pulse/src/native_phase_f_world.rs --source workspaces/worth-ui/apps/platform-pulse/src/native_phase_f_world_evidence.rs --source workspaces/worth-ui/apps/platform-pulse/src/native_phase_f_cancellation_world.rs --source workspaces/worth-ui/apps/platform-pulse/src/query_source/installation.rs --source workspaces/worth-ui/apps/platform-pulse/tests/executable_world/courtroom/native_phase_f.rs --source workspaces/worth-ui/apps/platform-pulse/tests/executable_world/courtroom/native_phase_f/authored_pixel_contract.rs --source workspaces/worth-ui/apps/platform-pulse/tests/executable_world/courtroom/native_phase_f/pixels.rs --source workspaces/worth-ui/apps/platform-pulse/tests/executable_world/courtroom/native_phase_f/lineage.rs --source workspaces/worth-ui/apps/platform-pulse/tests/executable_world/courtroom/native_phase_f/retained_paint.rs --source workspaces/worth-ui/apps/platform-pulse/tests/executable_world/courtroom/native_phase_f/physical_trace.rs --source workspaces/worth-ui/apps/platform-pulse/tests/executable_world/native_platform/contract.rs --source workspaces/worth-ui/apps/platform-pulse/tests/executable_world/native_platform/windows.rs --source workspaces/worth-ui/apps/platform-pulse/tests/executable_world/native_platform/windows/observation_readiness.rs --source workspaces/worth-ui/apps/platform-pulse/tests/executable_world/product_process/launch.rs --source workspaces/worth-ui/apps/platform-pulse/tests/executable_world/product_process/output_capture.rs --source workspaces/worth-ui/crates/worth-ui-host-native/src/native/presentation/port/transaction.rs --source workspaces/worth-ui/crates/worth-ui-host-native/src/native/presentation/pending_wgpu_readback.rs --source workspaces/worth-ui/crates/worth-ui-host-native/src/native/presentation/qualified_external_obligation.rs --source workspaces/worth-ui/crates/worth-ui-host-native/src/native/presentation.rs --source workspaces/worth-ui/crates/worth-ui-host-native/src/native/presentation/glyph_observation.rs --source workspaces/worth-ui/crates/worth-ui-host-native/src/native/presentation/pending_settlement.rs --source workspaces/worth-ui/crates/worth-ui-host-native/src/native/presentation/retained_draw_list.rs --source workspaces/worth-ui/crates/worth-ui-host-native/src/native/mechanics_adapter/presentation.rs --source workspaces/worth-ui/crates/worth-ui-host-native/src/native/mechanics_adapter/presentation/retained_frame.rs --source workspaces/worth-ui/crates/worth-ui-host-native/src/native/observation.rs --source workspaces/worth-ui/crates/worth-ui-host-native/src/native/mod.rs --source workspaces/worth-ui/crates/worth-ui-host-native/src/native/host_state.rs --source workspaces/worth-ui/crates/worth-ui-host-native/src/native/event_loop/finish.rs --source workspaces/worth-ui/crates/worth-ui-host-native/src/native/event_loop/run.rs --source workspaces/worth-ui/crates/worth-ui-host-native/src/native/event_loop/thread_posture.rs --source workspaces/worth-ui/crates/worth-ui-host-native/src/lib.rs --source workspaces/worth-ui/crates/worth-ui-host-native/src/qualification.rs --source workspaces/worth-ui/crates/worth-ui-host-native/src/prepared_host.rs --source workspaces/worth-ui/crates/worth-ui-host-native/src/native/host_state/qualification.rs --source workspaces/worth-ui/crates/worth-ui-host-native/src/native/host_state/presentation_lifecycle.rs --source workspaces/worth-ui/crates/worth-ui-host-native/src/native/event_loop/physical_progression.rs --source workspaces/worth-ui/crates/worth-ui-host-native/src/native/event_loop/contract/client_shutdown.rs --source workspaces/worth-ui/crates/worth-ui-host-native/src/native/event_loop/contract/client_shutdown/text_presentation_work.rs --source workspaces/worth-ui/crates/worth-ui-host-native/src/native/resource_census.rs --source workspaces/worth-ui/crates/worth-ui-runtime/src/mounting/presentation/coordinator/pending_completion.rs --source workspaces/worth-ui/crates/worth-ui-runtime/src/mounting/presentation/coordinator/presentation_attempt.rs --source workspaces/worth-ui/crates/worth-ui-runtime/src/facade/entry/native_application_program.rs --source workspaces/worth-ui/crates/worth-ui-runtime/src/native_platform/application_driver/program_progress.rs --source workspaces/worth-ui/crates/worth-ui-runtime/src/facade/entry/native_application_shell.rs --source workspaces/worth-ui/crates/worth-ui-runtime/src/native_platform/application_driver/program_progress/physical_progress.rs --source workspaces/worth-ui/crates/worth-ui-runtime/src/native_platform/application_driver/shutdown_observation.rs --source workspaces/worth-ui/crates/worth-ui-runtime/src/native_platform/outcome.rs --source workspaces/worth-ui/crates/worth-ui-runtime/src/native_platform/mod.rs --source workspaces/worth-ui/crates/worth-ui-runtime/src/native_platform/text_presentation/work_observation.rs --source workspaces/worth-ui/crates/worth-ui-runtime/src/native_platform/text_presentation/work_observation/transcript.rs --source workspaces/worth-ui/crates/worth-ui-host-contract/src/qualified_text/glyph_run_view.rs --source workspaces/worth-ui/crates/worth-ui-native-platform/src/lib.rs --source workspaces/worth-ui/crates/worth-ui-query-binding/src/presentation_async/host_owner/settlement.rs --source workspaces/worth-ui/crates/worth-ui-query-binding/src/presentation_async/host_owner/unresolved.rs --source workspaces/worth-ui/crates/worth-ui-host-contract/src/mounted_frame/presentation.rs --source workspaces/worth-ui/crates/worth-ui/src/facade/app.rs --source workspaces/worth-ui/crates/worth-ui/tests/ui/facade/app_journey_pass/mounted_frame_uses_app_surface.rs --source workspaces/worth-ui/crates/worth-ui-host-native/src/native/event_loop.rs --source workspaces/worth-ui/crates/worth-ui-host-native/src/native/event_loop/callback_thread.rs --source workspaces/worth-ui/crates/worth-ui-host-native/src/native/event_loop/close_request.rs --source workspaces/worth-ui/crates/worth-ui-host-native/src/native/event_loop/readiness_progress.rs --source workspaces/worth-ui/crates/worth-ui-host-native/src/native/event_loop/contract.rs --source workspaces/worth-ui/crates/worth-ui-host-native/src/native/event_loop/window_port.rs --source workspaces/worth-ui/crates/worth-ui-host-native/src/native/host_state/presentation_lifecycle/owner_poll.rs --source workspaces/worth-ui/crates/worth-ui-host-native/src/native/host_state/presentation_lifecycle/ready_token.rs --source workspaces/worth-ui/crates/worth-ui-host-native/src/native/host_state/presentation_lifecycle/settlement.rs --source workspaces/worth-ui/crates/worth-ui-host-native/src/native/mechanics_adapter/presentation/pending_completion.rs --source workspaces/worth-ui/crates/worth-ui-host-native/src/native/presentation/port.rs --source workspaces/worth-ui/crates/worth-ui-host-native/src/native/presentation/transaction_state.rs --source workspaces/worth-ui/crates/worth-ui-host-native/src/native/physical_work_signal/completion_reconciliation.rs --source workspaces/worth-ui/crates/worth-ui-host-native/src/native/physical_work_signal/transition_observation.rs --source workspaces/worth-ui/crates/worth-ui-host-native/src/native/physical_work_signal/worker.rs --source workspaces/worth-ui/crates/worth-ui-runtime/src/facade/entry/mounted_frame_execution.rs --source workspaces/worth-ui/crates/worth-ui-runtime/src/runtime/presentation_state.rs --source workspaces/worth-ui/crates/worth-ui-runtime/src/runtime/presentation_state_tests.rs --source workspaces/worth-ui/crates/worth-ui-runtime/src/facade/entry/active_framework_turn/mounted_projection.rs --source workspaces/worth-ui/crates/worth-ui-runtime/src/facade/mounted.rs --source workspaces/worth-ui/crates/worth-ui-runtime/src/mounting/presentation/coordinator.rs --source workspaces/worth-ui/crates/worth-ui-runtime/src/mounting/presentation/coordinator/duplicate_observation.rs --source workspaces/worth-ui/crates/worth-ui-runtime/src/mounting/presentation/coordinator/pending_completion/presented.rs --source workspaces/worth-ui/crates/worth-ui-runtime/src/mounting/presentation/coordinator/presentation_outcome.rs --source workspaces/worth-ui/crates/worth-ui-runtime/src/mounting/presentation/coordinator/presented_semantic_settlement.rs --source workspaces/worth-ui/crates/worth-ui-runtime/src/mounting/presentation/coordinator/settlement.rs --source workspaces/worth-ui/crates/worth-ui-runtime/src/mounting/presentation/coordinator/surface_uncertainty.rs --source workspaces/worth-ui/crates/worth-ui-runtime/src/mounting/presentation/coordinator/presented.rs --source workspaces/worth-ui/crates/worth-ui-runtime/src/mounting/presentation/coordinator/superseding_admission.rs --source workspaces/worth-ui/crates/worth-ui-runtime/src/mounting/presentation/outcome.rs --source workspaces/worth-ui/crates/worth-ui-runtime/src/mounting/presentation/state.rs --source workspaces/worth-ui/crates/worth-ui-runtime/src/mounting/publication.rs --source workspaces/worth-ui/crates/worth-ui-runtime/src/mounting/retention/authority.rs --source workspaces/worth-ui/crates/worth-ui-runtime/src/mounting/retention/budget.rs --source workspaces/worth-ui/crates/worth-ui-runtime/src/mounting/retention/coordinator.rs --source workspaces/worth-ui/crates/worth-ui-runtime/src/mounting/retention/reservation.rs --source workspaces/worth-ui/crates/worth-ui-runtime/src/mounting/retention/successor_admission.rs --source workspaces/worth-ui/crates/worth-ui-runtime/src/mounting/session_state/publication.rs --source workspaces/worth-ui/crates/worth-ui-runtime/src/native_platform/application_driver.rs --source workspaces/worth-ui/crates/worth-ui-runtime/src/native_platform/application_driver/program_progress/physical_progress/pending_completion.rs --source workspaces/worth-ui/crates/worth-ui-runtime/src/native_platform/application_driver/program_progress/physical_progress/recovery_progress.rs --source workspaces/worth-ui/crates/worth-ui-runtime/src/native_platform/application_driver/program_progress/physical_progress/settlement_progress.rs --source workspaces/worth-ui/crates/worth-ui-runtime/src/native_platform/application_driver/program_progress/superseding_pair.rs --source workspaces/worth-ui/crates/worth-ui-runtime/src/native_platform/text_presentation/async_correspondence.rs --source workspaces/worth-ui/crates/worth-ui-host-native/src/native/physical_work_signal/mod.rs --source workspaces/worth-ui/crates/worth-ui-host-native/src/native/physical_work_signal/construction.rs --source workspaces/worth-ui/crates/worth-ui-host-native/src/native/physical_work_signal/counters.rs --source workspaces/worth-ui/crates/worth-ui-host-native/src/native/physical_work_signal/declarations/mod.rs --source workspaces/worth-ui/crates/worth-ui-host-native/src/native/physical_work_signal/declarations/aspects.rs --source workspaces/worth-ui/crates/worth-ui-host-native/src/native/physical_work_signal/declarations/resources.rs --source workspaces/worth-ui/crates/worth-ui-host-native/src/native/physical_work_signal/identity.rs --source workspaces/worth-ui/crates/worth-ui-host-native/src/native/physical_work_signal/lifecycle_observation.rs --source workspaces/worth-ui/crates/worth-ui-host-native/src/native/physical_work_signal/locality.rs --source workspaces/worth-ui/crates/worth-ui-host-native/src/native/physical_work_signal/observation.rs --source workspaces/worth-ui/crates/worth-ui-host-native/src/native/physical_work_signal/readiness_handoff.rs --source workspaces/worth-ui/crates/worth-ui-host-native/src/native/physical_work_signal/routing/mod.rs --source workspaces/worth-ui/crates/worth-ui-host-native/src/native/physical_work_signal/routing/progression.rs --source workspaces/worth-ui/crates/worth-ui-host-native/src/native/physical_work_signal/routing/request.rs --source workspaces/worth-ui/crates/worth-ui-host-native/src/native/physical_work_signal/routing/external_observation.rs --source workspaces/worth-ui/crates/worth-ui-host-native/src/native/physical_work_signal/shutdown.rs --source workspaces/worth-ui/crates/worth-ui-host-native/src/native/physical_work_signal/temporal_progression.rs --source workspaces/worth-ui/crates/worth-ui-host-native/src/native/physical_work_signal/wake_delivery.rs --source workspaces/worth-ui/crates/worth-ui-host-native/src/native/physical_work_signal/worker_graph.rs --source workspaces/worth-ui/crates/worth-ui-host-native/src/native/physical_work_signal/tests.rs --source workspaces/worth-ui/crates/worth-ui-host-native/src/native/physical_work_signal/tests/request_locality.rs --source workspaces/worth-ui/crates/worth-ui-query-binding/src/presentation_async/host_owner.rs --source workspaces/worth-ui/crates/worth-ui-query-binding/src/presentation_async/host_owner/admission.rs --source workspaces/worth-ui/crates/worth-ui-query-binding/src/presentation_async/host_owner/admission_recovery.rs --source workspaces/worth-ui/crates/worth-ui-query-binding/src/presentation_async/host_owner/cancellation.rs --source workspaces/worth-ui/crates/worth-ui-query-binding/src/presentation_async/host_owner/completion_semantic_changes.rs --source workspaces/worth-ui/crates/worth-ui-query-binding/src/presentation_async/host_owner/correspondence.rs --source workspaces/worth-ui/crates/worth-ui-query-binding/src/presentation_async/host_owner/installation.rs --source workspaces/worth-ui/crates/worth-ui-query-binding/src/presentation_async/host_owner/pending_progress.rs --source workspaces/worth-ui/crates/worth-ui-query-binding/src/presentation_async/host_owner/receipts.rs --source workspaces/worth-ui/crates/worth-ui-query-binding/src/presentation_async/host_owner/rejection.rs --source workspaces/worth-ui/crates/worth-ui-query-binding/src/presentation_async/host_owner/stops.rs --source workspaces/worth-ui/crates/worth-ui-query-binding/src/presentation_async/host_owner/superseded_settlement.rs --source workspaces/worth-ui/crates/worth-ui-query-binding/src/presentation_async/host_owner/superseded_observation.rs --source workspaces/worth-ui/crates/worth-ui-query-binding/src/presentation_async/host_owner/terminal_close.rs --source workspaces/worth-ui/crates/worth-ui-query-binding/src/presentation_async/host_owner/transition_trace.rs --source workspaces/worth-ui/crates/worth-ui-query-binding/src/presentation_async.rs --source workspaces/worth-ui/crates/worth-ui-query-binding/src/presentation_async/declaration.rs --source workspaces/worth-ui/crates/worth-ui-query-binding/src/presentation_async/observation.rs --source workspaces/worth-ui/crates/worth-ui-query-binding/src/presentation_async/request_basis.rs --source workspaces/worth-ui/crates/worth-ui-query-binding/src/presentation_async/request_basis/identity_parts.rs --source workspaces/worth-ui/crates/worth-ui-query-binding/src/presentation_async/request_basis/raster_key_set.rs --source workspaces/worth-ui/crates/worth-ui-query-binding/src/presentation_async/retained_posture.rs --source workspaces/worth-ui/crates/worth-ui-query-binding/src/presentation_async/runtime_bridge.rs --source workspaces/worth-ui/crates/worth-ui-query-binding/src/presentation_async/runtime_bridge/completion_access.rs --source workspaces/worth-ui/crates/worth-ui-query-binding/src/presentation_async/runtime_bridge/completion_progress.rs --source workspaces/worth-ui/crates/worth-ui-query-binding/src/presentation_async/runtime_bridge/schema.rs --source workspaces/worth-ui/crates/worth-ui-query-binding/src/presentation_async/semantic_invalidation.rs --source workspaces/worth-ui/crates/worth-ui-query-binding/src/presentation_async/semantic_invalidation/bridge_registrations.rs --source workspaces/worth-ui/crates/worth-ui-query-binding/src/presentation_async/semantic_invalidation/compute.rs --source workspaces/worth-ui/crates/worth-ui-query-binding/src/presentation_async/semantic_invalidation/graph_participation.rs --source workspaces/worth-ui/crates/worth-ui-query-binding/src/presentation_async/semantic_invalidation/installed_operation.rs --source workspaces/worth-ui/crates/worth-ui-query-binding/src/presentation_async/semantic_invalidation/installed_operation/contracts.rs --source workspaces/worth-ui/crates/worth-ui-query-binding/src/presentation_async/semantic_invalidation/installed_operation/executor.rs --source workspaces/worth-ui/crates/worth-ui-query-binding/src/presentation_async/semantic_invalidation/installed_operation/operation.rs --source workspaces/worth-ui/crates/worth-ui-query-binding/src/presentation_async/semantic_invalidation/instance.rs --source workspaces/worth-ui/crates/worth-ui-query-binding/src/presentation_async/semantic_registry.rs --source workspaces/worth-ui/crates/worth-ui-query-binding/src/presentation_async/semantic_registry/admission_index.rs --source workspaces/worth-ui/crates/worth-ui-query-binding/src/presentation_async/semantic_registry/execution.rs --source workspaces/worth-ui/crates/worth-ui-query-binding/src/presentation_async/semantic_registry/partition_scope.rs --source workspaces/worth-ui/crates/worth-ui-query-binding/src/presentation_async/semantic_registry/partitions.rs --source workspaces/worth-ui/crates/worth-ui-query-binding/src/presentation_async/semantic_registry/partitions/evidence_digest.rs --source workspaces/worth-ui/crates/worth-ui-query-binding/src/presentation_async/semantic_registry/partitions/subscriber_identity.rs --source workspaces/worth-ui/crates/worth-ui-query-binding/src/presentation_async/semantic_registry/subscriber_index.rs --source workspaces/worth-ui/crates/worth-ui-query-binding/src/presentation_async/semantic_transition.rs --source workspaces/worth-ui/crates/worth-ui-query-binding/src/presentation_async/terminal_projection.rs --source workspaces/worth-ui/crates/worth-ui-query-binding/src/presentation_async/host_owner_authority_tests.rs --source workspaces/worth-ui/crates/worth-ui-query-binding/src/presentation_async/host_owner_hostile_control_tests.rs --source workspaces/worth-ui/crates/worth-ui-query-binding/src/presentation_async/host_owner_tests.rs --source workspaces/worth-ui/crates/worth-ui-query-binding/src/presentation_async/host_owner_tests/completion.rs --source workspaces/worth-ui/crates/worth-ui-query-binding/src/presentation_async/host_owner_unresolved_tests.rs --source workspaces/worth-query/crates/worth-query/src/application/declaration/async_resource/request_identity.rs --source workspaces/worth-query/crates/worth-query/src/facade/exports_application.rs --source workspaces/worth-query/crates/worth-query/src/runtime/async_result_identity.rs --source workspaces/worth-query/crates/worth-query/src/runtime/async_result_projection.rs --source workspaces/worth-query/crates/worth-query/src/runtime/async_result_state.rs --source workspaces/worth-query/crates/worth-query/src/runtime/async_source_binding.rs --source workspaces/worth-query/crates/worth-query/src/runtime/async_source_transition.rs --source workspaces/worth-query/crates/worth-query/src/runtime/async_source_transition_plan.rs --source workspaces/worth-query/crates/worth-query/src/runtime/bridge_async_live_view_declaration.rs --source workspaces/worth-query/crates/worth-query/src/runtime/owned_async_source.rs --source workspaces/worth-query/crates/worth-query/src/runtime/owned_async_supersession.rs --source workspaces/worth-query/crates/worth-query/src/runtime/owned_conditional_instance.rs --source workspaces/worth-query/crates/worth-query/src/runtime/workspace/owned_async_source.rs --source workspaces/worth-query/crates/worth-query/src/runtime/workspace/owned_conditional_instance.rs --source crates/worth-runtime-bridge/src/conditional_execution.rs --source crates/worth-runtime-bridge/src/conditional_execution/contract.rs --source crates/worth-runtime-bridge/src/conditional_execution/owned_async.rs --source crates/worth-runtime-bridge/src/conditional_execution/owned_async_observation.rs --source crates/worth-runtime-bridge/src/facade/exports_core.rs --source crates/worth-runtime-bridge/src/source/async_declaration/completion/mod.rs --source crates/worth-runtime-bridge/src/source/async_declaration/completion/admitted.rs --source crates/worth-runtime-bridge/src/source/async_declaration/completion/completion.rs --source crates/worth-runtime-bridge/src/source/async_declaration/completion/indeterminate.rs --source crates/worth-runtime-bridge/src/source/async_declaration/completion/rejection.rs --source workspaces/worth-ui/crates/worth-ui-host-contract/src/mounted_frame/presentation_work/authority.rs --source workspaces/worth-ui/crates/worth-ui-certification/tests/fixtures/compile_contracts/Cargo.toml --source workspaces/worth-ui/crates/worth-ui-certification/tests/suites/compile_contract_execution.csv --source workspaces/worth-ui/crates/worth-ui-certification/tests/ui/phase5_async_authority/live_authority_cannot_be_reconstructed_or_substituted.rs --source workspaces/worth-ui/crates/worth-ui-certification/tests/ui/phase5_async_authority/live_authority_cannot_be_reconstructed_or_substituted.stderr --source workspaces/worth-ui/crates/worth-ui-certification/tests/ui/phase5_async_authority/live_authority_flows_through_owner_issued_values.rs --source workspaces/worth-ui/crates/worth-ui-certification/tests/ui/phase5_async_authority/physical_signal_cannot_authorize_query_effect.rs --source workspaces/worth-ui/crates/worth-ui-certification/tests/ui/phase5_async_authority/physical_signal_cannot_authorize_query_effect.stderr --source workspaces/worth-ui/crates/worth-ui-certification/tests/ui/phase5_async_authority/recovery_authority_is_not_serializable.rs --source workspaces/worth-ui/crates/worth-ui-certification/tests/ui/phase5_async_authority/recovery_authority_is_not_serializable.stderr --source workspaces/worth-ui/crates/worth-ui-certification/tests/ui/phase5_async_authority/reporting_material_cannot_open_authority.rs --source workspaces/worth-ui/crates/worth-ui-certification/tests/ui/phase5_async_authority/reporting_material_cannot_open_authority.stderr --source workspaces/worth-ui/crates/worth-ui-runtime/src/mounting/presentation/coordinator/cancellation.rs --source workspaces/worth-ui/crates/worth-ui-runtime/src/mounting/presentation/coordinator/cancellation_settlement.rs --source workspaces/worth-ui/crates/worth-ui-runtime/src/mounting/presentation/terminal.rs --source workspaces/worth-ui/crates/worth-ui-runtime/src/native_platform/application_driver/physical_recovery_tracker.rs --source workspaces/worth-ui/crates/worth-ui-certification/tests/application_contracts/mounted_presentation/query_uncertainty.rs --source plans/worth-ui/milestone-3.14.1-evidence/compile-contracts.json --source scripts/ci/run_worth_ui_compile_contracts.py --source scripts/ci/worth_ui_3141_case_contracts.py --source scripts/ci/worth_ui_3141_p5_case_contracts.py --source workspaces/worth-ui/crates/worth-ui-certification/tests/milestone_3141_phase1_ledger/phase_five_case_contract.rs --source workspaces/worth-ui/crates/worth-ui-certification/tests/milestone_3141_phase1_ledger/result_artifact.rs --artifact plans/worth-ui/milestone-3.14.1-evidence/p5-text-async-presentation-01.json,0,not-run,plans/worth-ui/milestone-3.14.1-evidence/p5-text-async-presentation-01.json,not-bound,not-bound,not-bound,not-bound,workspaces/worth-ui/apps/platform-pulse/Cargo.toml;workspaces/worth-ui/apps/platform-pulse/src/main.rs;workspaces/worth-ui/apps/platform-pulse/src/native_phase_f_application.rs;workspaces/worth-ui/apps/platform-pulse/src/native_phase_f_evidence.rs;workspaces/worth-ui/apps/platform-pulse/src/native_phase_f_world.rs;workspaces/worth-ui/apps/platform-pulse/src/native_phase_f_world_evidence.rs;workspaces/worth-ui/apps/platform-pulse/src/native_phase_f_cancellation_world.rs;workspaces/worth-ui/apps/platform-pulse/src/query_source/installation.rs;workspaces/worth-ui/apps/platform-pulse/tests/executable_world/courtroom/native_phase_f.rs;workspaces/worth-ui/apps/platform-pulse/tests/executable_world/courtroom/native_phase_f/authored_pixel_contract.rs;workspaces/worth-ui/apps/platform-pulse/tests/executable_world/courtroom/native_phase_f/pixels.rs;workspaces/worth-ui/apps/platform-pulse/tests/executable_world/courtroom/native_phase_f/lineage.rs;workspaces/worth-ui/apps/platform-pulse/tests/executable_world/courtroom/native_phase_f/retained_paint.rs;workspaces/worth-ui/apps/platform-pulse/tests/executable_world/courtroom/native_phase_f/physical_trace.rs;workspaces/worth-ui/apps/platform-pulse/tests/executable_world/native_platform/contract.rs;workspaces/worth-ui/apps/platform-pulse/tests/executable_world/native_platform/windows.rs;workspaces/worth-ui/apps/platform-pulse/tests/executable_world/native_platform/windows/observation_readiness.rs;workspaces/worth-ui/apps/platform-pulse/tests/executable_world/product_process/launch.rs;workspaces/worth-ui/apps/platform-pulse/tests/executable_world/product_process/output_capture.rs;workspaces/worth-ui/crates/worth-ui-host-native/src/native/presentation/port/transaction.rs;workspaces/worth-ui/crates/worth-ui-host-native/src/native/presentation/pending_wgpu_readback.rs;workspaces/worth-ui/crates/worth-ui-host-native/src/native/presentation/qualified_external_obligation.rs;workspaces/worth-ui/crates/worth-ui-host-native/src/native/presentation.rs;workspaces/worth-ui/crates/worth-ui-host-native/src/native/presentation/glyph_observation.rs;workspaces/worth-ui/crates/worth-ui-host-native/src/native/presentation/pending_settlement.rs;workspaces/worth-ui/crates/worth-ui-host-native/src/native/presentation/retained_draw_list.rs;workspaces/worth-ui/crates/worth-ui-host-native/src/native/mechanics_adapter/presentation.rs;workspaces/worth-ui/crates/worth-ui-host-native/src/native/mechanics_adapter/presentation/retained_frame.rs;workspaces/worth-ui/crates/worth-ui-host-native/src/native/observation.rs;workspaces/worth-ui/crates/worth-ui-host-native/src/native/mod.rs;workspaces/worth-ui/crates/worth-ui-host-native/src/native/host_state.rs;workspaces/worth-ui/crates/worth-ui-host-native/src/native/event_loop/finish.rs;workspaces/worth-ui/crates/worth-ui-host-native/src/native/event_loop/run.rs;workspaces/worth-ui/crates/worth-ui-host-native/src/native/event_loop/thread_posture.rs;workspaces/worth-ui/crates/worth-ui-host-native/src/lib.rs;workspaces/worth-ui/crates/worth-ui-host-native/src/qualification.rs;workspaces/worth-ui/crates/worth-ui-host-native/src/prepared_host.rs;workspaces/worth-ui/crates/worth-ui-host-native/src/native/host_state/qualification.rs;workspaces/worth-ui/crates/worth-ui-host-native/src/native/host_state/presentation_lifecycle.rs;workspaces/worth-ui/crates/worth-ui-host-native/src/native/event_loop/physical_progression.rs;workspaces/worth-ui/crates/worth-ui-host-native/src/native/event_loop/contract/client_shutdown.rs;workspaces/worth-ui/crates/worth-ui-host-native/src/native/event_loop/contract/client_shutdown/text_presentation_work.rs;workspaces/worth-ui/crates/worth-ui-host-native/src/native/resource_census.rs;workspaces/worth-ui/crates/worth-ui-runtime/src/mounting/presentation/coordinator/pending_completion.rs;workspaces/worth-ui/crates/worth-ui-runtime/src/mounting/presentation/coordinator/presentation_attempt.rs;workspaces/worth-ui/crates/worth-ui-runtime/src/facade/entry/native_application_program.rs;workspaces/worth-ui/crates/worth-ui-runtime/src/native_platform/application_driver/program_progress.rs;workspaces/worth-ui/crates/worth-ui-runtime/src/facade/entry/native_application_shell.rs;workspaces/worth-ui/crates/worth-ui-runtime/src/native_platform/application_driver/program_progress/physical_progress.rs;workspaces/worth-ui/crates/worth-ui-runtime/src/native_platform/application_driver/shutdown_observation.rs;workspaces/worth-ui/crates/worth-ui-runtime/src/native_platform/outcome.rs;workspaces/worth-ui/crates/worth-ui-runtime/src/native_platform/mod.rs;workspaces/worth-ui/crates/worth-ui-runtime/src/native_platform/text_presentation/work_observation.rs;workspaces/worth-ui/crates/worth-ui-runtime/src/native_platform/text_presentation/work_observation/transcript.rs;workspaces/worth-ui/crates/worth-ui-host-contract/src/qualified_text/glyph_run_view.rs;workspaces/worth-ui/crates/worth-ui-native-platform/src/lib.rs;workspaces/worth-ui/crates/worth-ui-query-binding/src/presentation_async/host_owner/settlement.rs;workspaces/worth-ui/crates/worth-ui-query-binding/src/presentation_async/host_owner/unresolved.rs;workspaces/worth-ui/crates/worth-ui-host-contract/src/mounted_frame/presentation.rs;workspaces/worth-ui/crates/worth-ui/src/facade/app.rs;workspaces/worth-ui/crates/worth-ui/tests/ui/facade/app_journey_pass/mounted_frame_uses_app_surface.rs;workspaces/worth-ui/crates/worth-ui-host-native/src/native/event_loop.rs;workspaces/worth-ui/crates/worth-ui-host-native/src/native/event_loop/callback_thread.rs;workspaces/worth-ui/crates/worth-ui-host-native/src/native/event_loop/close_request.rs;workspaces/worth-ui/crates/worth-ui-host-native/src/native/event_loop/readiness_progress.rs;workspaces/worth-ui/crates/worth-ui-host-native/src/native/event_loop/contract.rs;workspaces/worth-ui/crates/worth-ui-host-native/src/native/event_loop/window_port.rs;workspaces/worth-ui/crates/worth-ui-host-native/src/native/host_state/presentation_lifecycle/owner_poll.rs;workspaces/worth-ui/crates/worth-ui-host-native/src/native/host_state/presentation_lifecycle/ready_token.rs;workspaces/worth-ui/crates/worth-ui-host-native/src/native/host_state/presentation_lifecycle/settlement.rs;workspaces/worth-ui/crates/worth-ui-host-native/src/native/mechanics_adapter/presentation/pending_completion.rs;workspaces/worth-ui/crates/worth-ui-host-native/src/native/presentation/port.rs;workspaces/worth-ui/crates/worth-ui-host-native/src/native/presentation/transaction_state.rs;workspaces/worth-ui/crates/worth-ui-host-native/src/native/physical_work_signal/completion_reconciliation.rs;workspaces/worth-ui/crates/worth-ui-host-native/src/native/physical_work_signal/transition_observation.rs;workspaces/worth-ui/crates/worth-ui-host-native/src/native/physical_work_signal/worker.rs;workspaces/worth-ui/crates/worth-ui-runtime/src/facade/entry/mounted_frame_execution.rs;workspaces/worth-ui/crates/worth-ui-runtime/src/runtime/presentation_state.rs;workspaces/worth-ui/crates/worth-ui-runtime/src/runtime/presentation_state_tests.rs;workspaces/worth-ui/crates/worth-ui-runtime/src/facade/entry/active_framework_turn/mounted_projection.rs;workspaces/worth-ui/crates/worth-ui-runtime/src/facade/mounted.rs;workspaces/worth-ui/crates/worth-ui-runtime/src/mounting/presentation/coordinator.rs;workspaces/worth-ui/crates/worth-ui-runtime/src/mounting/presentation/coordinator/duplicate_observation.rs;workspaces/worth-ui/crates/worth-ui-runtime/src/mounting/presentation/coordinator/pending_completion/presented.rs;workspaces/worth-ui/crates/worth-ui-runtime/src/mounting/presentation/coordinator/presentation_outcome.rs;workspaces/worth-ui/crates/worth-ui-runtime/src/mounting/presentation/coordinator/presented_semantic_settlement.rs;workspaces/worth-ui/crates/worth-ui-runtime/src/mounting/presentation/coordinator/settlement.rs;workspaces/worth-ui/crates/worth-ui-runtime/src/mounting/presentation/coordinator/surface_uncertainty.rs;workspaces/worth-ui/crates/worth-ui-runtime/src/mounting/presentation/coordinator/presented.rs;workspaces/worth-ui/crates/worth-ui-runtime/src/mounting/presentation/coordinator/superseding_admission.rs;workspaces/worth-ui/crates/worth-ui-runtime/src/mounting/presentation/outcome.rs;workspaces/worth-ui/crates/worth-ui-runtime/src/mounting/presentation/state.rs;workspaces/worth-ui/crates/worth-ui-runtime/src/mounting/publication.rs;workspaces/worth-ui/crates/worth-ui-runtime/src/mounting/retention/authority.rs;workspaces/worth-ui/crates/worth-ui-runtime/src/mounting/retention/budget.rs;workspaces/worth-ui/crates/worth-ui-runtime/src/mounting/retention/coordinator.rs;workspaces/worth-ui/crates/worth-ui-runtime/src/mounting/retention/reservation.rs;workspaces/worth-ui/crates/worth-ui-runtime/src/mounting/retention/successor_admission.rs;workspaces/worth-ui/crates/worth-ui-runtime/src/mounting/session_state/publication.rs;workspaces/worth-ui/crates/worth-ui-runtime/src/native_platform/application_driver.rs;workspaces/worth-ui/crates/worth-ui-runtime/src/native_platform/application_driver/program_progress/physical_progress/pending_completion.rs;workspaces/worth-ui/crates/worth-ui-runtime/src/native_platform/application_driver/program_progress/physical_progress/recovery_progress.rs;workspaces/worth-ui/crates/worth-ui-runtime/src/native_platform/application_driver/program_progress/physical_progress/settlement_progress.rs;workspaces/worth-ui/crates/worth-ui-runtime/src/native_platform/application_driver/program_progress/superseding_pair.rs;workspaces/worth-ui/crates/worth-ui-runtime/src/native_platform/text_presentation/async_correspondence.rs;workspaces/worth-ui/crates/worth-ui-host-native/src/native/physical_work_signal/mod.rs;workspaces/worth-ui/crates/worth-ui-host-native/src/native/physical_work_signal/construction.rs;workspaces/worth-ui/crates/worth-ui-host-native/src/native/physical_work_signal/counters.rs;workspaces/worth-ui/crates/worth-ui-host-native/src/native/physical_work_signal/declarations/mod.rs;workspaces/worth-ui/crates/worth-ui-host-native/src/native/physical_work_signal/declarations/aspects.rs;workspaces/worth-ui/crates/worth-ui-host-native/src/native/physical_work_signal/declarations/resources.rs;workspaces/worth-ui/crates/worth-ui-host-native/src/native/physical_work_signal/identity.rs;workspaces/worth-ui/crates/worth-ui-host-native/src/native/physical_work_signal/lifecycle_observation.rs;workspaces/worth-ui/crates/worth-ui-host-native/src/native/physical_work_signal/locality.rs;workspaces/worth-ui/crates/worth-ui-host-native/src/native/physical_work_signal/observation.rs;workspaces/worth-ui/crates/worth-ui-host-native/src/native/physical_work_signal/readiness_handoff.rs;workspaces/worth-ui/crates/worth-ui-host-native/src/native/physical_work_signal/routing/mod.rs;workspaces/worth-ui/crates/worth-ui-host-native/src/native/physical_work_signal/routing/progression.rs;workspaces/worth-ui/crates/worth-ui-host-native/src/native/physical_work_signal/routing/request.rs;workspaces/worth-ui/crates/worth-ui-host-native/src/native/physical_work_signal/routing/external_observation.rs;workspaces/worth-ui/crates/worth-ui-host-native/src/native/physical_work_signal/shutdown.rs;workspaces/worth-ui/crates/worth-ui-host-native/src/native/physical_work_signal/temporal_progression.rs;workspaces/worth-ui/crates/worth-ui-host-native/src/native/physical_work_signal/wake_delivery.rs;workspaces/worth-ui/crates/worth-ui-host-native/src/native/physical_work_signal/worker_graph.rs;workspaces/worth-ui/crates/worth-ui-host-native/src/native/physical_work_signal/tests.rs;workspaces/worth-ui/crates/worth-ui-host-native/src/native/physical_work_signal/tests/request_locality.rs;workspaces/worth-ui/crates/worth-ui-query-binding/src/presentation_async/host_owner.rs;workspaces/worth-ui/crates/worth-ui-query-binding/src/presentation_async/host_owner/admission.rs;workspaces/worth-ui/crates/worth-ui-query-binding/src/presentation_async/host_owner/admission_recovery.rs;workspaces/worth-ui/crates/worth-ui-query-binding/src/presentation_async/host_owner/cancellation.rs;workspaces/worth-ui/crates/worth-ui-query-binding/src/presentation_async/host_owner/completion_semantic_changes.rs;workspaces/worth-ui/crates/worth-ui-query-binding/src/presentation_async/host_owner/correspondence.rs;workspaces/worth-ui/crates/worth-ui-query-binding/src/presentation_async/host_owner/installation.rs;workspaces/worth-ui/crates/worth-ui-query-binding/src/presentation_async/host_owner/pending_progress.rs;workspaces/worth-ui/crates/worth-ui-query-binding/src/presentation_async/host_owner/receipts.rs;workspaces/worth-ui/crates/worth-ui-query-binding/src/presentation_async/host_owner/rejection.rs;workspaces/worth-ui/crates/worth-ui-query-binding/src/presentation_async/host_owner/stops.rs;workspaces/worth-ui/crates/worth-ui-query-binding/src/presentation_async/host_owner/superseded_settlement.rs;workspaces/worth-ui/crates/worth-ui-query-binding/src/presentation_async/host_owner/superseded_observation.rs;workspaces/worth-ui/crates/worth-ui-query-binding/src/presentation_async/host_owner/terminal_close.rs;workspaces/worth-ui/crates/worth-ui-query-binding/src/presentation_async/host_owner/transition_trace.rs;workspaces/worth-ui/crates/worth-ui-query-binding/src/presentation_async.rs;workspaces/worth-ui/crates/worth-ui-query-binding/src/presentation_async/declaration.rs;workspaces/worth-ui/crates/worth-ui-query-binding/src/presentation_async/observation.rs;workspaces/worth-ui/crates/worth-ui-query-binding/src/presentation_async/request_basis.rs;workspaces/worth-ui/crates/worth-ui-query-binding/src/presentation_async/request_basis/identity_parts.rs;workspaces/worth-ui/crates/worth-ui-query-binding/src/presentation_async/request_basis/raster_key_set.rs;workspaces/worth-ui/crates/worth-ui-query-binding/src/presentation_async/retained_posture.rs;workspaces/worth-ui/crates/worth-ui-query-binding/src/presentation_async/runtime_bridge.rs;workspaces/worth-ui/crates/worth-ui-query-binding/src/presentation_async/runtime_bridge/completion_access.rs;workspaces/worth-ui/crates/worth-ui-query-binding/src/presentation_async/runtime_bridge/completion_progress.rs;workspaces/worth-ui/crates/worth-ui-query-binding/src/presentation_async/runtime_bridge/schema.rs;workspaces/worth-ui/crates/worth-ui-query-binding/src/presentation_async/semantic_invalidation.rs;workspaces/worth-ui/crates/worth-ui-query-binding/src/presentation_async/semantic_invalidation/bridge_registrations.rs;workspaces/worth-ui/crates/worth-ui-query-binding/src/presentation_async/semantic_invalidation/compute.rs;workspaces/worth-ui/crates/worth-ui-query-binding/src/presentation_async/semantic_invalidation/graph_participation.rs;workspaces/worth-ui/crates/worth-ui-query-binding/src/presentation_async/semantic_invalidation/installed_operation.rs;workspaces/worth-ui/crates/worth-ui-query-binding/src/presentation_async/semantic_invalidation/installed_operation/contracts.rs;workspaces/worth-ui/crates/worth-ui-query-binding/src/presentation_async/semantic_invalidation/installed_operation/executor.rs;workspaces/worth-ui/crates/worth-ui-query-binding/src/presentation_async/semantic_invalidation/installed_operation/operation.rs;workspaces/worth-ui/crates/worth-ui-query-binding/src/presentation_async/semantic_invalidation/instance.rs;workspaces/worth-ui/crates/worth-ui-query-binding/src/presentation_async/semantic_registry.rs;workspaces/worth-ui/crates/worth-ui-query-binding/src/presentation_async/semantic_registry/admission_index.rs;workspaces/worth-ui/crates/worth-ui-query-binding/src/presentation_async/semantic_registry/execution.rs;workspaces/worth-ui/crates/worth-ui-query-binding/src/presentation_async/semantic_registry/partition_scope.rs;workspaces/worth-ui/crates/worth-ui-query-binding/src/presentation_async/semantic_registry/partitions.rs;workspaces/worth-ui/crates/worth-ui-query-binding/src/presentation_async/semantic_registry/partitions/evidence_digest.rs;workspaces/worth-ui/crates/worth-ui-query-binding/src/presentation_async/semantic_registry/partitions/subscriber_identity.rs;workspaces/worth-ui/crates/worth-ui-query-binding/src/presentation_async/semantic_registry/subscriber_index.rs;workspaces/worth-ui/crates/worth-ui-query-binding/src/presentation_async/semantic_transition.rs;workspaces/worth-ui/crates/worth-ui-query-binding/src/presentation_async/terminal_projection.rs;workspaces/worth-ui/crates/worth-ui-query-binding/src/presentation_async/host_owner_authority_tests.rs;workspaces/worth-ui/crates/worth-ui-query-binding/src/presentation_async/host_owner_hostile_control_tests.rs;workspaces/worth-ui/crates/worth-ui-query-binding/src/presentation_async/host_owner_tests.rs;workspaces/worth-ui/crates/worth-ui-query-binding/src/presentation_async/host_owner_tests/completion.rs;workspaces/worth-ui/crates/worth-ui-query-binding/src/presentation_async/host_owner_unresolved_tests.rs;workspaces/worth-query/crates/worth-query/src/application/declaration/async_resource/request_identity.rs;workspaces/worth-query/crates/worth-query/src/facade/exports_application.rs;workspaces/worth-query/crates/worth-query/src/runtime/async_result_identity.rs;workspaces/worth-query/crates/worth-query/src/runtime/async_result_projection.rs;workspaces/worth-query/crates/worth-query/src/runtime/async_result_state.rs;workspaces/worth-query/crates/worth-query/src/runtime/async_source_binding.rs;workspaces/worth-query/crates/worth-query/src/runtime/async_source_transition.rs;workspaces/worth-query/crates/worth-query/src/runtime/async_source_transition_plan.rs;workspaces/worth-query/crates/worth-query/src/runtime/bridge_async_live_view_declaration.rs;workspaces/worth-query/crates/worth-query/src/runtime/owned_async_source.rs;workspaces/worth-query/crates/worth-query/src/runtime/owned_async_supersession.rs;workspaces/worth-query/crates/worth-query/src/runtime/owned_conditional_instance.rs;workspaces/worth-query/crates/worth-query/src/runtime/workspace/owned_async_source.rs;workspaces/worth-query/crates/worth-query/src/runtime/workspace/owned_conditional_instance.rs;crates/worth-runtime-bridge/src/conditional_execution.rs;crates/worth-runtime-bridge/src/conditional_execution/contract.rs;crates/worth-runtime-bridge/src/conditional_execution/owned_async.rs;crates/worth-runtime-bridge/src/conditional_execution/owned_async_observation.rs;crates/worth-runtime-bridge/src/facade/exports_core.rs;crates/worth-runtime-bridge/src/source/async_declaration/completion/mod.rs;crates/worth-runtime-bridge/src/source/async_declaration/completion/admitted.rs;crates/worth-runtime-bridge/src/source/async_declaration/completion/completion.rs;crates/worth-runtime-bridge/src/source/async_declaration/completion/indeterminate.rs;crates/worth-runtime-bridge/src/source/async_declaration/completion/rejection.rs;workspaces/worth-ui/crates/worth-ui-host-contract/src/mounted_frame/presentation_work/authority.rs;workspaces/worth-ui/crates/worth-ui-certification/tests/fixtures/compile_contracts/Cargo.toml;workspaces/worth-ui/crates/worth-ui-certification/tests/suites/compile_contract_execution.csv;workspaces/worth-ui/crates/worth-ui-certification/tests/ui/phase5_async_authority/live_authority_cannot_be_reconstructed_or_substituted.rs;workspaces/worth-ui/crates/worth-ui-certification/tests/ui/phase5_async_authority/live_authority_cannot_be_reconstructed_or_substituted.stderr;workspaces/worth-ui/crates/worth-ui-certification/tests/ui/phase5_async_authority/live_authority_flows_through_owner_issued_values.rs;workspaces/worth-ui/crates/worth-ui-certification/tests/ui/phase5_async_authority/physical_signal_cannot_authorize_query_effect.rs;workspaces/worth-ui/crates/worth-ui-certification/tests/ui/phase5_async_authority/physical_signal_cannot_authorize_query_effect.stderr;workspaces/worth-ui/crates/worth-ui-certification/tests/ui/phase5_async_authority/recovery_authority_is_not_serializable.rs;workspaces/worth-ui/crates/worth-ui-certification/tests/ui/phase5_async_authority/recovery_authority_is_not_serializable.stderr;workspaces/worth-ui/crates/worth-ui-certification/tests/ui/phase5_async_authority/reporting_material_cannot_open_authority.rs;workspaces/worth-ui/crates/worth-ui-certification/tests/ui/phase5_async_authority/reporting_material_cannot_open_authority.stderr;workspaces/worth-ui/crates/worth-ui-runtime/src/mounting/presentation/coordinator/cancellation.rs;workspaces/worth-ui/crates/worth-ui-runtime/src/mounting/presentation/coordinator/cancellation_settlement.rs;workspaces/worth-ui/crates/worth-ui-runtime/src/mounting/presentation/terminal.rs;workspaces/worth-ui/crates/worth-ui-runtime/src/native_platform/application_driver/physical_recovery_tracker.rs;workspaces/worth-ui/crates/worth-ui-certification/tests/application_contracts/mounted_presentation/query_uncertainty.rs;plans/worth-ui/milestone-3.14.1-evidence/compile-contracts.json;scripts/ci/run_worth_ui_compile_contracts.py;scripts/ci/worth_ui_3141_case_contracts.py;scripts/ci/worth_ui_3141_p5_case_contracts.py;workspaces/worth-ui/crates/worth-ui-certification/tests/milestone_3141_phase1_ledger/phase_five_case_contract.rs;workspaces/worth-ui/crates/worth-ui-certification/tests/milestone_3141_phase1_ledger/result_artifact.rs,worth-ui-global-text-v2,cec6005c5baef6d69ada9c30c02ced25b0f253f80c012784fe925e307935c3f2,worth-ui-windows-dx12-v1,1c937a22f42660267480a055e48256b25decf0c4cd5d4d7b493e5df034c6c65b,harfrust=0.12.0;harfrust-features=std;read-fonts=0.41.0;read-fonts-features=std+experimental_traverse;icu-segmenter=2.2.0;skrifa=0.44.0;skrifa-features=std;kurbo=0.13.1;kurbo-features=default+serde+std;linesweeper=0.4.0;linesweeper-features=none;icu-segmenter-features=compiled_data+auto;unicode-bidi=0.3.18;unicode-bidi-features=std;unicode-segmentation=1.13.3;protocol=5;text-profile=worth-ui-global-text-v2;qualification=closed,presentation-transitions=10,not-applicable,not-applicable,OPEN,supersedes:efcf0db5b4381a837c7e9750a8df9b5f69112369662a54dafb784d5c105ab64b,false,not-bound
5,P5-CLOSE-01,worth-ui-certification,phase five final source closure,phase-five-ledger-world,1,ledger-closure,worth-ui-ledger-evidence-v3,3ce205f7493efb96787a98b3caae86159438a94e64493d9e56f19ec9af8b905c,open-requirement,not-applicable,worth_ui_certification::phase_five_ledger,workspaces/worth-ui/crates/worth-ui-certification/tests/milestone_3141_phase1_ledger.rs::validate_phase_closure,workspaces/worth-ui/crates/worth-ui-certification/tests/milestone_3141_phase1_ledger.rs::phase_five_closure_requires_every_predecessor_and_phase_five_row,family=ledger;case=open-requirement,not-applicable,plans/worth-ui/milestone-3.14.1-evidence/p5-close-01.json,not-applicable,main-tests=1;hostile-controls=1;product-processes=0;compile-sessions=0;courtroom-worlds=0,executed-tests=2;presentations=0,python scripts/ci/run_worth_ui_ledger_test.py --manifest-path workspaces/worth-ui/Cargo.toml --package worth-ui-certification --test topology_contracts --test-name milestone_3141_phase1_ledger::phase_five_closure_requires_every_predecessor_and_phase_five_row --control-package worth-ui-certification --control-test topology_contracts --control-test-name milestone_3141_phase1_ledger::mutation_tests::phase_closure_mode_rejects_open_rows_at_or_before_its_gate --requirement P5-CLOSE-01 --source workspaces/worth-ui/crates/worth-ui-certification/tests/milestone_3141_phase1_ledger.rs --source workspaces/worth-ui/crates/worth-ui-certification/tests/milestone_3141_phase1_ledger/phase_progression.rs --source workspaces/worth-ui/crates/worth-ui-certification/tests/milestone_3141_phase1_ledger/mutation_tests.rs --source workspaces/worth-ui/docs/text-platform.md --source workspaces/worth-ui/crates/worth-ui/examples/text_platform.rs --source workspaces/worth-ui/crates/worth-ui/src/lib.rs --source workspaces/worth-ui/crates/worth-ui/src/facade/app.rs --source workspaces/worth-ui/crates/worth-ui/src/facade/declaration.rs --source scripts/ci/worth_ui_3141_p5_proofs.py --source scripts/ci/worth_ui_3141_p5_proof_builders.py --source scripts/ci/worth_ui_3141_p5_source_owners.py --source scripts/ci/worth_ui_3141_p5_source_worlds.py --source scripts/ci/close_worth_ui_3141_ledger.py --source scripts/ci/worth_ui_ledger_acceptance.py --source scripts/ci/worth_ui_ledger_closure_selection.py --source scripts/ci/verify_worth_ui_3141_ledger.py --source scripts/ci/worth_ui_3141_proof_plan.py --source scripts/ci/worth_ui_ledger_command.py --source scripts/ci/worth_ui_ledger_artifact_transaction.py --source scripts/ci/worth_ui_ledger_causal_revalidation.py --source scripts/ci/worth_ui_ledger_closure_storage.py --source scripts/ci/worth_ui_ledger_durable_receipts.py --source scripts/ci/worth_ui_ledger_runner_authentication.py --source scripts/ci/worth_ui_ledger_row_cache.py --source scripts/ci/worth_ui_ledger_row_execution.py --source scripts/ci/worth_ui_ledger_execution_cache.py --source scripts/ci/worth_ui_ledger_governed_snapshot.py --source scripts/ci/worth_ui_ledger_portfolio_snapshot.py --source scripts/ci/worth_ui_ledger_portfolio_executions.py --source scripts/ci/worth_ui_ledger_retained_portfolio.py --source scripts/ci/worth_ui_ledger_source_state.py --source scripts/ci/worth_ui_predecessor_causal_refresh.py --source scripts/ci/worth_ui_predecessor_candidate.py --source scripts/ci/worth_ui_predecessor_refresh_order.py --source scripts/ci/worth_ui_predecessor_handoff.py --source scripts/ci/worth_ui_ledger_public_example.py --source scripts/ci/worth_ui_ledger_phase_five_portfolio.py --source scripts/ci/test_worth_ui_ledger_causal_revalidation.py --source scripts/ci/test_worth_ui_ledger_phase_selection.py --source scripts/ci/test_worth_ui_ledger_retained_portfolio.py --source scripts/ci/test_worth_ui_predecessor_causal_refresh.py --source workspaces/worth-ui/crates/worth-ui-certification/tests/milestone_3141_phase1_ledger/result_artifact_cost.rs --source plans/worth-ui/milestone-3.14.1.md --source plans/worth-ui/milestone-3.14.1-phase-5.md --source plans/worth-ui/milestone-3.14.1-phase-5-implementation-plan.md --source plans/worth-ui/worth_ui_roadmap.md --artifact plans/worth-ui/milestone-3.14.1-evidence/p5-close-01.json,0,not-run,plans/worth-ui/milestone-3.14.1-evidence/p5-close-01.json,not-bound,not-bound,not-bound,not-bound,workspaces/worth-ui/crates/worth-ui-certification/tests/milestone_3141_phase1_ledger.rs;workspaces/worth-ui/crates/worth-ui-certification/tests/milestone_3141_phase1_ledger/phase_progression.rs;workspaces/worth-ui/crates/worth-ui-certification/tests/milestone_3141_phase1_ledger/mutation_tests.rs;workspaces/worth-ui/docs/text-platform.md;workspaces/worth-ui/crates/worth-ui/examples/text_platform.rs;workspaces/worth-ui/crates/worth-ui/src/lib.rs;workspaces/worth-ui/crates/worth-ui/src/facade/app.rs;workspaces/worth-ui/crates/worth-ui/src/facade/declaration.rs;scripts/ci/worth_ui_3141_p5_proofs.py;scripts/ci/worth_ui_3141_p5_proof_builders.py;scripts/ci/worth_ui_3141_p5_source_owners.py;scripts/ci/worth_ui_3141_p5_source_worlds.py;scripts/ci/close_worth_ui_3141_ledger.py;scripts/ci/worth_ui_ledger_acceptance.py;scripts/ci/worth_ui_ledger_closure_selection.py;scripts/ci/verify_worth_ui_3141_ledger.py;scripts/ci/worth_ui_3141_proof_plan.py;scripts/ci/worth_ui_ledger_command.py;scripts/ci/worth_ui_ledger_artifact_transaction.py;scripts/ci/worth_ui_ledger_causal_revalidation.py;scripts/ci/worth_ui_ledger_closure_storage.py;scripts/ci/worth_ui_ledger_durable_receipts.py;scripts/ci/worth_ui_ledger_runner_authentication.py;scripts/ci/worth_ui_ledger_row_cache.py;scripts/ci/worth_ui_ledger_row_execution.py;scripts/ci/worth_ui_ledger_execution_cache.py;scripts/ci/worth_ui_ledger_governed_snapshot.py;scripts/ci/worth_ui_ledger_portfolio_snapshot.py;scripts/ci/worth_ui_ledger_portfolio_executions.py;scripts/ci/worth_ui_ledger_retained_portfolio.py;scripts/ci/worth_ui_ledger_source_state.py;scripts/ci/worth_ui_predecessor_causal_refresh.py;scripts/ci/worth_ui_predecessor_candidate.py;scripts/ci/worth_ui_predecessor_refresh_order.py;scripts/ci/worth_ui_predecessor_handoff.py;scripts/ci/worth_ui_ledger_public_example.py;scripts/ci/worth_ui_ledger_phase_five_portfolio.py;scripts/ci/test_worth_ui_ledger_causal_revalidation.py;scripts/ci/test_worth_ui_ledger_phase_selection.py;scripts/ci/test_worth_ui_ledger_retained_portfolio.py;scripts/ci/test_worth_ui_predecessor_causal_refresh.py;workspaces/worth-ui/crates/worth-ui-certification/tests/milestone_3141_phase1_ledger/result_artifact_cost.rs;plans/worth-ui/milestone-3.14.1.md;plans/worth-ui/milestone-3.14.1-phase-5.md;plans/worth-ui/milestone-3.14.1-phase-5-implementation-plan.md;plans/worth-ui/worth_ui_roadmap.md,worth-ui-global-text-v2,cec6005c5baef6d69ada9c30c02ced25b0f253f80c012784fe925e307935c3f2,worth-ui-windows-dx12-v1,1c937a22f42660267480a055e48256b25decf0c4cd5d4d7b493e5df034c6c65b,harfrust=0.12.0;harfrust-features=std;read-fonts=0.41.0;read-fonts-features=std+experimental_traverse;icu-segmenter=2.2.0;skrifa=0.44.0;skrifa-features=std;kurbo=0.13.1;kurbo-features=default+serde+std;linesweeper=0.4.0;linesweeper-features=none;icu-segmenter-features=compiled_data+auto;unicode-bidi=0.3.18;unicode-bidi-features=std;unicode-segmentation=1.13.3;protocol=5;text-profile=worth-ui-global-text-v2;qualification=closed,requirements=12,not-applicable,not-applicable,OPEN,supersedes:57357fa638b3f7e9c2b5b23ccf154b9dd7285765cad2a0f3bdd4ea3ab7044de2,false,not-bound
6,P6-PREDECESSOR-01,worth-ui-certification,current Phase 1-5 source handoff,phase-six-ledger-world,1,operational-revalidation,worth-ui-ledger-evidence-v3,a0dfb071145ee2531be8ca2fb52489185b88e13412bdb5b0231d424e6d5cdd9d,stale-phase-five-source,not-applicable,worth_ui_certification::phase_six_ledger,workspaces/worth-ui/crates/worth-ui-certification/tests/milestone_3141_phase1_ledger/predecessor_artifact.rs::validate,workspaces/worth-ui/crates/worth-ui-certification/tests/milestone_3141_phase1_ledger/predecessor_handoff.rs::phase_six_predecessor_handoff_is_current,family=stale-predecessor;case=stale-phase-five-source,predecessor-handoff-source-binding,plans/worth-ui/milestone-3.14.1-evidence/p6-predecessor-01.json,not-applicable,main-tests=55;hostile-controls=57;product-processes=54;compile-sessions=2;courtroom-worlds=66,executed-tests=114;presentations=207,python scripts/ci/run_worth_ui_ledger_test.py --manifest-path workspaces/worth-ui/Cargo.toml --package worth-ui-certification --test topology_contracts --test-name milestone_3141_phase1_ledger::predecessor_handoff::phase_six_predecessor_handoff_is_current --control-package worth-ui-certification --control-test application_contracts --control-test-name phase6_native_lifecycle::predecessor_control::predecessor_handoff_mutation_is_rejected --requirement P6-PREDECESSOR-01 --source workspaces/worth-ui/crates/worth-ui-certification/tests/milestone_3141_phase1_ledger/predecessor_handoff.rs --source workspaces/worth-ui/crates/worth-ui-certification/tests/milestone_3141_phase1_ledger/predecessor_artifact.rs --source plans/worth-ui/milestone-3.14.1-evidence/p6-predecessor-handoff.json --source workspaces/worth-ui/crates/worth-ui-certification/tests/application_contracts/phase6_native_lifecycle/predecessor_control.rs --source workspaces/worth-ui/crates/worth-ui-certification/tests/application_contracts/phase6_native_lifecycle/mutation_receipt.rs --artifact plans/worth-ui/milestone-3.14.1-evidence/p6-predecessor-01.json,0,not-run,plans/worth-ui/milestone-3.14.1-evidence/p6-predecessor-01.json,not-bound,not-bound,not-bound,not-bound,workspaces/worth-ui/crates/worth-ui-certification/tests/milestone_3141_phase1_ledger/predecessor_handoff.rs;workspaces/worth-ui/crates/worth-ui-certification/tests/milestone_3141_phase1_ledger/predecessor_artifact.rs;plans/worth-ui/milestone-3.14.1-evidence/p6-predecessor-handoff.json;workspaces/worth-ui/crates/worth-ui-certification/tests/application_contracts/phase6_native_lifecycle/predecessor_control.rs;workspaces/worth-ui/crates/worth-ui-certification/tests/application_contracts/phase6_native_lifecycle/mutation_receipt.rs,worth-ui-body-default-v1,6f140249866e6815e9284fe1c8c959a8bb1b8cab252cfbe8c7c397f9a7eb9b01,worth-ui-windows-dx12-v1,a0dfb071145ee2531be8ca2fb52489185b88e13412bdb5b0231d424e6d5cdd9d,pollster=0.4.0;winit=0.30.13;winit-features=rwh_06;wgpu=29.0.4;wgpu-features=std+parking_lot+dx12+wgsl;xcap=0.9.7;xcap-features=wgc;winsafe=0.0.28;winsafe-host-features=user;winsafe-pulse-features=dwm+kernel+user;uiautomation=0.25.0;uiautomation-features=control+input+screenshot;win32job=2.0.3;native-pointer=GetMessagePos+event-ordered-client-origin+low16-wrapping;protocol=4,requirements=80,not-applicable,not-applicable,OPEN,invalidation:plans/worth-ui/milestone-3.14.1-evidence/invalidations/p6/6dbc3dbe71dac1cfaba14274dbf8004997775fdaba2ad01c5daeddd1277f3fea.json@79c0af6cb6724bee35578820b594c18175385342cb431dc912f34e743aa13f6c;supersedes:922a1afc8a9fc406a9d257e359b0a9f9386c3c21703f589f2f3dc72fcdd16676,false,not-bound
6,P6-INPUT-AFFINITY-01,worth-ui-host-native,native last-completed-presentation affinity and bounded retention,native-lifecycle-protocol-world,1,runtime-model,worth-ui-ledger-evidence-v3,a0dfb071145ee2531be8ca2fb52489185b88e13412bdb5b0231d424e6d5cdd9d,current-coordinate-retargeting,not-applicable,worth_ui_host_native::native::input::observation,workspaces/worth-ui/crates/worth-ui-host-native/src/native/input/observation.rs::record_completed_presentation,workspaces/worth-ui/crates/worth-ui-host-native/src/native/input/observation/tests.rs::completed_affinity_and_event_profile_are_carried_in_order,family=input-affinity;case=current-coordinate-retargeting,input-admission-presentation-affinity,plans/worth-ui/milestone-3.14.1-evidence/p6-input-affinity-01.json,not-applicable,main-tests=1;hostile-controls=1;product-processes=0;compile-sessions=0;courtroom-worlds=0,executed-tests=2;presentations=0,python scripts/ci/run_worth_ui_ledger_test.py --manifest-path workspaces/worth-ui/Cargo.toml --package worth-ui-host-native --lib --test-name native::input::observation::tests::completed_affinity_and_event_profile_are_carried_in_order --control-package worth-ui-certification --control-test application_contracts --control-test-name phase6_native_lifecycle::input_affinity_control::input_affinity_mutation_is_rejected --requirement P6-INPUT-AFFINITY-01 --source workspaces/worth-ui/crates/worth-ui-host-native/src/native/input/observation/tests.rs --source workspaces/worth-ui/crates/worth-ui-host-native/src/native/input/observation.rs --source workspaces/worth-ui/crates/worth-ui-host-native/src/native/input/observation/admission.rs --source workspaces/worth-ui/crates/worth-ui-host-native/src/native/input/observation/retention.rs --source workspaces/worth-ui/crates/worth-ui-host-native/src/native/input/event_pointer.rs --source workspaces/worth-ui/crates/worth-ui-host-native/src/native/input/pointer.rs --source workspaces/worth-ui/crates/worth-ui-certification/tests/application_contracts/phase6_native_lifecycle/protocol_world.rs --source workspaces/worth-ui/crates/worth-ui-certification/tests/application_contracts/phase6_native_lifecycle/production_world.rs --source workspaces/worth-ui/crates/worth-ui-host-native/src/native/lifecycle_protocol.rs --source workspaces/worth-ui/crates/worth-ui-host-native/src/native/lifecycle_protocol/phase.rs --source workspaces/worth-ui/crates/worth-ui-host-native/src/native/lifecycle_protocol/presentation.rs --source workspaces/worth-ui/crates/worth-ui-host-native/src/native/lifecycle_protocol/transition.rs --source workspaces/worth-ui/crates/worth-ui-certification/tests/application_contracts/phase6_native_lifecycle/causal_mutation.rs --source workspaces/worth-ui/crates/worth-ui-certification/tests/application_contracts/phase6_native_lifecycle/mutation_receipt.rs --source workspaces/worth-ui/crates/worth-ui-certification/tests/application_contracts/phase6_native_lifecycle/input_affinity_control.rs --artifact plans/worth-ui/milestone-3.14.1-evidence/p6-input-affinity-01.json,0,not-run,plans/worth-ui/milestone-3.14.1-evidence/p6-input-affinity-01.json,not-bound,not-bound,not-bound,not-bound,workspaces/worth-ui/crates/worth-ui-host-native/src/native/input/observation/tests.rs;workspaces/worth-ui/crates/worth-ui-host-native/src/native/input/observation.rs;workspaces/worth-ui/crates/worth-ui-host-native/src/native/input/observation/admission.rs;workspaces/worth-ui/crates/worth-ui-host-native/src/native/input/observation/retention.rs;workspaces/worth-ui/crates/worth-ui-host-native/src/native/input/event_pointer.rs;workspaces/worth-ui/crates/worth-ui-host-native/src/native/input/pointer.rs;workspaces/worth-ui/crates/worth-ui-certification/tests/application_contracts/phase6_native_lifecycle/protocol_world.rs;workspaces/worth-ui/crates/worth-ui-certification/tests/application_contracts/phase6_native_lifecycle/production_world.rs;workspaces/worth-ui/crates/worth-ui-host-native/src/native/lifecycle_protocol.rs;workspaces/worth-ui/crates/worth-ui-host-native/src/native/lifecycle_protocol/phase.rs;workspaces/worth-ui/crates/worth-ui-host-native/src/native/lifecycle_protocol/presentation.rs;workspaces/worth-ui/crates/worth-ui-host-native/src/native/lifecycle_protocol/transition.rs;workspaces/worth-ui/crates/worth-ui-certification/tests/application_contracts/phase6_native_lifecycle/causal_mutation.rs;workspaces/worth-ui/crates/worth-ui-certification/tests/application_contracts/phase6_native_lifecycle/mutation_receipt.rs;workspaces/worth-ui/crates/worth-ui-certification/tests/application_contracts/phase6_native_lifecycle/input_affinity_control.rs,worth-ui-body-default-v1,6f140249866e6815e9284fe1c8c959a8bb1b8cab252cfbe8c7c397f9a7eb9b01,worth-ui-windows-dx12-v1,a0dfb071145ee2531be8ca2fb52489185b88e13412bdb5b0231d424e6d5cdd9d,pollster=0.4.0;winit=0.30.13;winit-features=rwh_06;wgpu=29.0.4;wgpu-features=std+parking_lot+dx12+wgsl;xcap=0.9.7;xcap-features=wgc;winsafe=0.0.28;winsafe-host-features=user;winsafe-pulse-features=dwm+kernel+user;uiautomation=0.25.0;uiautomation-features=control+input+screenshot;win32job=2.0.3;native-pointer=GetMessagePos+event-ordered-client-origin+low16-wrapping;protocol=4,observations=2,not-applicable,not-applicable,OPEN,invalidation:plans/worth-ui/milestone-3.14.1-evidence/invalidations/p6/6dbc3dbe71dac1cfaba14274dbf8004997775fdaba2ad01c5daeddd1277f3fea.json@79c0af6cb6724bee35578820b594c18175385342cb431dc912f34e743aa13f6c;supersedes:59f63f804deeffea2f95e43a4d1e656e6bc9b4c55674a6ed863ef695f529d1cf,false,not-bound
6,P6-IME-01,worth-ui-host-native,native IME composition phases and canonical ranges,native-lifecycle-protocol-world,1,ime-conformance,worth-ui-ledger-evidence-v3,a0dfb071145ee2531be8ca2fb52489185b88e13412bdb5b0231d424e6d5cdd9d,preedit-as-text-input,not-applicable,worth_ui_host_native::native::input::ime,workspaces/worth-ui/crates/worth-ui-host-native/src/native/input/event_ime.rs::observe_ime,workspaces/worth-ui/crates/worth-ui-host-native/src/native/input/observation/tests.rs::ime_keeps_preedit_commit_and_cancel_distinct_and_converts_bytes,family=ime-semantic-phase;case=preedit-as-text-input,ime-phase-classification,plans/worth-ui/milestone-3.14.1-evidence/p6-ime-01.json,not-applicable,main-tests=1;hostile-controls=1;product-processes=0;compile-sessions=0;courtroom-worlds=0,executed-tests=2;presentations=0,python scripts/ci/run_worth_ui_ledger_test.py --manifest-path workspaces/worth-ui/Cargo.toml --package worth-ui-host-native --lib --test-name native::input::observation::tests::ime_keeps_preedit_commit_and_cancel_distinct_and_converts_bytes --control-package worth-ui-certification --control-test application_contracts --control-test-name phase6_native_lifecycle::ime_control::ime_phase_mutation_is_rejected --requirement P6-IME-01 --source workspaces/worth-ui/crates/worth-ui-host-native/src/native/input/observation/tests.rs --source workspaces/worth-ui/crates/worth-ui-host-native/src/native/input/event_ime.rs --source workspaces/worth-ui/crates/worth-ui-host-native/src/native/input/text_ime.rs --source workspaces/worth-ui/crates/worth-ui-host-native/src/native/input/observation.rs --source workspaces/worth-ui/crates/worth-ui-host-native/src/native/input/observation/retention.rs --source workspaces/worth-ui/crates/worth-ui-certification/tests/application_contracts/phase6_native_lifecycle/protocol_world.rs --source workspaces/worth-ui/crates/worth-ui-certification/tests/application_contracts/phase6_native_lifecycle/production_world.rs --source workspaces/worth-ui/crates/worth-ui-host-native/src/native/lifecycle_protocol.rs --source workspaces/worth-ui/crates/worth-ui-host-native/src/native/lifecycle_protocol/phase.rs --source workspaces/worth-ui/crates/worth-ui-host-native/src/native/lifecycle_protocol/presentation.rs --source workspaces/worth-ui/crates/worth-ui-host-native/src/native/lifecycle_protocol/transition.rs --source workspaces/worth-ui/crates/worth-ui-certification/tests/application_contracts/phase6_native_lifecycle/ime_control.rs --source workspaces/worth-ui/crates/worth-ui-certification/tests/application_contracts/phase6_native_lifecycle/mutation_receipt.rs --artifact plans/worth-ui/milestone-3.14.1-evidence/p6-ime-01.json,0,not-run,plans/worth-ui/milestone-3.14.1-evidence/p6-ime-01.json,not-bound,not-bound,not-bound,not-bound,workspaces/worth-ui/crates/worth-ui-host-native/src/native/input/observation/tests.rs;workspaces/worth-ui/crates/worth-ui-host-native/src/native/input/event_ime.rs;workspaces/worth-ui/crates/worth-ui-host-native/src/native/input/text_ime.rs;workspaces/worth-ui/crates/worth-ui-host-native/src/native/input/observation.rs;workspaces/worth-ui/crates/worth-ui-host-native/src/native/input/observation/retention.rs;workspaces/worth-ui/crates/worth-ui-certification/tests/application_contracts/phase6_native_lifecycle/protocol_world.rs;workspaces/worth-ui/crates/worth-ui-certification/tests/application_contracts/phase6_native_lifecycle/production_world.rs;workspaces/worth-ui/crates/worth-ui-host-native/src/native/lifecycle_protocol.rs;workspaces/worth-ui/crates/worth-ui-host-native/src/native/lifecycle_protocol/phase.rs;workspaces/worth-ui/crates/worth-ui-host-native/src/native/lifecycle_protocol/presentation.rs;workspaces/worth-ui/crates/worth-ui-host-native/src/native/lifecycle_protocol/transition.rs;workspaces/worth-ui/crates/worth-ui-certification/tests/application_contracts/phase6_native_lifecycle/ime_control.rs;workspaces/worth-ui/crates/worth-ui-certification/tests/application_contracts/phase6_native_lifecycle/mutation_receipt.rs,worth-ui-body-default-v1,6f140249866e6815e9284fe1c8c959a8bb1b8cab252cfbe8c7c397f9a7eb9b01,worth-ui-windows-dx12-v1,a0dfb071145ee2531be8ca2fb52489185b88e13412bdb5b0231d424e6d5cdd9d,pollster=0.4.0;winit=0.30.13;winit-features=rwh_06;wgpu=29.0.4;wgpu-features=std+parking_lot+dx12+wgsl;xcap=0.9.7;xcap-features=wgc;winsafe=0.0.28;winsafe-host-features=user;winsafe-pulse-features=dwm+kernel+user;uiautomation=0.25.0;uiautomation-features=control+input+screenshot;win32job=2.0.3;native-pointer=GetMessagePos+event-ordered-client-origin+low16-wrapping;protocol=4,ime-phases=3,not-applicable,not-applicable,OPEN,invalidation:plans/worth-ui/milestone-3.14.1-evidence/invalidations/p6/6dbc3dbe71dac1cfaba14274dbf8004997775fdaba2ad01c5daeddd1277f3fea.json@79c0af6cb6724bee35578820b594c18175385342cb431dc912f34e743aa13f6c;supersedes:2df13ba4fb9a5f60227b41b161e8f58e0ce5d0f6e9b584d5e9d6951f8975c668,false,not-bound
6,P6-POINTER-TIME-01,worth-ui-host-native,event-time pointer position witness,windows-native-boundary-world,1,event-time-input,worth-ui-ledger-evidence-v3,a0dfb071145ee2531be8ca2fb52489185b88e13412bdb5b0231d424e6d5cdd9d,post-delivery-cursor-proxy,not-applicable,worth_ui_host_native::native::input::windows,workspaces/worth-ui/crates/worth-ui-host-native/src/native/input/event_pointer.rs::observe,workspaces/worth-ui/crates/worth-ui-host-native/src/native/input/observation/phase6_tests.rs::button_event_uses_the_event_time_position_witness,family=pointer-time;case=post-delivery-cursor-proxy,pointer-event-time-witness,plans/worth-ui/milestone-3.14.1-evidence/p6-pointer-time-01.json,not-applicable,main-tests=1;hostile-controls=1;product-processes=0;compile-sessions=0;courtroom-worlds=0,executed-tests=2;presentations=0,python scripts/ci/run_worth_ui_ledger_test.py --manifest-path workspaces/worth-ui/Cargo.toml --package worth-ui-host-native --lib --test-name native::input::observation::phase6_tests::button_event_uses_the_event_time_position_witness --control-package worth-ui-certification --control-test application_contracts --control-test-name phase6_native_lifecycle::pointer_time_control::pointer_time_mutation_is_rejected --requirement P6-POINTER-TIME-01 --source workspaces/worth-ui/crates/worth-ui-host-native/src/native/input/observation/phase6_tests.rs --source workspaces/worth-ui/crates/worth-ui-host-native/src/native/input/event_pointer.rs --source workspaces/worth-ui/crates/worth-ui-host-native/src/native/input/pointer.rs --source workspaces/worth-ui/crates/worth-ui-host-native/src/native/platform/windows.rs --source workspaces/worth-ui/crates/worth-ui-certification/tests/application_contracts/phase6_native_lifecycle/protocol_world.rs --source workspaces/worth-ui/crates/worth-ui-certification/tests/application_contracts/phase6_native_lifecycle/production_world.rs --source workspaces/worth-ui/crates/worth-ui-host-native/src/native/lifecycle_protocol.rs --source workspaces/worth-ui/crates/worth-ui-host-native/src/native/lifecycle_protocol/phase.rs --source workspaces/worth-ui/crates/worth-ui-host-native/src/native/lifecycle_protocol/presentation.rs --source workspaces/worth-ui/crates/worth-ui-host-native/src/native/lifecycle_protocol/transition.rs --source workspaces/worth-ui/crates/worth-ui-certification/tests/application_contracts/phase6_native_lifecycle/causal_mutation.rs --source workspaces/worth-ui/crates/worth-ui-certification/tests/application_contracts/phase6_native_lifecycle/pointer_time_control.rs --source workspaces/worth-ui/crates/worth-ui-certification/tests/application_contracts/phase6_native_lifecycle/mutation_receipt.rs --artifact plans/worth-ui/milestone-3.14.1-evidence/p6-pointer-time-01.json,0,not-run,plans/worth-ui/milestone-3.14.1-evidence/p6-pointer-time-01.json,not-bound,not-bound,not-bound,not-bound,workspaces/worth-ui/crates/worth-ui-host-native/src/native/input/observation/phase6_tests.rs;workspaces/worth-ui/crates/worth-ui-host-native/src/native/input/event_pointer.rs;workspaces/worth-ui/crates/worth-ui-host-native/src/native/input/pointer.rs;workspaces/worth-ui/crates/worth-ui-host-native/src/native/platform/windows.rs;workspaces/worth-ui/crates/worth-ui-certification/tests/application_contracts/phase6_native_lifecycle/protocol_world.rs;workspaces/worth-ui/crates/worth-ui-certification/tests/application_contracts/phase6_native_lifecycle/production_world.rs;workspaces/worth-ui/crates/worth-ui-host-native/src/native/lifecycle_protocol.rs;workspaces/worth-ui/crates/worth-ui-host-native/src/native/lifecycle_protocol/phase.rs;workspaces/worth-ui/crates/worth-ui-host-native/src/native/lifecycle_protocol/presentation.rs;workspaces/worth-ui/crates/worth-ui-host-native/src/native/lifecycle_protocol/transition.rs;workspaces/worth-ui/crates/worth-ui-certification/tests/application_contracts/phase6_native_lifecycle/causal_mutation.rs;workspaces/worth-ui/crates/worth-ui-certification/tests/application_contracts/phase6_native_lifecycle/pointer_time_control.rs;workspaces/worth-ui/crates/worth-ui-certification/tests/application_contracts/phase6_native_lifecycle/mutation_receipt.rs,worth-ui-body-default-v1,6f140249866e6815e9284fe1c8c959a8bb1b8cab252cfbe8c7c397f9a7eb9b01,worth-ui-windows-dx12-v1,a0dfb071145ee2531be8ca2fb52489185b88e13412bdb5b0231d424e6d5cdd9d,pollster=0.4.0;winit=0.30.13;winit-features=rwh_06;wgpu=29.0.4;wgpu-features=std+parking_lot+dx12+wgsl;xcap=0.9.7;xcap-features=wgc;winsafe=0.0.28;winsafe-host-features=user;winsafe-pulse-features=dwm+kernel+user;uiautomation=0.25.0;uiautomation-features=control+input+screenshot;win32job=2.0.3;native-pointer=GetMessagePos+event-ordered-client-origin+low16-wrapping;protocol=4,pointer-witnesses=1,not-applicable,not-applicable,OPEN,invalidation:plans/worth-ui/milestone-3.14.1-evidence/invalidations/p6/6dbc3dbe71dac1cfaba14274dbf8004997775fdaba2ad01c5daeddd1277f3fea.json@79c0af6cb6724bee35578820b594c18175385342cb431dc912f34e743aa13f6c;supersedes:b81943eb3dd350e468cea4b76cbf0c9143c6ac1afe8239793d4d2e0520515b50,false,not-bound
6,P6-PROFILE-ORDER-01,worth-ui-host-native,event-time profile and resize ordering,native-lifecycle-protocol-world,1,runtime-model,worth-ui-ledger-evidence-v3,a0dfb071145ee2531be8ca2fb52489185b88e13412bdb5b0231d424e6d5cdd9d,synthetic-event-time,not-applicable,worth_ui_host_native::native::input::observation,workspaces/worth-ui/crates/worth-ui-host-native/src/native/input/observation.rs::observe_profile_transition_at,workspaces/worth-ui/crates/worth-ui-host-native/src/native/input/observation/phase6_tests.rs::resize_observation_keeps_the_resize_event_tick_after_completion,family=profile-order;case=synthetic-event-time,profile-transition-admission,plans/worth-ui/milestone-3.14.1-evidence/p6-profile-order-01.json,not-applicable,main-tests=1;hostile-controls=1;product-processes=0;compile-sessions=0;courtroom-worlds=0,executed-tests=2;presentations=0,python scripts/ci/run_worth_ui_ledger_test.py --manifest-path workspaces/worth-ui/Cargo.toml --package worth-ui-host-native --lib --test-name native::input::observation::phase6_tests::resize_observation_keeps_the_resize_event_tick_after_completion --control-package worth-ui-certification --control-test application_contracts --control-test-name phase6_native_lifecycle::profile_order_control::profile_order_mutation_is_rejected --requirement P6-PROFILE-ORDER-01 --source workspaces/worth-ui/crates/worth-ui-host-native/src/native/input/observation/phase6_tests.rs --source workspaces/worth-ui/crates/worth-ui-host-native/src/native/input/observation.rs --source workspaces/worth-ui/crates/worth-ui-host-native/src/native/input/profile.rs --source workspaces/worth-ui/crates/worth-ui-host-native/src/native/input/observation/retention.rs --source workspaces/worth-ui/crates/worth-ui-certification/tests/application_contracts/phase6_native_lifecycle/protocol_world.rs --source workspaces/worth-ui/crates/worth-ui-certification/tests/application_contracts/phase6_native_lifecycle/production_world.rs --source workspaces/worth-ui/crates/worth-ui-host-native/src/native/lifecycle_protocol.rs --source workspaces/worth-ui/crates/worth-ui-host-native/src/native/lifecycle_protocol/phase.rs --source workspaces/worth-ui/crates/worth-ui-host-native/src/native/lifecycle_protocol/presentation.rs --source workspaces/worth-ui/crates/worth-ui-host-native/src/native/lifecycle_protocol/transition.rs --source workspaces/worth-ui/crates/worth-ui-certification/tests/application_contracts/phase6_native_lifecycle/causal_mutation.rs --source workspaces/worth-ui/crates/worth-ui-certification/tests/application_contracts/phase6_native_lifecycle/profile_order_control.rs --source workspaces/worth-ui/crates/worth-ui-certification/tests/application_contracts/phase6_native_lifecycle/mutation_receipt.rs --artifact plans/worth-ui/milestone-3.14.1-evidence/p6-profile-order-01.json,0,not-run,plans/worth-ui/milestone-3.14.1-evidence/p6-profile-order-01.json,not-bound,not-bound,not-bound,not-bound,workspaces/worth-ui/crates/worth-ui-host-native/src/native/input/observation/phase6_tests.rs;workspaces/worth-ui/crates/worth-ui-host-native/src/native/input/observation.rs;workspaces/worth-ui/crates/worth-ui-host-native/src/native/input/profile.rs;workspaces/worth-ui/crates/worth-ui-host-native/src/native/input/observation/retention.rs;workspaces/worth-ui/crates/worth-ui-certification/tests/application_contracts/phase6_native_lifecycle/protocol_world.rs;workspaces/worth-ui/crates/worth-ui-certification/tests/application_contracts/phase6_native_lifecycle/production_world.rs;workspaces/worth-ui/crates/worth-ui-host-native/src/native/lifecycle_protocol.rs;workspaces/worth-ui/crates/worth-ui-host-native/src/native/lifecycle_protocol/phase.rs;workspaces/worth-ui/crates/worth-ui-host-native/src/native/lifecycle_protocol/presentation.rs;workspaces/worth-ui/crates/worth-ui-host-native/src/native/lifecycle_protocol/transition.rs;workspaces/worth-ui/crates/worth-ui-certification/tests/application_contracts/phase6_native_lifecycle/causal_mutation.rs;workspaces/worth-ui/crates/worth-ui-certification/tests/application_contracts/phase6_native_lifecycle/profile_order_control.rs;workspaces/worth-ui/crates/worth-ui-certification/tests/application_contracts/phase6_native_lifecycle/mutation_receipt.rs,worth-ui-body-default-v1,6f140249866e6815e9284fe1c8c959a8bb1b8cab252cfbe8c7c397f9a7eb9b01,worth-ui-windows-dx12-v1,a0dfb071145ee2531be8ca2fb52489185b88e13412bdb5b0231d424e6d5cdd9d,pollster=0.4.0;winit=0.30.13;winit-features=rwh_06;wgpu=29.0.4;wgpu-features=std+parking_lot+dx12+wgsl;xcap=0.9.7;xcap-features=wgc;winsafe=0.0.28;winsafe-host-features=user;winsafe-pulse-features=dwm+kernel+user;uiautomation=0.25.0;uiautomation-features=control+input+screenshot;win32job=2.0.3;native-pointer=GetMessagePos+event-ordered-client-origin+low16-wrapping;protocol=4,profile-transitions=1,not-applicable,not-applicable,OPEN,invalidation:plans/worth-ui/milestone-3.14.1-evidence/invalidations/p6/6dbc3dbe71dac1cfaba14274dbf8004997775fdaba2ad01c5daeddd1277f3fea.json@79c0af6cb6724bee35578820b594c18175385342cb431dc912f34e743aa13f6c;supersedes:5c960fee7b00faab8e781e73c7608bc387491650f643a920c5932c701ef08f1f,false,not-bound
6,P6-READINESS-01,worth-ui-host-native,retained-observation readiness delivery,native-lifecycle-protocol-world,1,lifecycle-model,worth-ui-ledger-evidence-v3,a0dfb071145ee2531be8ca2fb52489185b88e13412bdb5b0231d424e6d5cdd9d,silent-level-wake,not-applicable,worth_ui_host_native::native::readiness,workspaces/worth-ui/crates/worth-ui-host-native/src/native/readiness.rs::signal_level_ready,workspaces/worth-ui/crates/worth-ui-host-native/src/native/readiness.rs::physical_level_wake_coalesces_until_the_event_thread_consumes_it,family=readiness-delivery;case=silent-level-wake,readiness-commit-signal-consume,plans/worth-ui/milestone-3.14.1-evidence/p6-readiness-01.json,not-applicable,main-tests=1;hostile-controls=1;product-processes=0;compile-sessions=0;courtroom-worlds=0,executed-tests=2;presentations=0,python scripts/ci/run_worth_ui_ledger_test.py --manifest-path workspaces/worth-ui/Cargo.toml --package worth-ui-host-native --lib --test-name native::readiness::tests::physical_level_wake_coalesces_until_the_event_thread_consumes_it --control-package worth-ui-certification --control-test application_contracts --control-test-name phase6_native_lifecycle::readiness_control::readiness_mutation_is_rejected --requirement P6-READINESS-01 --source workspaces/worth-ui/crates/worth-ui-host-native/src/native/readiness.rs --source workspaces/worth-ui/crates/worth-ui-host-native/src/native/event_loop/application_handler.rs --source workspaces/worth-ui/crates/worth-ui-host-native/src/native/event_loop/run.rs --source workspaces/worth-ui/crates/worth-ui-host-native/src/native/lifecycle_protocol.rs --source workspaces/worth-ui/crates/worth-ui-host-native/src/native/lifecycle_protocol/phase.rs --source workspaces/worth-ui/crates/worth-ui-host-native/src/native/lifecycle_protocol/presentation.rs --source workspaces/worth-ui/crates/worth-ui-host-native/src/native/lifecycle_protocol/transition.rs --source workspaces/worth-ui/crates/worth-ui-certification/tests/application_contracts/phase6_native_lifecycle/readiness_control.rs --source workspaces/worth-ui/crates/worth-ui-certification/tests/application_contracts/phase6_native_lifecycle/mutation_receipt.rs --artifact plans/worth-ui/milestone-3.14.1-evidence/p6-readiness-01.json,0,not-run,plans/worth-ui/milestone-3.14.1-evidence/p6-readiness-01.json,not-bound,not-bound,not-bound,not-bound,workspaces/worth-ui/crates/worth-ui-host-native/src/native/readiness.rs;workspaces/worth-ui/crates/worth-ui-host-native/src/native/event_loop/application_handler.rs;workspaces/worth-ui/crates/worth-ui-host-native/src/native/event_loop/run.rs;workspaces/worth-ui/crates/worth-ui-host-native/src/native/lifecycle_protocol.rs;workspaces/worth-ui/crates/worth-ui-host-native/src/native/lifecycle_protocol/phase.rs;workspaces/worth-ui/crates/worth-ui-host-native/src/native/lifecycle_protocol/presentation.rs;workspaces/worth-ui/crates/worth-ui-host-native/src/native/lifecycle_protocol/transition.rs;workspaces/worth-ui/crates/worth-ui-certification/tests/application_contracts/phase6_native_lifecycle/readiness_control.rs;workspaces/worth-ui/crates/worth-ui-certification/tests/application_contracts/phase6_native_lifecycle/mutation_receipt.rs,worth-ui-body-default-v1,6f140249866e6815e9284fe1c8c959a8bb1b8cab252cfbe8c7c397f9a7eb9b01,worth-ui-windows-dx12-v1,a0dfb071145ee2531be8ca2fb52489185b88e13412bdb5b0231d424e6d5cdd9d,pollster=0.4.0;winit=0.30.13;winit-features=rwh_06;wgpu=29.0.4;wgpu-features=std+parking_lot+dx12+wgsl;xcap=0.9.7;xcap-features=wgc;winsafe=0.0.28;winsafe-host-features=user;winsafe-pulse-features=dwm+kernel+user;uiautomation=0.25.0;uiautomation-features=control+input+screenshot;win32job=2.0.3;native-pointer=GetMessagePos+event-ordered-client-origin+low16-wrapping;protocol=4,readiness-generations=2,not-applicable,not-applicable,OPEN,invalidation:plans/worth-ui/milestone-3.14.1-evidence/invalidations/p6/6dbc3dbe71dac1cfaba14274dbf8004997775fdaba2ad01c5daeddd1277f3fea.json@79c0af6cb6724bee35578820b594c18175385342cb431dc912f34e743aa13f6c;supersedes:b3139165de35ea9d6ed0a93ffa1ad6297b72d1c2c9ca516c4d429c0a688e1b3f,false,not-bound
6,P6-SETTLEMENT-01,worth-ui-runtime,typed native observation ingress settlement,native-lifecycle-protocol-world,1,integration-model,worth-ui-ledger-evidence-v3,a0dfb071145ee2531be8ca2fb52489185b88e13412bdb5b0231d424e6d5cdd9d,generic-error-for-typed-settlement,not-applicable,worth_ui_runtime::facade::entry::native_observation_settlement,workspaces/worth-ui/crates/worth-ui-runtime/src/facade/entry/native_observation_settlement.rs::from_outcomes,workspaces/worth-ui/crates/worth-ui-runtime/src/facade/entry/native_observation_tests.rs::native_observation_ready_path_drains_through_runtime_interaction_owner,family=typed-settlement;case=generic-error-for-typed-settlement,typed-settlement-outcome-mapping,plans/worth-ui/milestone-3.14.1-evidence/p6-settlement-01.json,not-applicable,main-tests=1;hostile-controls=1;product-processes=0;compile-sessions=0;courtroom-worlds=0,executed-tests=2;presentations=0,python scripts/ci/run_worth_ui_ledger_test.py --manifest-path workspaces/worth-ui/Cargo.toml --package worth-ui-runtime --lib --test-name facade::entry::native_observation_tests::native_observation_ready_path_drains_through_runtime_interaction_owner --control-package worth-ui-certification --control-test application_contracts --control-test-name phase6_native_lifecycle::settlement_control::settlement_mutation_is_rejected --requirement P6-SETTLEMENT-01 --source workspaces/worth-ui/crates/worth-ui-runtime/src/facade/entry/native_observation_tests.rs --source workspaces/worth-ui/crates/worth-ui-runtime/src/facade/entry/native_observation_settlement.rs --source workspaces/worth-ui/crates/worth-ui-runtime/src/facade/entry/interaction.rs --source workspaces/worth-ui/crates/worth-ui-runtime/src/facade/entry/native_application_shell.rs --source workspaces/worth-ui/crates/worth-ui-runtime/src/native_platform/application_driver.rs --source workspaces/worth-ui/crates/worth-ui-certification/tests/application_contracts/phase6_native_lifecycle/protocol_world.rs --source workspaces/worth-ui/crates/worth-ui-certification/tests/application_contracts/phase6_native_lifecycle/production_world.rs --source workspaces/worth-ui/crates/worth-ui-host-native/src/native/lifecycle_protocol.rs --source workspaces/worth-ui/crates/worth-ui-host-native/src/native/lifecycle_protocol/phase.rs --source workspaces/worth-ui/crates/worth-ui-host-native/src/native/lifecycle_protocol/presentation.rs --source workspaces/worth-ui/crates/worth-ui-host-native/src/native/lifecycle_protocol/transition.rs --source workspaces/worth-ui/crates/worth-ui-certification/tests/application_contracts/phase6_native_lifecycle/causal_mutation.rs --source workspaces/worth-ui/crates/worth-ui-certification/tests/application_contracts/phase6_native_lifecycle/settlement_control.rs --source workspaces/worth-ui/crates/worth-ui-certification/tests/application_contracts/phase6_native_lifecycle/mutation_receipt.rs --artifact plans/worth-ui/milestone-3.14.1-evidence/p6-settlement-01.json,0,not-run,plans/worth-ui/milestone-3.14.1-evidence/p6-settlement-01.json,not-bound,not-bound,not-bound,not-bound,workspaces/worth-ui/crates/worth-ui-runtime/src/facade/entry/native_observation_tests.rs;workspaces/worth-ui/crates/worth-ui-runtime/src/facade/entry/native_observation_settlement.rs;workspaces/worth-ui/crates/worth-ui-runtime/src/facade/entry/interaction.rs;workspaces/worth-ui/crates/worth-ui-runtime/src/facade/entry/native_application_shell.rs;workspaces/worth-ui/crates/worth-ui-runtime/src/native_platform/application_driver.rs;workspaces/worth-ui/crates/worth-ui-certification/tests/application_contracts/phase6_native_lifecycle/protocol_world.rs;workspaces/worth-ui/crates/worth-ui-certification/tests/application_contracts/phase6_native_lifecycle/production_world.rs;workspaces/worth-ui/crates/worth-ui-host-native/src/native/lifecycle_protocol.rs;workspaces/worth-ui/crates/worth-ui-host-native/src/native/lifecycle_protocol/phase.rs;workspaces/worth-ui/crates/worth-ui-host-native/src/native/lifecycle_protocol/presentation.rs;workspaces/worth-ui/crates/worth-ui-host-native/src/native/lifecycle_protocol/transition.rs;workspaces/worth-ui/crates/worth-ui-certification/tests/application_contracts/phase6_native_lifecycle/causal_mutation.rs;workspaces/worth-ui/crates/worth-ui-certification/tests/application_contracts/phase6_native_lifecycle/settlement_control.rs;workspaces/worth-ui/crates/worth-ui-certification/tests/application_contracts/phase6_native_lifecycle/mutation_receipt.rs,worth-ui-body-default-v1,6f140249866e6815e9284fe1c8c959a8bb1b8cab252cfbe8c7c397f9a7eb9b01,worth-ui-windows-dx12-v1,a0dfb071145ee2531be8ca2fb52489185b88e13412bdb5b0231d424e6d5cdd9d,pollster=0.4.0;winit=0.30.13;winit-features=rwh_06;wgpu=29.0.4;wgpu-features=std+parking_lot+dx12+wgsl;xcap=0.9.7;xcap-features=wgc;winsafe=0.0.28;winsafe-host-features=user;winsafe-pulse-features=dwm+kernel+user;uiautomation=0.25.0;uiautomation-features=control+input+screenshot;win32job=2.0.3;native-pointer=GetMessagePos+event-ordered-client-origin+low16-wrapping;protocol=4,settlement-outcomes=1,not-applicable,not-applicable,OPEN,invalidation:plans/worth-ui/milestone-3.14.1-evidence/invalidations/p6/6dbc3dbe71dac1cfaba14274dbf8004997775fdaba2ad01c5daeddd1277f3fea.json@79c0af6cb6724bee35578820b594c18175385342cb431dc912f34e743aa13f6c;supersedes:7aa95438ec5c6b60af7f5b50fa05125a722a62668623a559dc22f313956b38ea,false,not-bound
6,P6-PROTOCOL-WORLD-01,worth-ui-certification,exhaustive native lifecycle schedule,native-lifecycle-protocol-world,1,exhaustive-oracle,worth-ui-ledger-evidence-v3,a0dfb071145ee2531be8ca2fb52489185b88e13412bdb5b0231d424e6d5cdd9d,oracle-substitution,not-applicable,worth_ui_certification::application_contracts::phase6_native_lifecycle,workspaces/worth-ui/crates/worth-ui-host-native/src/native/lifecycle_protocol.rs::observe_window_event_at,workspaces/worth-ui/crates/worth-ui-certification/tests/application_contracts/phase6_native_lifecycle/protocol_world.rs::native_lifecycle_protocol_world_matches_independent_oracle_for_all_schedules,family=oracle;case=oracle-substitution,protocol-production-oracle-comparison,plans/worth-ui/milestone-3.14.1-evidence/p6-protocol-world-01.json,terminal,main-tests=1;hostile-controls=1;product-processes=0;compile-sessions=0;courtroom-worlds=0,executed-tests=2;presentations=0,python scripts/ci/run_worth_ui_ledger_test.py --manifest-path workspaces/worth-ui/Cargo.toml --package worth-ui-certification --test application_contracts --test-name phase6_native_lifecycle::protocol_world::native_lifecycle_protocol_world_matches_independent_oracle_for_all_schedules --control-package worth-ui-certification --control-test application_contracts --control-test-name phase6_native_lifecycle::protocol_control::oracle_substitution_mutation_is_rejected --requirement P6-PROTOCOL-WORLD-01 --source workspaces/worth-ui/crates/worth-ui-certification/tests/application_contracts/phase6_native_lifecycle/protocol_world.rs --source workspaces/worth-ui/crates/worth-ui-certification/tests/application_contracts/phase6_native_lifecycle/production_world.rs --source workspaces/worth-ui/crates/worth-ui-certification/tests/application_contracts/phase6_native_lifecycle/schedule_inventory.rs --source workspaces/worth-ui/crates/worth-ui-certification/tests/application_contracts/phase6_native_lifecycle/oracle.rs --source workspaces/worth-ui/crates/worth-ui-host-native/src/native/lifecycle_protocol.rs --source workspaces/worth-ui/crates/worth-ui-host-native/src/native/lifecycle_protocol/phase.rs --source workspaces/worth-ui/crates/worth-ui-host-native/src/native/lifecycle_protocol/presentation.rs --source workspaces/worth-ui/crates/worth-ui-host-native/src/native/lifecycle_protocol/transition.rs --source workspaces/worth-ui/crates/worth-ui-certification/tests/application_contracts/phase6_native_lifecycle/causal_mutation.rs --source workspaces/worth-ui/crates/worth-ui-certification/tests/application_contracts/phase6_native_lifecycle/protocol_control.rs --source workspaces/worth-ui/crates/worth-ui-certification/tests/application_contracts/phase6_native_lifecycle/mutation_receipt.rs --artifact plans/worth-ui/milestone-3.14.1-evidence/p6-protocol-world-01.json,0,not-run,plans/worth-ui/milestone-3.14.1-evidence/p6-protocol-world-01.json,not-bound,not-bound,not-bound,not-bound,workspaces/worth-ui/crates/worth-ui-certification/tests/application_contracts/phase6_native_lifecycle/protocol_world.rs;workspaces/worth-ui/crates/worth-ui-certification/tests/application_contracts/phase6_native_lifecycle/production_world.rs;workspaces/worth-ui/crates/worth-ui-certification/tests/application_contracts/phase6_native_lifecycle/schedule_inventory.rs;workspaces/worth-ui/crates/worth-ui-certification/tests/application_contracts/phase6_native_lifecycle/oracle.rs;workspaces/worth-ui/crates/worth-ui-host-native/src/native/lifecycle_protocol.rs;workspaces/worth-ui/crates/worth-ui-host-native/src/native/lifecycle_protocol/phase.rs;workspaces/worth-ui/crates/worth-ui-host-native/src/native/lifecycle_protocol/presentation.rs;workspaces/worth-ui/crates/worth-ui-host-native/src/native/lifecycle_protocol/transition.rs;workspaces/worth-ui/crates/worth-ui-certification/tests/application_contracts/phase6_native_lifecycle/causal_mutation.rs;workspaces/worth-ui/crates/worth-ui-certification/tests/application_contracts/phase6_native_lifecycle/protocol_control.rs;workspaces/worth-ui/crates/worth-ui-certification/tests/application_contracts/phase6_native_lifecycle/mutation_receipt.rs,worth-ui-body-default-v1,6f140249866e6815e9284fe1c8c959a8bb1b8cab252cfbe8c7c397f9a7eb9b01,worth-ui-windows-dx12-v1,a0dfb071145ee2531be8ca2fb52489185b88e13412bdb5b0231d424e6d5cdd9d,pollster=0.4.0;winit=0.30.13;winit-features=rwh_06;wgpu=29.0.4;wgpu-features=std+parking_lot+dx12+wgsl;xcap=0.9.7;xcap-features=wgc;winsafe=0.0.28;winsafe-host-features=user;winsafe-pulse-features=dwm+kernel+user;uiautomation=0.25.0;uiautomation-features=control+input+screenshot;win32job=2.0.3;native-pointer=GetMessagePos+event-ordered-client-origin+low16-wrapping;protocol=4,protocol-schedules=177,not-applicable,not-applicable,OPEN,invalidation:plans/worth-ui/milestone-3.14.1-evidence/invalidations/p6/6dbc3dbe71dac1cfaba14274dbf8004997775fdaba2ad01c5daeddd1277f3fea.json@79c0af6cb6724bee35578820b594c18175385342cb431dc912f34e743aa13f6c;supersedes:02aae4f5c48b8b0f3db9a0503c1f972605dc5cd26655e748d5eddb5e4a0cf61e,false,not-bound
6,P6-WINDOWS-WORLD-01,worth-ui-certification,serialized Windows native input boundary,windows-native-boundary-world,1,external-world,worth-ui-ledger-evidence-v3,a0dfb071145ee2531be8ca2fb52489185b88e13412bdb5b0231d424e6d5cdd9d,get-cursor-pos-production-proxy,not-applicable,worth_ui_platform_pulse::native_phase6,workspaces/worth-ui/crates/worth-ui-host-native/src/native/platform/windows.rs::decode_client_position,workspaces/worth-ui/apps/platform-pulse/tests/executable_world/courtroom/native_phase6.rs::windows_native_boundary_world_retains_click_time_pointer_after_cursor_moves,family=pointer-source;case=get-cursor-pos-production-proxy,windows-message-position-witness,plans/worth-ui/milestone-3.14.1-evidence/p6-windows-world-01.json,terminal,main-tests=1;hostile-controls=1;product-processes=1;compile-sessions=0;courtroom-worlds=1,executed-tests=2;presentations=1,python scripts/ci/run_worth_ui_ledger_test.py --manifest-path workspaces/worth-ui/Cargo.toml --package worth-ui-platform-pulse --test executable_world --features executable-world --test-name courtroom::native_phase6::windows_native_boundary_world_retains_click_time_pointer_after_cursor_moves --control-package worth-ui-certification --control-test application_contracts --control-test-name phase6_native_lifecycle::windows_control::windows_pointer_source_mutation_is_rejected --requirement P6-WINDOWS-WORLD-01 --source workspaces/worth-ui/apps/platform-pulse/tests/executable_world/courtroom/native_phase6.rs --source workspaces/worth-ui/apps/platform-pulse/src/main.rs --source workspaces/worth-ui/apps/platform-pulse/src/native_phase6_evidence.rs --source workspaces/worth-ui/apps/platform-pulse/tests/executable_world/product_process/launch.rs --source workspaces/worth-ui/apps/platform-pulse/tests/executable_world/native_platform/windows.rs --source workspaces/worth-ui/apps/platform-pulse/tests/executable_world/native_platform/windows/input_delivery.rs --source workspaces/worth-ui/apps/platform-pulse/tests/executable_world/native_platform/windows/input_environment.rs --source workspaces/worth-ui/crates/worth-ui-host-native/src/native/platform/windows.rs --source workspaces/worth-ui/crates/worth-ui-host-native/src/native/event_loop/application_handler.rs --source workspaces/worth-ui/crates/worth-ui-host-native/src/native/event_loop/window_port.rs --source workspaces/worth-ui/crates/worth-ui-host-native/src/prepared_host.rs --source workspaces/worth-ui/crates/worth-ui-host-native/src/native/mechanics_adapter.rs --source workspaces/worth-ui/crates/worth-ui-host-native/src/native/mechanics_adapter/presentation.rs --source workspaces/worth-ui/crates/worth-ui-runtime/src/facade/entry/native_observation_settlement.rs --source workspaces/worth-ui/crates/worth-ui-runtime/src/facade/entry/native_application_shell.rs --source workspaces/worth-ui/crates/worth-ui-runtime/src/native_platform/application_driver.rs --source workspaces/worth-ui/crates/worth-ui-host-native/profiles/worth-ui-windows-dx12-v1.toml --source workspaces/worth-ui/crates/worth-ui-certification/tests/application_contracts/phase6_native_lifecycle/protocol_world.rs --source workspaces/worth-ui/crates/worth-ui-certification/tests/application_contracts/phase6_native_lifecycle/production_world.rs --source workspaces/worth-ui/crates/worth-ui-host-native/src/native/lifecycle_protocol.rs --source workspaces/worth-ui/crates/worth-ui-host-native/src/native/lifecycle_protocol/phase.rs --source workspaces/worth-ui/crates/worth-ui-host-native/src/native/lifecycle_protocol/presentation.rs --source workspaces/worth-ui/crates/worth-ui-host-native/src/native/lifecycle_protocol/transition.rs --source workspaces/worth-ui/crates/worth-ui-certification/tests/application_contracts/phase6_native_lifecycle/causal_mutation.rs --source workspaces/worth-ui/crates/worth-ui-certification/tests/application_contracts/phase6_native_lifecycle/windows_control.rs --artifact plans/worth-ui/milestone-3.14.1-evidence/p6-windows-world-01.json,0,not-run,plans/worth-ui/milestone-3.14.1-evidence/p6-windows-world-01.json,not-bound,not-bound,not-bound,not-bound,workspaces/worth-ui/apps/platform-pulse/tests/executable_world/courtroom/native_phase6.rs;workspaces/worth-ui/apps/platform-pulse/src/main.rs;workspaces/worth-ui/apps/platform-pulse/src/native_phase6_evidence.rs;workspaces/worth-ui/apps/platform-pulse/tests/executable_world/product_process/launch.rs;workspaces/worth-ui/apps/platform-pulse/tests/executable_world/native_platform/windows.rs;workspaces/worth-ui/apps/platform-pulse/tests/executable_world/native_platform/windows/input_delivery.rs;workspaces/worth-ui/apps/platform-pulse/tests/executable_world/native_platform/windows/input_environment.rs;workspaces/worth-ui/crates/worth-ui-host-native/src/native/platform/windows.rs;workspaces/worth-ui/crates/worth-ui-host-native/src/native/event_loop/application_handler.rs;workspaces/worth-ui/crates/worth-ui-host-native/src/native/event_loop/window_port.rs;workspaces/worth-ui/crates/worth-ui-host-native/src/prepared_host.rs;workspaces/worth-ui/crates/worth-ui-host-native/src/native/mechanics_adapter.rs;workspaces/worth-ui/crates/worth-ui-host-native/src/native/mechanics_adapter/presentation.rs;workspaces/worth-ui/crates/worth-ui-runtime/src/facade/entry/native_observation_settlement.rs;workspaces/worth-ui/crates/worth-ui-runtime/src/facade/entry/native_application_shell.rs;workspaces/worth-ui/crates/worth-ui-runtime/src/native_platform/application_driver.rs;workspaces/worth-ui/crates/worth-ui-host-native/profiles/worth-ui-windows-dx12-v1.toml;workspaces/worth-ui/crates/worth-ui-certification/tests/application_contracts/phase6_native_lifecycle/protocol_world.rs;workspaces/worth-ui/crates/worth-ui-certification/tests/application_contracts/phase6_native_lifecycle/production_world.rs;workspaces/worth-ui/crates/worth-ui-host-native/src/native/lifecycle_protocol.rs;workspaces/worth-ui/crates/worth-ui-host-native/src/native/lifecycle_protocol/phase.rs;workspaces/worth-ui/crates/worth-ui-host-native/src/native/lifecycle_protocol/presentation.rs;workspaces/worth-ui/crates/worth-ui-host-native/src/native/lifecycle_protocol/transition.rs;workspaces/worth-ui/crates/worth-ui-certification/tests/application_contracts/phase6_native_lifecycle/causal_mutation.rs;workspaces/worth-ui/crates/worth-ui-certification/tests/application_contracts/phase6_native_lifecycle/windows_control.rs,worth-ui-body-default-v1,6f140249866e6815e9284fe1c8c959a8bb1b8cab252cfbe8c7c397f9a7eb9b01,worth-ui-windows-dx12-v1,a0dfb071145ee2531be8ca2fb52489185b88e13412bdb5b0231d424e6d5cdd9d,pollster=0.4.0;winit=0.30.13;winit-features=rwh_06;wgpu=29.0.4;wgpu-features=std+parking_lot+dx12+wgsl;xcap=0.9.7;xcap-features=wgc;winsafe=0.0.28;winsafe-host-features=user;winsafe-pulse-features=dwm+kernel+user;uiautomation=0.25.0;uiautomation-features=control+input+screenshot;win32job=2.0.3;native-pointer=GetMessagePos+event-ordered-client-origin+low16-wrapping;protocol=4,pointer-witnesses=1,not-applicable,not-applicable,OPEN,invalidation:plans/worth-ui/milestone-3.14.1-evidence/invalidations/p6/6dbc3dbe71dac1cfaba14274dbf8004997775fdaba2ad01c5daeddd1277f3fea.json@79c0af6cb6724bee35578820b594c18175385342cb431dc912f34e743aa13f6c;supersedes:90b24a0fba8f4d3dc8bd666fbb73e89e0445a52e68871ac13c8ffa668f58378f,false,not-bound
6,P6-CLOSE-01,worth-ui-certification,phase six final source closure,phase-six-ledger-world,1,ledger-closure,worth-ui-ledger-evidence-v3,a0dfb071145ee2531be8ca2fb52489185b88e13412bdb5b0231d424e6d5cdd9d,open-requirement,not-applicable,worth_ui_certification::phase_six_ledger,workspaces/worth-ui/crates/worth-ui-certification/tests/milestone_3141_phase1_ledger/phase_closure.rs::validate_phase_closure,workspaces/worth-ui/crates/worth-ui-certification/tests/milestone_3141_phase1_ledger.rs::phase_six_closure_requires_every_predecessor_and_phase_six_row,family=ledger;case=open-requirement,phase-six-closure-source-prefix,plans/worth-ui/milestone-3.14.1-evidence/p6-close-01.json,not-applicable,main-tests=1;hostile-controls=1;product-processes=0;compile-sessions=0;courtroom-worlds=0,executed-tests=2;presentations=0,python scripts/ci/run_worth_ui_ledger_test.py --manifest-path workspaces/worth-ui/Cargo.toml --package worth-ui-certification --test topology_contracts --test-name milestone_3141_phase1_ledger::phase_six_closure_requires_every_predecessor_and_phase_six_row --control-package worth-ui-certification --control-test application_contracts --control-test-name phase6_native_lifecycle::close_control::close_requirement_mutation_is_rejected --requirement P6-CLOSE-01 --source workspaces/worth-ui/crates/worth-ui-certification/tests/milestone_3141_phase1_ledger.rs --source workspaces/worth-ui/crates/worth-ui-certification/tests/milestone_3141_phase1_ledger/phase_closure.rs --source workspaces/worth-ui/crates/worth-ui-host-native/src/native/event_loop/close_request.rs --source workspaces/worth-ui/crates/worth-ui-host-native/src/native/event_loop/finish.rs --source workspaces/worth-ui/crates/worth-ui-host-native/src/native/event_loop/application_handler.rs --source workspaces/worth-ui/crates/worth-ui-host-native/src/native/input/observation/retention.rs --source workspaces/worth-ui/crates/worth-ui-certification/tests/application_contracts/phase6_native_lifecycle/protocol_world.rs --source workspaces/worth-ui/crates/worth-ui-certification/tests/application_contracts/phase6_native_lifecycle/production_world.rs --source workspaces/worth-ui/crates/worth-ui-host-native/src/native/lifecycle_protocol.rs --source workspaces/worth-ui/crates/worth-ui-host-native/src/native/lifecycle_protocol/phase.rs --source workspaces/worth-ui/crates/worth-ui-host-native/src/native/lifecycle_protocol/presentation.rs --source workspaces/worth-ui/crates/worth-ui-host-native/src/native/lifecycle_protocol/transition.rs --source workspaces/worth-ui/crates/worth-ui-certification/tests/application_contracts/phase6_native_lifecycle/close_control.rs --source workspaces/worth-ui/crates/worth-ui-certification/tests/application_contracts/phase6_native_lifecycle/mutation_receipt.rs --artifact plans/worth-ui/milestone-3.14.1-evidence/p6-close-01.json,0,not-run,plans/worth-ui/milestone-3.14.1-evidence/p6-close-01.json,not-bound,not-bound,not-bound,not-bound,workspaces/worth-ui/crates/worth-ui-certification/tests/milestone_3141_phase1_ledger.rs;workspaces/worth-ui/crates/worth-ui-certification/tests/milestone_3141_phase1_ledger/phase_closure.rs;workspaces/worth-ui/crates/worth-ui-host-native/src/native/event_loop/close_request.rs;workspaces/worth-ui/crates/worth-ui-host-native/src/native/event_loop/finish.rs;workspaces/worth-ui/crates/worth-ui-host-native/src/native/event_loop/application_handler.rs;workspaces/worth-ui/crates/worth-ui-host-native/src/native/input/observation/retention.rs;workspaces/worth-ui/crates/worth-ui-certification/tests/application_contracts/phase6_native_lifecycle/protocol_world.rs;workspaces/worth-ui/crates/worth-ui-certification/tests/application_contracts/phase6_native_lifecycle/production_world.rs;workspaces/worth-ui/crates/worth-ui-host-native/src/native/lifecycle_protocol.rs;workspaces/worth-ui/crates/worth-ui-host-native/src/native/lifecycle_protocol/phase.rs;workspaces/worth-ui/crates/worth-ui-host-native/src/native/lifecycle_protocol/presentation.rs;workspaces/worth-ui/crates/worth-ui-host-native/src/native/lifecycle_protocol/transition.rs;workspaces/worth-ui/crates/worth-ui-certification/tests/application_contracts/phase6_native_lifecycle/close_control.rs;workspaces/worth-ui/crates/worth-ui-certification/tests/application_contracts/phase6_native_lifecycle/mutation_receipt.rs,worth-ui-body-default-v1,6f140249866e6815e9284fe1c8c959a8bb1b8cab252cfbe8c7c397f9a7eb9b01,worth-ui-windows-dx12-v1,a0dfb071145ee2531be8ca2fb52489185b88e13412bdb5b0231d424e6d5cdd9d,pollster=0.4.0;winit=0.30.13;winit-features=rwh_06;wgpu=29.0.4;wgpu-features=std+parking_lot+dx12+wgsl;xcap=0.9.7;xcap-features=wgc;winsafe=0.0.28;winsafe-host-features=user;winsafe-pulse-features=dwm+kernel+user;uiautomation=0.25.0;uiautomation-features=control+input+screenshot;win32job=2.0.3;native-pointer=GetMessagePos+event-ordered-client-origin+low16-wrapping;protocol=4,requirements=10,not-applicable,not-applicable,OPEN,none,false,not-bound
